Team,Player_Number,Player_Name,Conference,Games,MPG,MIN,PTS,PPG,FGM,FGA,FG%,3PM,3PA,3P%,FTM,FTA,FT%,OREB,DREB,REB,AST,STL,BLK,TOV,PF,eFG%,TS%,USG%,ORtg,PTS/100,3PA/100,ORB%,DRB%,TRB%,AST%,STL%,BLK%,TOV%,FTr,BPM,OBPM,DBPM,RIM_ATT,RIM_MADE,RIM%,OTD_2PT_ATT,OTD_2PT_MADE,OTD_2PT%,OTD_3PT_ATT,OTD_3PT_MADE,OTD_3PT%,PASS_TO,DRIBBLE_TO,DEFENSE_TO,MISC_TO,RIM_ATT_VS,RIM_MADE_VS,RIM%_VS,OTD_2PT_ATT_VS,OTD_2PT_MADE_VS,OTD_2PT%_VS,OTD_3PT_ATT_VS,OTD_3PT_MADE_VS,OTD_3PT%_VS,PASS_TO_VS,DRIBBLE_TO_VS,DEFENSE_TO_VS,MISC_TO_VS
London Lions,15,Chaundee Brown Jr,,2,25.4,50.7,31,15.5,12,17,70.6,2,4,50.0,5,5,100.0,3,10,13,2,1,0,2,2,76.5,80.7,19.9,146.2,20.9,2.7,7.6,22.2,15.4,6.6,1.1,0.0,9.4,0.29,11.53,5.97,5.56,6,5,83.3,7,5,71.4,4,2,50,1,1,0,0,0,0,0,0,0,0,0,0,0,0,0,0,0
London Lions,21,Aaryndeep Rai,,1,26.1,26.1,7,7.0,3,5,60.0,1,1,100.0,0,1,0.0,3,4,7,1,2,3,2,3,70.0,64.3,12.9,94.1,9.9,1.4,12.1,19.8,15.6,5.2,4.4,12.4,26.9,0.2,11.51,3.07,8.44,4,2,50,0,0,0,1,1,100,1,1,0,0,0,0,0,0,0,0,0,0,0,0,0,0,0
London Lions,1,Joel Scott,,9,23.9,214.9,150,16.7,59,100,59.0,12,26,46.2,20,28,71.4,24,27,51,8,9,2,7,18,65.0,66.8,26.3,125.7,23.0,4.0,13.7,14.2,14.0,7.4,2.3,1.0,5.9,0.28,11.13,6.02,5.11,60,38,63.3,14,9,64.3,26,12,46.2,2,4,0,1,0,0,0,0,0,0,0,0,0,0,0,0,0
Leicester Riders,13,Donald Carey Jr,,13,32.7,424.5,217,16.7,67,145,46.2,28,68,41.2,55,62,88.7,6,46,52,94,20,0,49,23,55.9,63.0,23.6,98.1,21.5,6.7,1.5,11.6,6.6,37.1,2.4,0.0,22.1,0.43,9.08,4.92,4.15,47,26,55.3,30,13,43.3,68,28,41.2,28,18,0,3,0,0,0,0,0,0,0,0,0,0,0,0,0
Bristol Flyers,22,Joseph Anderson,,21,30.6,642.2,276,13.1,103,247,41.7,45,142,31.7,25,34,73.5,10,43,53,103,40,1,32,25,50.8,52.7,20.9,93.9,17.3,8.9,1.6,7.1,4.3,29.6,3.3,0.2,10.9,0.14,9.07,3.95,5.12,56,38,67.9,49,20,40.8,142,45,31.7,22,8,0,2,0,0,0,0,0,0,0,0,0,0,0,0,0
London Lions,33,Shavar Reynolds Jr,,11,22.5,247.5,116,10.5,38,81,46.9,11,20,55.0,29,31,93.5,8,13,21,54,6,1,17,25,53.7,61.3,21.5,103.9,14.6,2.5,3.8,5.9,4.9,37.0,1.3,0.5,15.2,0.38,9.01,3.5,5.51,25,15,60,36,12,33.3,20,11,55,14,3,0,0,0,0,0,0,0,0,0,0,0,0,0,0,0
Cheshire Phoenix,13,Patrick Robinson,,20,24.6,492.1,378,18.9,131,223,58.7,16,42,38.1,100,139,71.9,25,51,76,77,18,2,43,33,62.3,66.5,27.7,115.5,22.8,2.5,4.9,10.9,7.8,27.5,1.8,0.4,13.1,0.62,8.99,6.59,2.4,130,92,70.8,51,23,45.1,42,16,38.1,16,20,0,7,0,0,0,0,0,0,0,0,0,0,0,0,0
B. Braun Sheffield Sharks,1,Dirk Williams,,19,31.8,603.9,286,15.1,105,225,46.7,47,116,40.5,29,37,78.4,9,69,78,57,19,18,23,35,57.1,59.3,20.0,108.2,19.5,7.9,1.6,11.3,6.7,15.9,1.6,3.2,8.7,0.16,8.77,5.14,3.62,60,38,63.3,49,20,40.8,116,47,40.5,10,9,0,4,0,0,0,0,0,0,0,0,0,0,0,0,0
Caledonia Gladiators,10,Ria'n Holland,,1,32.1,32.1,15,15.0,3,6,50.0,3,5,60.0,6,7,85.7,0,5,5,1,2,0,1,2,75.0,82.6,14.4,148.8,18.9,6.3,0.0,14.8,8.5,4.3,3.1,0.0,9.9,1.17,7.91,4.38,3.52,0,0,0,1,0,0,5,3,60,1,0,0,0,0,0,0,0,0,0,0,0,0,0,0,0,0
Surrey 89ers,12,Kino Lily Jr,,19,33.2,631.2,330,17.4,123,270,45.6,65,146,44.5,19,24,79.2,11,38,49,79,19,0,38,25,57.6,58.8,22.2,103.6,22.1,9.8,1.8,6.0,4.0,20.9,1.6,0.0,11.9,0.09,7.62,5.9,1.72,33,13,39.4,91,45,49.5,146,65,44.5,18,16,0,4,0,0,0,0,0,0,0,0,0,0,0,0,0
London Lions,6,Morayo Soluade,,7,15.2,106.2,36,5.1,13,26,50.0,10,21,47.6,0,0,0,4,8,12,11,8,0,4,8,69.2,69.2,13.8,120.0,7.2,4.2,4.8,8.7,6.9,15.5,4.1,0.0,13.3,0.0,7.34,2.23,5.11,4,2,50,1,1,100,21,10,47.6,3,0,0,1,0,0,0,0,0,0,0,0,0,0,0,0,0
Leicester Riders,21,Raequan Battle,,15,30.4,456.3,326,21.7,108,227,47.6,57,129,44.2,53,58,91.4,6,64,70,20,16,5,30,42,60.1,64.5,28.1,115.4,27.9,11.1,1.4,14.6,8.1,8.8,1.8,1.1,10.6,0.26,7.18,5.04,2.15,59,36,61,39,15,38.5,129,57,44.2,10,13,0,7,0,0,0,0,0,0,0,0,0,0,0,0,0
Surrey 89ers,10,Tyrin Lawrence,,6,28.4,170.2,105,17.5,37,64,57.8,7,22,31.8,24,28,85.7,3,21,24,21,7,0,18,11,63.3,68.8,25.2,111.3,22.1,4.6,2.2,11.5,7.5,20.0,2.1,0.0,19.1,0.44,6.92,4.18,2.75,23,18,78.3,18,11,61.1,22,7,31.8,10,6,0,2,0,0,0,0,0,0,0,0,0,0,0,0,0
Cheshire Phoenix,23,Jaxon Brenchley,,21,26.8,562.2,207,9.9,75,161,46.6,29,80,36.2,28,39,71.8,27,59,86,62,24,5,16,29,55.6,58.1,14.4,106.6,11.9,4.6,4.6,11.0,7.7,15.8,2.1,0.8,8.2,0.24,6.82,4.71,2.11,61,39,63.9,20,7,35,80,29,36.2,7,8,0,1,0,0,0,0,0,0,0,0,0,0,0,0,0
Surrey 89ers,7,Ronald Polite Iii,,19,29.5,559.8,282,14.8,101,213,47.4,15,63,23.8,65,84,77.4,20,58,78,122,18,6,50,51,50.9,56.4,23.5,94.0,18.9,4.2,3.7,10.3,7.1,35.6,1.7,1.0,16.7,0.39,6.8,3.79,3.01,80,59,73.8,70,27,38.6,63,15,23.8,19,19,1,11,0,0,0,0,0,0,0,0,0,0,0,0,0
B. Braun Sheffield Sharks,3,Rodney Chatman Iii,,19,24.6,467.7,263,13.8,79,190,41.6,34,83,41.0,71,90,78.9,10,55,65,88,22,2,44,47,50.5,57.3,26.7,96.1,18.0,5.7,2.3,11.6,7.2,31.5,2.4,0.5,16.1,0.47,6.74,3.39,3.35,65,33,50.8,42,12,28.6,83,34,41,30,9,0,5,0,0,0,0,0,0,0,0,0,0,0,0,0
Cheshire Phoenix,99,Skyler White,,21,24.8,520.6,280,13.3,94,212,44.3,57,141,40.4,35,50,70.0,26,79,105,38,19,13,22,63,57.8,59.8,20.5,109.4,16.1,8.1,4.8,16.0,10.1,11.2,1.8,2.3,8.6,0.24,6.61,4.77,1.84,30,19,63.3,40,17,42.5,141,57,40.4,7,12,0,3,0,0,0,0,0,0,0,0,0,0,0,0,0
London Lions,2,Chasson Jermar Randle,,13,19.2,249.6,117,9.0,40,82,48.8,21,52,40.4,16,17,94.1,4,24,28,23,5,1,14,27,61.6,65.4,20.0,113.1,12.5,5.6,1.8,10.4,6.3,16.8,1.1,0.5,13.5,0.21,6.33,2.0,4.33,23,17,73.9,7,2,28.6,52,21,40.4,9,3,0,2,0,0,0,0,0,0,0,0,0,0,0,0,0
Bristol Flyers,7,Cameron Holden,,20,29.4,587.3,189,9.4,64,160,40.0,12,40,30.0,49,92,53.3,52,60,112,94,36,6,40,55,43.8,47.1,18.7,78.6,12.5,2.6,9.0,11.0,9.9,27.2,3.3,1.1,16.6,0.57,6.31,1.49,4.82,102,45,44.1,18,7,38.9,40,12,30,27,8,0,5,0,0,0,0,0,0,0,0,0,0,0,0,0
Bristol Flyers,3,William Yoakum,,21,26.4,554.3,269,12.8,101,197,51.3,24,65,36.9,43,59,72.9,24,52,76,23,27,9,21,43,57.4,60.3,20.1,110.3,16.9,4.1,4.4,10.0,7.1,8.0,2.6,1.8,8.6,0.3,6.1,2.2,3.9,100,67,67,32,10,31.2,65,24,36.9,4,12,0,5,0,0,0,0,0,0,0,0,0,0,0,0,0
Newcastle Eagles,3,Ray'sean Taylor,,21,28.2,592.2,330,15.7,110,243,45.3,37,105,35.2,73,86,84.9,14,78,92,91,29,2,43,52,52.9,58.8,24.7,101.9,19.4,6.2,2.4,14.4,8.1,27.8,2.5,0.3,13.3,0.35,6.09,2.96,3.13,83,52,62.7,55,21,38.2,105,37,35.2,25,10,0,8,0,0,0,0,0,0,0,0,0,0,0,0,0
Manchester Basketball,0,Patrick Smith Jr,,17,25.2,428.3,204,12.0,73,164,44.5,35,83,42.2,23,28,82.1,15,44,59,64,15,4,28,26,55.2,57.8,21.4,99.8,15.3,6.2,3.5,10.5,7.0,23.5,1.8,0.9,13.7,0.17,6.03,4.67,1.36,34,19,55.9,47,19,40.4,83,35,42.2,14,9,0,5,0,0,0,0,0,0,0,0,0,0,0,0,0
London Lions,16,Karolis Lukosiunas,,9,17.4,156.3,64,7.1,22,46,47.8,20,39,51.3,0,0,0,1,11,12,10,8,0,10,20,69.6,69.6,17.3,114.3,9.8,6.0,0.8,7.5,4.4,10.6,2.8,0.0,17.9,0.0,5.98,1.45,4.53,1,1,100,6,1,16.7,39,20,51.3,6,2,0,2,0,0,0,0,0,0,0,0,0,0,0,0,0
London Lions,23,Kameron Mcgusty,,11,22.7,250.0,99,9.0,38,94,40.4,7,24,29.2,16,28,57.1,5,25,30,36,16,2,17,19,44.1,46.6,23.6,80.3,12.5,3.0,2.4,11.4,7.0,24.5,3.5,0.9,13.8,0.3,5.96,0.65,5.32,37,21,56.8,33,10,30.3,24,7,29.2,10,5,0,2,0,0,0,0,0,0,0,0,0,0,0,0,0
B. Braun Sheffield Sharks,4,William Lee,,19,19.7,373.8,161,8.5,61,113,54.0,23,51,45.1,16,25,64.0,25,91,116,17,14,19,11,36,64.2,64.9,16.5,119.3,11.0,3.5,7.3,24.1,16.1,7.5,1.9,5.5,8.1,0.22,5.94,2.81,3.12,38,32,84.2,24,6,25,51,23,45.1,3,5,0,3,0,0,0,0,0,0,0,0,0,0,0,0,0
Manchester Basketball,11,Jordan Johnson,,17,19.9,338.9,191,11.2,63,150,42.0,27,66,40.9,38,51,74.5,6,30,36,91,11,1,28,24,51.0,55.4,26.5,95.3,14.3,4.9,1.8,9.0,5.4,43.2,1.7,0.3,14.0,0.34,5.87,4.46,1.41,53,32,60.4,31,4,12.9,66,27,40.9,15,11,0,2,0,0,0,0,0,0,0,0,0,0,0,0,0
London Lions,22,Tarik Phillip,,19,18.6,353.2,136,7.2,41,111,36.9,10,40,25.0,44,56,78.6,16,48,64,64,22,2,38,32,41.4,50.1,23.5,78.3,9.9,2.9,5.4,15.3,10.4,29.0,3.4,0.7,21.9,0.5,5.72,0.54,5.18,50,24,48,21,7,33.3,40,10,25,20,13,0,5,0,0,0,0,0,0,0,0,0,0,0,0,0
Bristol Flyers,13,Owen Mccormack,,18,23.9,430.4,190,10.6,63,121,52.1,37,78,47.4,27,35,77.1,19,78,97,32,10,6,28,46,67.4,69.6,17.6,115.6,13.9,5.7,4.5,19.3,11.8,13.7,1.2,1.5,17.0,0.29,5.7,1.96,3.74,38,24,63.2,5,2,40,78,37,47.4,16,10,1,1,0,0,0,0,0,0,0,0,0,0,0,0,0
London Lions,21,Aaryn Rai,,19,22.1,420.2,116,6.1,48,95,50.5,11,35,31.4,9,22,40.9,32,74,106,24,14,4,17,34,56.3,55.4,13.9,95.3,8.4,2.5,9.1,19.4,14.5,9.2,1.8,1.1,14.0,0.23,5.61,1.01,4.6,49,33,67.3,11,4,36.4,35,11,31.4,4,8,1,4,0,0,0,0,0,0,0,0,0,0,0,0,0
London Lions,31,Deane Williams,,20,21.4,428.7,165,8.2,57,132,43.2,17,59,28.8,34,47,72.3,29,66,95,33,11,15,28,49,49.6,54.0,20.2,91.3,11.4,4.1,8.0,17.1,12.7,12.7,1.4,4.0,15.5,0.36,5.53,0.93,4.6,50,31,62,23,9,39.1,59,17,28.8,10,9,0,9,0,0,0,0,0,0,0,0,0,0,0,0,0
Caledonia Gladiators,10,Rian Holland,,13,29.9,389.2,148,11.4,52,121,43.0,11,38,28.9,33,42,78.6,14,39,53,58,37,1,26,32,47.5,53.1,19.4,89.4,15.1,3.9,3.8,10.8,7.3,24.9,5.1,0.2,15.7,0.35,5.52,1.53,3.99,39,23,59,44,18,40.9,38,11,28.9,11,13,0,2,0,0,0,0,0,0,0,0,0,0,0,0,0
Surrey 89ers,0,Isiah Small,,19,30.1,571.2,289,15.2,108,230,47.0,13,47,27.7,60,85,70.6,52,124,176,57,22,10,37,61,49.8,54.0,23.4,94.9,19.4,3.2,9.5,21.6,15.7,16.5,2.0,1.7,12.2,0.37,5.43,2.98,2.45,121,71,58.7,62,24,38.7,47,13,27.7,13,16,0,8,0,0,0,0,0,0,0,0,0,0,0,0,0
London Lions,5,Mohammad Al-Amin Abdul Adamu,,3,13.9,41.8,17,5.7,6,7,85.7,3,4,75.0,2,2,100.0,0,4,4,5,0,0,5,4,107.1,107.9,14.9,132.0,7.9,1.9,0.0,11.4,6.1,20.3,0.0,0.0,38.8,0.29,5.31,1.18,4.13,3,3,100,0,0,0,4,3,75,4,1,0,0,0,0,0,0,0,0,0,0,0,0,0,0,0
Bristol Flyers,4,Zachary Anderson,,21,30.2,634.8,208,9.9,75,188,39.9,35,105,33.3,23,34,67.6,13,92,105,45,17,15,21,24,49.2,51.2,16.1,92.9,13.1,6.6,2.1,15.5,8.6,12.1,1.4,2.6,9.4,0.18,5.26,1.58,3.68,48,29,60.4,34,10,29.4,105,35,33.3,13,6,0,2,0,0,0,0,0,0,0,0,0,0,0,0,0
Newcastle Eagles,15,Cole Long,,22,30.6,673.0,271,12.3,96,206,46.6,40,103,38.8,39,52,75.0,36,100,136,42,20,28,27,58,56.3,59.2,17.2,105.9,15.2,5.8,5.4,15.9,10.5,10.5,1.5,3.7,10.6,0.25,5.23,2.48,2.75,53,36,67.9,50,20,40,103,40,38.8,12,11,0,4,0,0,0,0,0,0,0,0,0,0,0,0,0
London Lions,13,Jonathan Williams,,14,21.1,295.2,132,9.4,57,97,58.8,0,2,0.0,18,31,58.1,23,39,62,19,12,8,29,36,58.8,59.7,22.8,94.5,13.2,0.2,9.2,14.9,12.2,12.1,2.2,3.1,20.8,0.32,5.17,0.38,4.8,78,51,65.4,17,6,35.3,2,0,0,8,10,1,10,0,0,0,0,0,0,0,0,0,0,0,0,0
London Lions,5,Amin Adamu,,15,20.8,311.6,138,9.2,56,113,49.6,15,41,36.6,11,15,73.3,11,29,40,32,10,0,24,34,56.2,57.7,22.0,96.1,12.6,3.8,4.1,10.3,7.3,18.5,1.8,0.0,16.7,0.13,5.17,0.92,4.25,35,22,62.9,37,19,51.4,41,15,36.6,15,8,0,1,0,0,0,0,0,0,0,0,0,0,0,0,0
London Lions,10,Ethan Price,,16,15.4,246.9,114,7.1,36,68,52.9,6,23,26.1,36,41,87.8,13,44,57,17,8,4,15,44,57.4,66.2,19.7,112.8,9.9,2.0,6.4,19.8,13.4,11.7,1.8,1.9,14.8,0.6,5.07,0.41,4.66,40,27,67.5,5,3,60,23,6,26.1,5,4,0,6,0,0,0,0,0,0,0,0,0,0,0,0,0
Cheshire Phoenix,5,Frankie Policelli,,20,22.8,456.5,237,11.8,75,187,40.1,50,135,37.0,37,45,82.2,22,92,114,15,22,8,25,47,53.5,57.3,21.2,102.2,14.3,8.1,4.6,21.4,12.6,5.0,2.3,1.6,10.8,0.24,4.83,3.43,1.4,25,14,56,27,11,40.7,135,50,37,9,8,0,8,0,0,0,0,0,0,0,0,0,0,0,0,0
Leicester Riders,2,Marc Loving,,9,30.2,271.7,103,11.4,37,89,41.6,13,36,36.1,16,18,88.9,9,34,43,18,10,6,7,13,48.9,53.1,17.3,99.1,14.9,5.2,3.6,14.0,8.7,10.8,1.9,2.2,6.7,0.2,4.51,2.39,2.12,31,16,51.6,22,8,36.4,36,13,36.1,4,3,0,0,0,0,0,0,0,0,0,0,0,0,0,0,0
Cheshire Phoenix,3,Laquincy Rideau,,21,25.8,541.4,203,9.7,69,182,37.9,21,68,30.9,44,61,72.1,31,60,91,105,40,3,60,85,43.7,48.6,20.7,75.5,11.7,3.9,5.5,11.7,8.4,27.5,3.6,0.5,22.3,0.34,4.48,1.68,2.8,80,38,47.5,33,9,27.3,68,21,30.9,28,11,0,21,0,0,0,0,0,0,0,0,0,0,0,0,0
Manchester Basketball,3,Gabriel Osbuhein,,11,20.5,226.0,73,6.6,29,62,46.8,0,2,0.0,15,28,53.6,26,30,56,45,16,6,17,37,46.8,49.1,18.0,79.9,8.4,0.2,11.3,13.7,12.5,29.3,3.6,2.5,18.6,0.45,4.38,2.06,2.31,47,27,57.4,12,2,16.7,2,0,0,10,5,0,2,0,0,0,0,0,0,0,0,0,0,0,0,0
London Lions,3,Ciaran Sandy,,17,12.2,207.0,63,3.7,22,51,43.1,7,24,29.2,12,20,60.0,5,27,32,12,12,7,5,24,50.0,52.7,15.0,97.2,5.1,2.0,2.9,14.6,9.0,9.1,3.2,3.9,7.7,0.39,4.29,-0.11,4.4,15,8,53.3,12,7,58.3,24,7,29.2,2,2,0,1,0,0,0,0,0,0,0,0,0,0,0,0,0
Manchester Basketball,9,Kaiyem Cleary,,17,24.0,408.0,224,13.2,78,175,44.6,26,81,32.1,42,46,91.3,18,54,72,24,8,11,17,35,52.0,57.4,23.3,105.5,16.8,6.1,4.5,13.5,8.9,9.5,1.0,2.5,8.0,0.26,4.19,3.66,0.53,51,34,66.7,43,18,41.9,81,26,32.1,3,10,0,4,0,0,0,0,0,0,0,0,0,0,0,0,0
Cheshire Phoenix,11,Tobias Cameron,,21,21.2,444.5,192,9.1,68,146,46.6,26,76,34.2,30,39,76.9,31,50,81,46,13,4,31,43,55.5,58.8,18.2,98.9,11.1,4.4,6.7,11.8,9.1,15.2,1.4,0.8,16.0,0.27,4.02,3.05,0.97,43,27,62.8,27,15,55.6,76,26,34.2,14,9,0,8,0,0,0,0,0,0,0,0,0,0,0,0,0
B. Braun Sheffield Sharks,2,Prentiss Nixon,,16,21.8,349.4,182,11.4,60,163,36.8,24,77,31.2,38,43,88.4,5,42,47,57,12,1,24,26,44.2,50.0,26.8,88.4,14.7,6.2,1.5,11.9,6.9,27.9,1.8,0.3,11.7,0.26,3.99,2.01,1.98,38,18,47.4,48,18,37.5,77,24,31.2,16,6,0,2,0,0,0,0,0,0,0,0,0,0,0,0,0
Manchester Basketball,34,Matthew Nicholson,,17,20.8,353.2,113,6.6,43,62,69.4,0,0,0,27,60,45.0,37,75,112,10,13,22,12,44,69.4,63.9,12.7,112.5,8.5,0.0,10.6,21.6,16.1,4.1,1.9,5.8,12.0,0.97,3.89,2.17,1.72,50,39,78,12,4,33.3,0,0,0,4,2,1,5,0,0,0,0,0,0,0,0,0,0,0,0,0
Manchester Basketball,2,Max Jones,,17,27.4,466.5,279,16.4,98,243,40.3,42,110,38.2,41,49,83.7,11,35,46,51,11,6,35,38,49.0,52.7,28.8,93.1,20.9,8.2,2.4,7.6,5.0,18.3,1.2,1.2,11.7,0.2,3.85,3.74,0.11,80,41,51.2,52,15,28.8,110,42,38.2,18,10,0,7,0,0,0,0,0,0,0,0,0,0,0,0,0
Manchester Basketball,22,Oluwaseyi Adetukasi,,17,25.4,431.4,177,10.4,66,118,55.9,21,44,47.7,24,29,82.8,16,51,67,13,12,2,18,29,64.8,67.7,15.5,119.0,13.2,3.3,3.7,12.0,7.9,4.6,1.4,0.4,12.1,0.25,3.8,3.14,0.67,49,34,69.4,25,11,44,44,21,47.7,6,6,0,6,0,0,0,0,0,0,0,0,0,0,0,0,0
Cheshire Phoenix,2,Michael Diggins,,21,24.9,521.9,245,11.7,97,209,46.4,26,83,31.3,25,35,71.4,35,64,99,20,11,15,23,43,52.6,54.6,19.8,99.0,14.1,4.8,6.4,12.9,9.5,5.9,1.0,2.7,9.3,0.17,3.8,3.15,0.65,87,60,69,39,11,28.2,83,26,31.3,8,9,0,6,0,0,0,0,0,0,0,0,0,0,0,0,0
Newcastle Eagles,25,Marco Anthony,,7,33.6,235.0,85,12.1,34,69,49.3,1,5,20.0,16,27,59.3,16,37,53,8,10,6,8,10,50.0,52.5,16.7,95.6,14.9,0.9,6.7,18.2,11.9,5.7,2.2,2.5,9.0,0.39,3.69,1.3,2.39,18,12,66.7,46,21,45.7,5,1,20,3,4,0,1,0,0,0,0,0,0,0,0,0,0,0,0,0
Surrey 89ers,21,Michael Graham,,19,21.2,403.6,169,8.9,77,135,57.0,0,1,0.0,15,34,44.1,52,94,146,16,11,20,19,28,57.0,56.3,18.4,100.0,11.3,0.1,13.4,23.2,18.4,6.6,1.4,4.7,11.2,0.25,3.45,2.03,1.42,104,64,61.5,30,13,43.3,1,0,0,9,7,0,3,0,0,0,0,0,0,0,0,0,0,0,0,0
London Lions,0,Ovie Soko,,6,11.7,70.0,31,5.2,11,16,68.8,0,0,0,9,10,90.0,2,13,15,3,5,0,10,11,68.8,76.0,20.8,102.0,7.2,0.0,3.3,22.9,12.7,7.7,3.9,0.0,32.9,0.62,3.44,-1.03,4.47,12,10,83.3,4,1,25,0,0,0,3,4,0,3,0,0,0,0,0,0,0,0,0,0,0,0,0
Leicester Riders,20,Spencer Johnson,,17,28.0,475.8,167,9.8,59,128,46.1,18,49,36.7,31,41,75.6,27,73,100,36,15,4,28,19,53.1,57.2,16.8,96.0,12.7,3.7,6.2,16.0,11.3,12.9,1.6,0.8,16.1,0.32,3.43,1.79,1.64,48,28,58.3,31,13,41.9,49,18,36.7,13,11,0,4,0,0,0,0,0,0,0,0,0,0,0,0,0
Newcastle Eagles,1,Terrell Burden Jr,,9,24.5,220.4,105,11.7,35,76,46.1,9,22,40.9,26,37,70.3,5,25,30,34,12,1,20,23,52.0,56.9,23.4,93.5,14.3,3.0,2.4,11.8,7.1,27.9,2.7,0.4,17.8,0.49,3.3,0.7,2.6,39,21,53.8,15,5,33.3,22,9,40.9,8,9,0,3,0,0,0,0,0,0,0,0,0,0,0,0,0
London Lions,11,Ryan Mikesell,,7,20.8,145.6,53,7.6,18,47,38.3,8,25,32.0,9,10,90.0,4,12,16,12,2,0,7,20,46.8,51.6,18.6,90.8,10.3,4.9,2.9,9.3,6.0,14.8,0.7,0.0,12.0,0.21,3.29,-0.18,3.47,13,6,46.2,9,4,44.4,25,8,32,3,2,0,2,0,0,0,0,0,0,0,0,0,0,0,0,0
Caledonia Gladiators,40,Ethan Wright,,18,26.1,470.6,244,13.6,93,206,45.1,28,87,32.2,30,37,81.1,30,69,99,42,30,5,40,40,51.9,54.9,25.3,93.0,17.8,6.3,6.7,15.5,11.1,16.6,3.4,1.0,15.3,0.18,3.19,1.46,1.73,102,60,58.8,17,5,29.4,87,28,32.2,21,15,0,4,0,0,0,0,0,0,0,0,0,0,0,0,0
Leicester Riders,3,Travis Evee,,17,22.7,385.6,168,9.9,53,129,41.1,29,73,39.7,33,42,78.6,5,26,31,57,20,1,39,23,52.3,57.0,22.2,90.1,12.8,5.6,1.4,7.1,4.3,25.7,2.7,0.3,20.9,0.33,3.13,1.35,1.78,38,18,47.4,18,6,33.3,73,29,39.7,18,13,0,8,0,0,0,0,0,0,0,0,0,0,0,0,0
Caledonia Gladiators,0,Kevin Allen,,12,24.6,295.5,205,17.1,79,136,58.1,0,4,0.0,47,54,87.0,25,57,82,20,4,4,30,21,58.1,64.2,29.8,108.0,22.5,0.4,9.8,20.4,15.3,14.3,0.7,1.3,15.8,0.4,3.05,2.24,0.81,82,58,70.7,50,21,42,4,0,0,14,10,0,6,0,0,0,0,0,0,0,0,0,0,0,0,0
Newcastle Eagles,99,Gus Okafor,,13,23.4,304.5,151,11.6,46,106,43.4,21,49,42.9,38,57,66.7,17,44,61,26,4,4,11,29,53.3,57.6,21.4,106.3,14.3,4.6,5.8,15.4,10.5,14.9,0.7,1.1,7.7,0.54,2.95,1.77,1.18,28,14,50,29,11,37.9,49,21,42.9,2,4,0,5,0,0,0,0,0,0,0,0,0,0,0,0,0
B. Braun Sheffield Sharks,23,Jalen Deloach,,19,18.5,350.6,149,7.8,57,96,59.4,3,13,23.1,32,63,50.8,27,73,100,27,8,15,28,51,60.9,60.2,19.8,98.2,10.2,0.9,8.4,20.6,14.8,12.7,1.2,4.6,18.5,0.66,2.88,0.57,2.31,60,44,73.3,23,10,43.5,13,3,23.1,7,11,1,9,0,0,0,0,0,0,0,0,0,0,0,0,0
B. Braun Sheffield Sharks,24,Nick Kern Jr,,19,20.8,394.4,209,11.0,80,152,52.6,1,12,8.3,48,82,58.5,19,61,80,41,11,7,37,42,53.0,55.6,26.1,92.9,14.3,0.8,5.2,15.3,10.5,18.4,1.4,1.9,16.4,0.54,2.66,0.69,1.97,93,56,60.2,47,23,48.9,12,1,8.3,15,14,0,8,0,0,0,0,0,0,0,0,0,0,0,0,0
Manchester Basketball,7,Zak Irvin,,16,17.7,283.2,90,5.6,41,74,55.4,3,10,30.0,5,8,62.5,16,53,69,18,15,0,10,16,57.4,58.0,13.9,102.8,7.2,0.8,5.7,19.3,12.5,9.6,2.7,0.0,11.4,0.11,2.41,1.62,0.79,46,29,63,18,9,50,10,3,30,2,3,0,5,0,0,0,0,0,0,0,0,0,0,0,0,0
B. Braun Sheffield Sharks,9,Jordan Ratinho,,19,26.1,495.3,86,4.5,32,70,45.7,13,37,35.1,9,16,56.2,20,36,56,24,19,4,17,43,55.0,55.8,8.7,91.5,5.9,2.5,4.4,7.2,5.9,6.9,2.0,0.9,18.1,0.23,2.26,0.15,2.11,29,18,62.1,4,1,25,37,13,35.1,7,5,0,5,0,0,0,0,0,0,0,0,0,0,0,0,0
London Lions,55,Matthew Goodwin,,17,7.5,126.9,38,2.2,12,30,40.0,7,20,35.0,7,7,100.0,4,13,17,7,3,1,10,16,51.7,57.4,16.3,88.2,3.1,1.6,3.8,11.2,7.7,8.6,1.3,0.9,23.2,0.23,2.26,-0.87,3.12,2,1,50,8,4,50,20,7,35,5,4,0,1,0,0,0,0,0,0,0,0,0,0,0,0,0
Caledonia Gladiators,24,Matthew Ragsdale,,18,27.4,492.9,263,14.6,100,234,42.7,53,147,36.1,10,11,90.9,4,36,40,25,10,1,19,22,54.1,55.1,23.8,102.0,19.2,10.7,0.9,7.7,4.3,9.6,1.1,0.2,7.4,0.05,2.03,2.32,-0.28,42,25,59.5,45,22,48.9,147,53,36.1,8,5,0,6,0,0,0,0,0,0,0,0,0,0,0,0,0
London Lions,8,Nigel Hawkins,,2,18.4,36.8,7,3.5,1,9,11.1,1,4,25.0,4,4,100.0,4,6,10,1,1,0,0,5,16.7,32.5,14.0,65.1,4.7,2.7,14.0,18.4,16.4,3.4,1.5,0.0,0.0,0.44,1.9,-1.12,3.02,3,0,0,2,0,0,4,1,25,0,0,0,0,0,0,0,0,0,0,0,0,0,0,0,0,0
Leicester Riders,41,Nathaniel Martin,,12,24.9,298.4,91,7.6,36,66,54.5,0,0,0,19,38,50.0,28,59,87,19,6,5,14,27,54.5,55.0,15.0,94.1,10.0,0.0,10.2,21.6,15.9,10.9,1.0,1.7,14.5,0.58,1.87,0.44,1.43,40,26,65,26,10,38.5,0,0,0,7,4,0,3,0,0,0,0,0,0,0,0,0,0,0,0,0
Newcastle Eagles,14,Maceo Jack,,22,30.6,674.3,323,14.7,111,256,43.4,23,82,28.0,78,94,83.0,13,77,90,43,18,10,41,57,47.9,54.3,22.6,95.5,18.1,4.6,1.9,12.2,6.9,11.1,1.3,1.3,12.1,0.37,1.86,0.37,1.5,91,56,61.5,83,32,38.6,82,23,28,11,23,0,7,0,0,0,0,0,0,0,0,0,0,0,0,0
Cheshire Phoenix,24,Matthew Zona,,21,12.7,266.7,118,5.6,43,101,42.6,19,59,32.2,13,22,59.1,17,36,53,8,11,13,11,47,52.0,53.3,19.1,97.0,6.8,3.4,6.1,14.2,10.0,4.5,2.0,4.5,9.0,0.22,1.8,1.23,0.58,24,17,70.8,18,7,38.9,59,19,32.2,2,2,0,7,0,0,0,0,0,0,0,0,0,0,0,0,0
Newcastle Eagles,8,Deion Hammond,,16,26.1,418.3,183,11.4,65,164,39.6,40,105,38.1,13,15,86.7,4,36,40,23,16,4,16,50,51.8,53.6,20.4,98.1,14.1,8.1,1.0,9.1,5.0,9.4,1.9,0.8,8.6,0.09,1.71,0.38,1.33,20,11,55,39,14,35.9,105,40,38.1,8,6,0,2,0,0,0,0,0,0,0,0,0,0,0,0,0
Surrey 89ers,11,Kareem Queeley,,7,21.9,153.3,54,7.7,19,46,41.3,4,21,19.0,12,20,60.0,7,17,24,20,5,0,11,7,45.7,49.3,18.6,82.1,10.0,3.9,4.5,11.9,8.0,20.0,1.7,0.0,16.7,0.43,1.66,0.87,0.78,16,13,81.2,9,2,22.2,21,4,19,6,5,0,0,0,0,0,0,0,0,0,0,0,0,0,0,0
B. Braun Sheffield Sharks,5,Mervin James,,14,15.6,217.8,140,10.0,52,108,48.1,7,18,38.9,29,36,80.6,14,54,68,12,4,2,24,19,51.4,56.5,30.7,94.7,12.9,1.7,6.8,24.1,15.8,10.6,1.0,1.0,16.2,0.33,1.54,0.52,1.02,51,32,62.7,39,13,33.3,18,7,38.9,10,8,0,6,0,0,0,0,0,0,0,0,0,0,0,0,0
Bristol Flyers,51,Darnell Brodie,,21,16.9,354.2,152,7.2,54,119,45.4,1,5,20.0,43,65,66.2,39,79,118,25,12,11,31,52,45.8,51.5,23.0,85.1,9.5,0.3,11.2,23.8,17.3,12.8,1.8,3.4,17.4,0.55,1.53,-1.23,2.75,92,47,51.1,22,6,27.3,5,1,20,17,9,0,5,0,0,0,0,0,0,0,0,0,0,0,0,0
Cheshire Phoenix,9,Damiri Lindo,,20,16.9,338.4,132,6.6,45,115,39.1,12,42,28.6,30,33,90.9,13,40,53,20,16,2,19,45,44.3,51.0,18.3,88.9,8.0,2.5,3.7,12.4,7.8,8.5,2.3,0.6,12.8,0.29,1.36,0.75,0.61,57,30,52.6,16,3,18.8,42,12,28.6,6,8,0,5,0,0,0,0,0,0,0,0,0,0,0,0,0
Bristol Flyers,21,Marcus Delpeche,,21,14.1,296.9,145,6.9,60,111,54.1,1,1,100.0,24,39,61.5,40,47,87,15,12,4,26,44,54.5,56.6,23.7,94.1,9.1,0.1,13.6,16.9,15.2,10.1,2.1,1.5,16.9,0.35,1.28,-0.95,2.24,98,56,57.1,12,3,25,1,1,100,9,6,1,10,0,0,0,0,0,0,0,0,0,0,0,0,0
Newcastle Eagles,2,Josh Ward-Hibbert,,3,15.3,45.8,12,4.0,4,11,36.4,2,5,40.0,2,2,100.0,0,6,6,5,3,4,3,3,45.5,50.5,13.7,80.6,4.4,1.9,0.0,11.8,6.5,13.8,3.1,7.7,20.2,0.18,1.25,-0.84,2.08,6,2,33.3,0,0,0,5,2,40,2,1,0,0,0,0,0,0,0,0,0,0,0,0,0,0,0
Newcastle Eagles,24,Brett Reed,,4,20.6,82.5,29,7.2,11,18,61.1,0,0,0,7,15,46.7,5,15,20,8,5,2,9,9,61.1,58.9,17.8,86.3,8.7,0.0,6.2,19.9,12.8,16.2,3.1,2.3,26.8,0.83,1.17,-1.12,2.29,12,8,66.7,6,3,50,0,0,0,6,2,0,1,0,0,0,0,0,0,0,0,0,0,0,0,0
Leicester Riders,10,Olutomiwa Sulaiman,,16,15.9,254.0,88,5.5,32,72,44.4,10,29,34.5,14,18,77.8,18,39,57,20,9,8,16,22,51.4,55.1,17.2,91.7,7.1,2.3,7.7,16.1,12.0,13.3,1.8,3.1,16.7,0.25,1.15,0.1,1.05,29,18,62.1,14,4,28.6,29,10,34.5,3,8,0,5,0,0,0,0,0,0,0,0,0,0,0,0,0
Surrey 89ers,4,Andrew Lawrence,,15,11.7,175.2,37,2.5,14,41,34.1,6,24,25.0,3,5,60.0,3,10,13,43,13,0,10,18,41.5,42.8,13.5,69.5,3.1,2.0,1.8,5.7,3.8,34.0,3.8,0.0,18.8,0.12,1.09,-0.1,1.19,9,3,33.3,8,5,62.5,24,6,25,8,1,1,0,0,0,0,0,0,0,0,0,0,0,0,0,0
Manchester Basketball,30,Duke Shelton,,11,7.2,79.3,42,3.8,14,17,82.4,0,0,0,14,20,70.0,8,25,33,2,1,5,5,13,82.4,81.4,17.3,136.4,4.8,0.0,10.3,31.2,20.9,3.9,0.6,5.5,16.2,1.18,0.91,0.91,-0.01,16,14,87.5,1,0,0,0,0,0,0,1,0,4,0,0,0,0,0,0,0,0,0,0,0,0,0
Newcastle Eagles,41,Mitch Clarke,,22,22.8,502.4,166,7.5,54,142,38.0,19,71,26.8,39,48,81.2,9,58,67,72,23,1,39,68,44.7,50.9,18.2,82.1,9.3,4.0,1.8,12.4,6.9,22.8,2.3,0.2,19.3,0.34,0.76,-1.19,1.95,47,24,51.1,24,11,45.8,71,19,26.8,23,13,0,3,0,0,0,0,0,0,0,0,0,0,0,0,0
Bristol Flyers,77,Evan Walshe,,3,14.8,44.5,6,2.0,2,6,33.3,0,1,0.0,2,4,50.0,1,7,8,8,2,0,3,6,33.3,38.7,11.5,55.8,2.6,0.4,2.4,16.5,9.5,26.6,2.4,0.0,27.9,0.67,0.52,-2.52,3.04,3,2,66.7,2,0,0,1,0,0,3,0,0,0,0,0,0,0,0,0,0,0,0,0,0,0,0
Leicester Riders,9,Emmanuel Akot,,7,29.3,204.9,58,8.3,23,61,37.7,7,20,35.0,5,6,83.3,9,21,30,17,4,0,9,13,43.4,45.6,16.6,79.8,10.7,3.7,4.9,9.7,7.5,15.0,1.0,0.0,12.4,0.1,0.4,-0.07,0.47,23,12,52.2,18,4,22.2,20,7,35,8,1,0,0,0,0,0,0,0,0,0,0,0,0,0,0,0
B. Braun Sheffield Sharks,11,Rodney Glasgow Jr,,19,15.5,294.1,74,3.9,30,75,40.0,8,27,29.6,6,6,100.0,4,16,20,19,4,2,9,13,45.3,47.7,13.5,85.4,5.1,1.8,1.5,5.4,3.5,9.7,0.7,0.7,10.4,0.08,0.4,-0.25,0.65,14,4,28.6,34,18,52.9,27,8,29.6,3,3,0,3,0,0,0,0,0,0,0,0,0,0,0,0,0
Leicester Riders,77,Flynn Boardman-Raffet,,17,14.7,250.7,90,5.3,32,67,47.8,5,26,19.2,21,31,67.7,13,21,34,18,6,1,11,17,51.5,55.8,16.8,98.2,6.9,2.0,5.7,8.8,7.3,12.3,1.2,0.4,12.0,0.46,0.13,-0.2,0.33,35,24,68.6,6,3,50,26,5,19.2,3,5,0,3,0,0,0,0,0,0,0,0,0,0,0,0,0
Bristol Flyers,9,Jonathan Brown,,19,19.5,370.1,152,8.0,49,142,34.5,16,63,25.4,38,50,76.0,7,30,37,27,8,3,33,15,40.1,46.3,24.2,77.2,10.5,4.3,1.9,8.6,5.2,12.4,1.1,0.9,16.8,0.35,0.08,-1.41,1.49,46,22,47.8,33,11,33.3,63,16,25.4,20,11,0,2,0,0,0,0,0,0,0,0,0,0,0,0,0
Caledonia Gladiators,56,Lloyd Alvin Bryan Jr,,6,21.5,129.0,59,9.8,20,52,38.5,1,3,33.3,18,24,75.0,26,15,41,10,1,5,8,13,39.4,47.2,23.8,83.6,12.8,0.7,17.9,12.2,15.3,13.8,0.4,3.6,11.3,0.46,0.05,0.83,-0.78,37,15,40.5,12,4,33.3,3,1,33.3,1,5,0,2,0,0,0,0,0,0,0,0,0,0,0,0,0
Surrey 89ers,17,Nedas Cholevinskas,,19,17.9,340.9,126,6.6,39,104,37.5,20,55,36.4,28,37,75.7,13,31,44,12,9,1,9,40,47.1,52.4,16.6,97.5,8.5,3.7,4.0,9.1,6.6,5.2,1.4,0.3,7.0,0.36,0.03,-0.01,0.05,34,14,41.2,15,5,33.3,55,20,36.4,5,2,0,2,0,0,0,0,0,0,0,0,0,0,0,0,0
Leicester Riders,0,Oscar Curran,,6,0,0.0,0,0,0,0,0,0,0,0,0,0,0,0,0,0,0,0,0,0,0,0,0,0,0,0,0,0,0,0,0,0,0,0,0,0,0,0,0,0,0,0,0,0,0,0,0,0,0,0,0,0,0,0,0,0,0,0,0,0,0,0,0,0
Leicester Riders,43,Seth Wylie,,9,0,0.0,0,0,0,0,0,0,0,0,0,0,0,0,0,0,0,0,0,0,0,0,0,0,0,0,0,0,0,0,0,0,0,0,0,0,0,0,0,0,0,0,0,0,0,0,0,0,0,0,0,0,0,0,0,0,0,0,0,0,0,0,0,0
Manchester Basketball,3,Oluwademilade Babalola,,1,0,0.0,0,0,0,0,0,0,0,0,0,0,0,0,0,0,0,0,0,0,0,0,0,0,0,0,0,0,0,0,0,0,0,0,0,0,0,0,0,0,0,0,0,0,0,0,0,0,0,0,0,0,0,0,0,0,0,0,0,0,0,0,0,0
Manchester Basketball,10,Luca Lara-Sanchez,,1,0,0.0,0,0,0,0,0,0,0,0,0,0,0,0,0,0,0,0,0,0,0,0,0,0,0,0,0,0,0,0,0,0,0,0,0,0,0,0,0,0,0,0,0,0,0,0,0,0,0,0,0,0,0,0,0,0,0,0,0,0,0,0,0,0
Cheshire Phoenix,15,Rafi Pierre-Louis,,19,0,0.0,0,0,0,0,0,0,0,0,0,0,0,0,0,0,0,0,0,0,0,0,0,0,0,0,0,0,0,0,0,0,0,0,0,0,0,0,0,0,0,0,0,0,0,0,0,0,0,0,0,0,0,0,0,0,0,0,0,0,0,0,0,0
Caledonia Gladiators,4,Cael Sweeney,,7,0,0.0,0,0,0,0,0,0,0,0,0,0,0,0,0,0,0,0,0,0,0,0,0,0,0,0,0,0,0,0,0,0,0,0,0,0,0,0,0,0,0,0,0,0,0,0,0,0,0,0,0,0,0,0,0,0,0,0,0,0,0,0,0,0
Caledonia Gladiators,3,Jamie Adair,,9,0,0.0,0,0,0,0,0,0,0,0,0,0,0,0,0,0,0,0,0,0,0,0,0,0,0,0,0,0,0,0,0,0,0,0,0,0,0,0,0,0,0,0,0,0,0,0,0,0,0,0,0,0,0,0,0,0,0,0,0,0,0,0,0,0
Surrey 89ers,44,Joshua Smith-White,,11,0,0.0,0,0,0,0,0,0,0,0,0,0,0,0,0,0,0,0,0,0,0,0,0,0,0,0,0,0,0,0,0,0,0,0,0,0,0,0,0,0,0,0,0,0,0,0,0,0,0,0,0,0,0,0,0,0,0,0,0,0,0,0,0,0
Surrey 89ers,9,Di-Jani Parkinson,,1,0,0.0,0,0,0,0,0,0,0,0,0,0,0,0,0,0,0,0,0,0,0,0,0,0,0,0,0,0,0,0,0,0,0,0,0,0,0,0,0,0,0,0,0,0,0,0,0,0,0,0,0,0,0,0,0,0,0,0,0,0,0,0,0,0
Caledonia Gladiators,4,Nino Satha,,1,0,0.0,0,0,0,0,0,0,0,0,0,0,0,0,0,0,0,0,0,0,0,0,0,0,0,0,0,0,0,0,0,0,0,0,0,0,0,0,0,0,0,0,0,0,0,0,0,0,0,0,0,0,0,0,0,0,0,0,0,0,0,0,0,0
Newcastle Eagles,21,Emmanuel Kanwei,,20,15.4,307.9,130,6.5,50,96,52.1,4,9,44.4,26,44,59.1,23,30,53,15,5,9,13,28,54.2,56.3,18.7,101.3,7.9,0.6,7.6,10.3,9.0,8.3,0.8,2.6,10.1,0.46,-0.04,-0.53,0.48,44,26,59.1,43,20,46.5,9,4,44.4,2,8,0,3,0,0,0,0,0,0,0,0,0,0,0,0,0
Surrey 89ers,1,Owen Koonce,,11,14.3,157.5,49,4.5,17,44,38.6,6,21,28.6,9,13,69.2,7,16,23,12,10,3,12,20,45.5,49.3,16.9,79.4,5.7,2.4,4.3,10.1,7.2,11.5,3.3,1.8,19.4,0.3,-0.11,-0.84,0.73,14,9,64.3,9,2,22.2,21,6,28.6,7,4,0,1,0,0,0,0,0,0,0,0,0,0,0,0,0
Cheshire Phoenix,1,Greg Wild,,20,2.7,54.9,7,0.3,2,6,33.3,2,6,33.3,1,2,50.0,1,4,5,2,2,0,2,4,50.0,50.9,6.7,78.8,0.4,0.4,1.7,7.7,4.6,4.6,1.8,0.0,22.5,0.33,-0.21,0.22,-0.42,0,0,0,0,0,0,6,2,33.3,0,2,0,0,0,0,0,0,0,0,0,0,0,0,0,0,0
B. Braun Sheffield Sharks,15,Mike Ochereobia,,19,13.2,249.9,61,3.2,26,45,57.8,0,0,0,9,16,56.2,35,21,56,4,4,2,16,38,57.8,58.6,12.4,89.7,4.2,0.0,15.2,8.3,11.6,2.4,0.8,0.9,23.5,0.36,-0.23,-0.71,0.48,33,22,66.7,12,4,33.3,0,0,0,1,5,4,6,0,0,0,0,0,0,0,0,0,0,0,0,0
Manchester Basketball,1,Kyle Carey,,17,11.8,200.7,65,3.8,25,59,42.4,14,40,35.0,1,2,50.0,1,12,13,6,5,4,8,21,54.2,54.3,15.2,95.8,4.9,3.0,0.5,6.1,3.3,4.4,1.3,1.9,11.8,0.03,-0.29,0.3,-0.59,14,8,57.1,5,3,60,40,14,35,6,1,0,1,0,0,0,0,0,0,0,0,0,0,0,0,0
Cheshire Phoenix,6,Lukasz Paradysz,,20,0.0,0.8,0,0.0,0,0,0,0,0,0,0,0,0,0,0,0,0,1,0,0,0,0,0,0.0,0,0.0,0.0,0.0,0.0,0.0,0.0,63.8,0.0,0,0,-0.31,0.2,-0.51,0,0,0,0,0,0,0,0,0,0,0,0,0,0,0,0,0,0,0,0,0,0,0,0,0,0
Newcastle Eagles,1,Terrell Burden,,1,19.4,19.4,3,3.0,1,4,25.0,0,2,0.0,1,2,50.0,0,2,2,5,3,0,3,5,25.0,30.7,17.8,38.1,3.5,2.3,0.0,10.3,5.7,30.3,7.1,0.0,38.1,0.5,-0.33,-4.32,3.99,1,1,100,1,0,0,2,0,0,1,1,0,1,0,0,0,0,0,0,0,0,0,0,0,0,0
Surrey 89ers,19,Timothy Nwankwo,,1,1.9,1.9,2,2.0,1,1,100.0,0,0,0,0,0,0,1,0,1,0,0,0,0,0,100.0,100.0,25.2,200.0,2.5,0.0,73.9,0.0,34.6,0.0,0.0,0.0,0.0,0.0,-0.39,0.23,-0.62,1,1,100,0,0,0,0,0,0,0,0,0,0,0,0,0,0,0,0,0,0,0,0,0,0,0
Surrey 89ers,55,Haydn Ling,,19,10.8,205.8,96,5.1,36,56,64.3,0,3,0.0,24,39,61.5,21,53,74,8,2,9,21,41,64.3,65.6,20.1,102.0,6.4,0.2,10.6,25.7,18.3,6.3,0.5,4.1,22.3,0.7,-0.4,-0.76,0.36,39,26,66.7,14,10,71.4,3,0,0,7,4,2,8,0,0,0,0,0,0,0,0,0,0,0,0,0
Leicester Riders,12,Aaron Menzies,,13,14.2,184.0,63,4.8,21,38,55.3,0,1,0.0,21,33,63.6,22,43,65,10,1,11,21,30,55.3,60.0,18.1,85.7,6.2,0.1,13.0,25.1,19.1,8.5,0.3,5.9,28.6,0.87,-0.45,-1.19,0.74,27,17,63,10,4,40,1,0,0,2,12,1,6,0,0,0,0,0,0,0,0,0,0,0,0,0
Caledonia Gladiators,22,Charles Jet Speelman,,18,22.9,412.2,178,9.9,63,143,44.1,27,64,42.2,25,33,75.8,20,57,77,24,3,2,30,34,53.5,56.5,20.7,94.9,13.0,4.7,5.1,14.6,9.8,10.0,0.4,0.5,16.0,0.23,-0.72,-0.23,-0.5,40,20,50,38,15,39.5,64,27,42.2,9,14,0,7,0,0,0,0,0,0,0,0,0,0,0,0,0
Surrey 89ers,15,Tayo Ogedengbe,,19,17.8,337.9,81,4.3,26,78,33.3,15,51,29.4,14,29,48.3,11,20,31,18,10,2,12,30,42.9,44.6,13.4,78.8,5.4,3.4,3.4,5.9,4.7,7.4,1.5,0.6,11.7,0.37,-0.82,-0.76,-0.06,17,9,52.9,10,2,20,51,15,29.4,7,2,0,3,0,0,0,0,0,0,0,0,0,0,0,0,0
B. Braun Sheffield Sharks,6,Reyad West,,14,0.2,3.2,2,0.1,1,1,100.0,0,0,0,0,0,0,0,0,0,0,0,0,0,1,100.0,100.0,14.1,200.0,0.2,0.0,0.0,0.0,0.0,0.0,0.0,0.0,0.0,0.0,-0.82,-1.03,0.21,0,0,0,1,1,100,0,0,0,0,0,0,0,0,0,0,0,0,0,0,0,0,0,0,0,0
Caledonia Gladiators,7,Fraser Malcolm,,18,22.6,406.5,97,5.4,34,91,37.4,17,60,28.3,12,15,80.0,9,38,47,22,8,3,4,20,46.7,49.7,11.4,95.5,7.1,4.4,2.3,9.9,6.1,8.3,1.0,0.7,3.9,0.16,-0.84,-0.75,-0.09,27,16,59.3,4,1,25,60,17,28.3,3,1,0,0,0,0,0,0,0,0,0,0,0,0,0,0,0
Leicester Riders,10,Tomiwa Sulaiman,,1,17.2,17.2,4,4.0,2,3,66.7,0,0,0,0,0,0,0,1,1,0,0,0,0,1,66.7,66.7,9.1,133.3,5.7,0.0,0.0,6.1,3.4,0.0,0.0,0.0,0.0,0.0,-0.9,-0.91,0.0,3,2,66.7,0,0,0,0,0,0,0,0,0,0,0,0,0,0,0,0,0,0,0,0,0,0,0
Bristol Flyers,25,Milos Dugalic,,17,15.4,261.1,64,3.8,22,78,28.2,6,26,23.1,14,24,58.3,15,42,57,17,11,3,21,32,32.1,36.1,19.0,58.4,5.0,2.0,5.8,17.1,11.3,10.5,2.2,1.3,19.2,0.31,-1.25,-3.13,1.87,47,16,34,5,0,0,26,6,23.1,12,5,0,4,0,0,0,0,0,0,0,0,0,0,0,0,0
Newcastle Eagles,9,Sauveur Kande,,22,6.1,134.5,40,1.8,13,26,50.0,12,22,54.5,2,4,50.0,1,11,12,2,3,3,0,16,73.1,72.0,9.3,144.1,2.2,1.2,0.8,8.8,4.6,2.3,1.1,2.0,0.0,0.15,-1.41,-1.51,0.1,3,1,33.3,1,0,0,22,12,54.5,0,0,0,0,0,0,0,0,0,0,0,0,0,0,0,0,0
Manchester Basketball,13,Kayne Henry,,10,12.5,124.5,33,3.3,14,39,35.9,3,19,15.8,2,5,40.0,4,15,19,5,3,0,5,10,39.7,40.0,16.6,71.4,4.3,2.5,3.2,13.2,8.0,6.1,1.2,0.0,10.8,0.13,-1.46,-0.5,-0.96,15,10,66.7,5,1,20,19,3,15.8,2,2,0,1,0,0,0,0,0,0,0,0,0,0,0,0,0
Leicester Riders,1,Michael Mitchell Jr,,4,15.5,62.0,14,3.5,5,18,27.8,3,11,27.3,1,3,33.3,0,3,3,8,3,1,6,6,36.1,36.2,19.7,55.3,4.7,3.7,0.0,4.7,2.5,26.1,2.6,1.5,23.7,0.17,-1.66,-2.19,0.53,5,2,40,2,0,0,11,3,27.3,4,1,0,1,0,0,0,0,0,0,0,0,0,0,0,0,0
Caledonia Gladiators,6,Kyle Jimenez,,17,16.2,275.6,38,2.2,13,37,35.1,3,14,21.4,9,12,75.0,11,22,33,64,7,0,25,35,39.2,44.9,11.1,56.5,2.9,1.1,4.3,8.4,6.3,33.7,1.3,0.0,37.2,0.32,-1.7,-2.19,0.49,16,10,62.5,7,0,0,14,3,21.4,14,9,0,2,0,0,0,0,0,0,0,0,0,0,0,0,0
London Lions,13,Johnathan Williams,,1,15.0,15.0,2,2.0,1,5,20.0,0,0,0,0,0,0,1,3,4,1,0,1,2,2,20.0,20.0,22.9,28.6,2.9,0.0,8.9,17.8,14.2,10.5,0.0,7.6,28.6,0.0,-1.72,-4.3,2.59,3,1,33.3,2,0,0,0,0,0,0,1,0,1,0,0,0,0,0,0,0,0,0,0,0,0,0
Manchester Basketball,33,Judson Martindale,,17,1.8,30.5,2,0.1,1,7,14.3,0,2,0.0,0,0,0,3,1,4,1,1,0,2,5,14.3,14.3,13.2,22.2,0.1,0.1,9.9,3.3,6.6,4.2,1.7,0.0,22.2,0.0,-1.8,-0.59,-1.21,3,1,33.3,2,0,0,2,0,0,0,2,0,0,0,0,0,0,0,0,0,0,0,0,0,0,0
Leicester Riders,25,Victor Ndoukou,,14,5.6,78.7,11,0.8,4,15,26.7,2,11,18.2,1,5,20.0,4,7,11,6,1,1,2,8,33.3,32.0,11.3,57.3,1.0,1.0,5.6,9.3,7.5,11.9,0.7,1.3,10.4,0.33,-1.95,-1.65,-0.31,3,2,66.7,1,0,0,11,2,18.2,1,1,0,0,0,0,0,0,0,0,0,0,0,0,0,0,0
Leicester Riders,5,Michael Akintomide Akinsiku,,4,0.7,3.0,0,0.0,0,0,0,0,0,0,0,0,0,0,1,1,0,0,0,0,0,0,0,0.0,0,0.0,0.0,0.0,33.5,17.6,0.0,0.0,0.0,0,0,-2.02,-1.62,-0.41,0,0,0,0,0,0,0,0,0,0,0,0,0,0,0,0,0,0,0,0,0,0,0,0,0,0
Bristol Flyers,40,Pasquale Landolfi,,21,3.5,74.1,11,0.5,4,18,22.2,2,14,14.3,1,2,50.0,2,3,5,3,0,0,5,10,27.8,29.1,14.7,46.1,0.7,0.9,2.7,4.3,3.5,6.2,0.0,0.0,20.9,0.11,-2.08,-2.99,0.92,2,1,50,2,1,50,14,2,14.3,1,4,0,0,0,0,0,0,0,0,0,0,0,0,0,0,0
Surrey 89ers,33,Maximilian Coupe,,11,0.4,4.0,2,0.2,0,0,0,0,0,0,2,2,100.0,0,1,1,0,0,0,2,2,0,113.6,32.0,69.4,0.2,0.0,0.0,24.5,12.9,0.0,0.0,0.0,69.4,0,-2.28,-1.55,-0.74,0,0,0,0,0,0,0,0,0,1,1,0,0,0,0,0,0,0,0,0,0,0,0,0,0,0
Surrey 89ers,19,Timothy Nwanko,,18,6.2,112.5,21,1.2,9,20,45.0,0,2,0.0,3,6,50.0,8,16,24,2,3,4,11,20,45.0,46.4,13.1,62.4,1.5,0.1,7.3,14.0,10.7,2.5,1.4,3.3,32.7,0.3,-2.28,-1.89,-0.4,11,6,54.5,7,3,42.9,2,0,0,4,4,0,3,0,0,0,0,0,0,0,0,0,0,0,0,0
Caledonia Gladiators,15,Malcolm Delpeche,,5,15.8,78.9,31,6.2,13,27,48.1,0,1,0.0,5,14,35.7,9,9,18,7,0,1,5,8,48.1,46.7,20.6,81.2,8.0,0.3,9.6,11.8,10.6,16.0,0.0,1.2,13.1,0.52,-2.66,-1.58,-1.08,23,13,56.5,3,0,0,1,0,0,3,2,0,0,0,0,0,0,0,0,0,0,0,0,0,0,0
Newcastle Eagles,13,Darius Defoe,,17,8.5,144.4,43,2.5,17,37,45.9,1,5,20.0,8,10,80.0,2,8,10,8,3,1,10,26,47.3,51.9,16.3,83.7,3.1,0.4,1.4,5.9,3.6,8.9,1.0,0.6,19.5,0.27,-2.69,-2.67,-0.02,5,4,80,27,12,44.4,5,1,20,3,1,0,6,0,0,0,0,0,0,0,0,0,0,0,0,0
Leicester Riders,2,Duke Shelton,,4,14.6,58.3,25,6.2,9,20,45.0,0,1,0.0,7,11,63.6,5,11,16,1,0,2,7,9,45.0,50.3,26.4,78.5,8.3,0.3,9.6,18.2,14.2,4.1,0.0,3.2,22.0,0.55,-2.74,-2.41,-0.33,13,7,53.8,6,2,33.3,1,0,0,2,2,0,3,0,0,0,0,0,0,0,0,0,0,0,0,0
Caledonia Gladiators,15,Daylen Williams,,7,20.1,140.9,32,4.6,11,27,40.7,0,4,0.0,10,17,58.8,4,28,32,17,4,1,14,16,40.7,46.4,15.8,66.0,5.9,0.7,3.4,21.3,12.8,17.7,1.5,0.7,28.9,0.63,-2.76,-3.26,0.51,8,6,75,15,5,33.3,4,0,0,4,8,0,2,0,0,0,0,0,0,0,0,0,0,0,0,0
Manchester Basketball,5,Cody John,,3,18.2,54.7,17,5.7,8,21,38.1,0,7,0.0,1,1,100.0,0,5,5,3,2,0,4,7,38.1,39.6,20.6,66.8,7.2,3.0,0.0,9.5,4.6,8.5,1.8,0.0,15.7,0.05,-2.79,-2.08,-0.71,3,1,33.3,11,7,63.6,7,0,0,1,2,0,1,0,0,0,0,0,0,0,0,0,0,0,0,0
Caledonia Gladiators,11,Totonitoluwa Fagbenle,,16,16.0,256.3,56,3.5,24,57,42.1,5,14,35.7,3,7,42.9,15,24,39,9,9,10,20,27,46.5,46.6,14.2,69.9,4.6,1.1,6.3,10.0,8.1,5.4,1.8,3.7,25.0,0.12,-3.08,-2.83,-0.26,34,17,50,9,2,22.2,14,5,35.7,8,9,0,3,0,0,0,0,0,0,0,0,0,0,0,0,0
Newcastle Eagles,45,Malcolm Smith,,9,10.6,95.4,31,3.4,9,36,25.0,0,1,0.0,13,18,72.2,8,6,14,5,1,1,7,13,25.0,35.3,23.7,60.9,4.2,0.1,8.2,6.9,7.6,8.2,0.5,1.0,13.7,0.5,-3.79,-3.02,-0.77,9,3,33.3,26,6,23.1,1,0,0,1,3,0,3,0,0,0,0,0,0,0,0,0,0,0,0,0
Caledonia Gladiators,14,Daniel Carr,,18,5.1,91.5,19,1.1,7,24,29.2,2,6,33.3,3,4,75.0,6,14,20,4,0,1,5,8,33.3,36.9,15.3,61.8,1.4,0.4,6.9,16.1,11.5,6.7,0.0,1.0,16.3,0.17,-4.35,-3.0,-1.35,6,0,0,12,5,41.7,6,2,33.3,2,3,0,0,0,0,0,0,0,0,0,0,0,0,0,0,0
Caledonia Gladiators,5,Dwaine Jones Jr,,5,23.0,115.0,32,6.4,14,40,35.0,1,10,10.0,3,4,75.0,4,6,10,16,6,0,16,14,36.2,38.3,21.4,55.4,8.3,2.6,2.9,5.4,4.0,23.2,2.7,0.0,27.7,0.1,-4.43,-4.33,-0.1,25,11,44,5,2,40,10,1,10,14,0,0,2,0,0,0,0,0,0,0,0,0,0,0,0,0
Caledonia Gladiators,38,Andrew Michael Gordon,,3,12.9,38.8,12,4.0,6,11,54.5,0,2,0.0,0,3,0.0,2,7,9,2,1,3,6,11,54.5,48.7,22.7,65.5,5.4,0.9,6.3,20.2,13.5,8.2,1.4,7.5,32.8,0.27,-4.65,-4.72,0.07,6,5,83.3,3,1,33.3,2,0,0,1,2,0,3,0,0,0,0,0,0,0,0,0,0,0,0,0
