Team,Player_Number,Player_Name,Conference,Games,MPG,MIN,PTS,PPG,FGM,FGA,FG%,3PM,3PA,3P%,FTM,FTA,FT%,OREB,DREB,REB,AST,STL,BLK,TOV,PF,eFG%,TS%,USG%,ORtg,PTS/100,3PA/100,ORB%,DRB%,TRB%,AST%,STL%,BLK%,TOV%,FTr,BPM,OBPM,DBPM,RIM_ATT,RIM_MADE,RIM%,OTD_2PT_ATT,OTD_2PT_MADE,OTD_2PT%,OTD_3PT_ATT,OTD_3PT_MADE,OTD_3PT%,PASS_TO,DRIBBLE_TO,DEFENSE_TO,MISC_TO,RIM_ATT_VS,RIM_MADE_VS,RIM%_VS,OTD_2PT_ATT_VS,OTD_2PT_MADE_VS,OTD_2PT%_VS,OTD_3PT_ATT_VS,OTD_3PT_MADE_VS,OTD_3PT%_VS,PASS_TO_VS,DRIBBLE_TO_VS,DEFENSE_TO_VS,MISC_TO_VS
London Lions,21,Aaryndeep Rai,,1,26.1,26.1,7,7.0,3,5,60.0,1,1,100.0,0,1,0.0,3,4,7,1,2,3,2,3,70.0,64.3,12.9,94.1,9.9,1.4,12.1,19.8,15.6,5.2,4.4,12.4,26.9,0.2,11.74,3.31,8.43,4,2,50,0,0,0,1,1,100,1,1,0,0,0,0,0,0,0,0,0,0,0,0,0,0,0
Cheshire Phoenix,13,Patrick Robinson,,32,26.2,837.5,641,20.0,218,381,57.2,29,69,42.0,176,241,73.0,44,87,131,142,29,4,68,53,61.0,65.8,27.9,115.5,24.4,2.6,5.1,10.5,7.8,28.9,1.7,0.4,12.3,0.63,10.47,7.33,3.13,238,157,66,74,32,43.2,69,29,42,21,37,0,10,0,0,0,0,0,0,0,0,0,0,0,0,0
London Lions,15,Chaundee Brown Jr,,20,23.6,471.6,256,12.8,98,173,56.6,31,75,41.3,29,38,76.3,18,63,81,24,10,3,12,37,65.6,67.5,20.2,126.9,17.1,5.0,4.5,14.1,9.6,8.7,1.1,0.7,5.9,0.22,8.86,4.13,4.73,73,54,74,25,13,52,75,31,41.3,3,4,0,5,0,0,0,0,0,0,0,0,0,0,0,0,0
Surrey 89ers,12,Kino Lily Jr,,35,34.7,1213.9,638,18.2,230,498,46.2,128,282,45.4,50,62,80.6,18,69,87,149,38,1,67,39,59.0,60.7,21.9,107.7,23.3,10.3,1.6,5.8,3.8,20.4,1.6,0.1,11.3,0.12,8.6,6.77,1.83,64,34,53.1,152,68,44.7,282,128,45.4,30,30,0,7,0,0,0,0,0,0,0,0,0,0,0,0,0
London Lions,1,Joel Scott,,25,23.2,579.3,325,13.0,119,217,54.8,20,48,41.7,67,90,74.4,61,78,139,28,16,8,24,55,59.4,63.3,22.8,115.8,17.6,2.6,12.4,14.6,13.6,8.4,1.5,1.5,8.6,0.41,8.48,3.95,4.54,138,84,60.9,31,15,48.4,48,20,41.7,8,13,0,3,0,0,0,0,0,0,0,0,0,0,0,0,0
Newcastle Eagles,3,Ray'sean Taylor,,35,29.5,1033.8,626,17.9,203,441,46.0,71,211,33.6,149,186,80.1,28,131,159,163,53,3,73,92,54.1,59.9,26.2,105.1,22.2,7.5,2.7,14.1,8.2,28.4,2.6,0.3,12.3,0.42,7.96,4.46,3.51,145,99,68.3,85,33,38.8,211,71,33.6,42,16,0,15,0,0,0,0,0,0,0,0,0,0,0,0,0
London Lions,22,Tarik Phillip,,34,20.0,681.2,321,9.4,106,244,43.4,31,98,31.6,78,102,76.5,23,95,118,123,43,3,59,62,49.8,55.6,24.3,92.3,12.8,3.9,4.0,15.1,9.8,29.8,3.4,0.5,17.0,0.42,7.94,2.22,5.72,96,57,59.4,50,18,36,98,31,31.6,33,20,0,6,0,0,0,0,0,0,0,0,0,0,0,0,0
Leicester Riders,13,Donald Carey Jr,,16,32.3,516.3,259,16.2,81,183,44.3,32,85,37.6,65,73,89.0,13,59,72,114,28,0,63,28,53.0,60.2,24.3,93.1,20.9,6.9,2.7,13.0,7.7,36.5,2.8,0.0,22.7,0.4,7.86,4.06,3.79,64,35,54.7,34,14,41.2,85,32,37.6,35,24,0,4,0,0,0,0,0,0,0,0,0,0,0,0,0
B. Braun Sheffield Sharks,1,Dirk Williams,,35,31.8,1112.8,520,14.9,192,405,47.4,85,211,40.3,51,70,72.9,15,122,137,98,34,29,52,60,57.9,59.7,20.3,106.6,19.5,7.9,1.5,11.5,6.6,14.9,1.6,2.8,10.7,0.17,7.74,4.51,3.23,107,67,62.6,87,40,46,211,85,40.3,23,23,0,6,0,0,0,0,0,0,0,0,0,0,0,0,0
Manchester Basketball,0,Patrick Smith Jr,,35,26.4,923.5,484,13.8,165,359,46.0,80,192,41.7,74,86,86.0,31,102,133,125,36,6,61,57,57.1,61.0,21.9,105.7,17.4,6.9,3.4,11.0,7.3,21.6,2.0,0.6,13.3,0.24,7.56,4.76,2.8,77,47,61,90,38,42.2,192,80,41.7,26,21,0,14,0,0,0,0,0,0,0,0,0,0,0,0,0
Bristol Flyers,22,Joseph Anderson,,32,29.9,957.8,397,12.4,148,368,40.2,59,191,30.9,42,55,76.4,13,62,75,165,57,1,46,49,48.2,50.6,20.7,90.6,16.3,7.8,1.4,7.1,4.1,30.5,3.1,0.1,10.5,0.15,7.44,3.16,4.28,89,59,66.3,88,30,34.1,191,59,30.9,30,13,0,3,0,0,0,0,0,0,0,0,0,0,0,0,0
London Lions,33,Shavar Reynolds Jr,,30,21.7,649.9,300,10.0,113,241,46.9,23,56,41.1,51,58,87.9,22,31,53,130,19,1,47,73,51.7,56.3,22.9,95.7,13.6,2.5,3.9,5.2,4.6,33.6,1.6,0.2,15.0,0.24,7.35,2.4,4.95,71,35,49.3,114,55,48.2,56,23,41.1,30,12,0,5,0,0,0,0,0,0,0,0,0,0,0,0,0
Cheshire Phoenix,99,Skyler White,,35,24.7,864.2,464,13.3,157,355,44.2,97,242,40.1,53,73,72.6,42,138,180,57,23,33,34,95,57.9,59.9,20.4,110.2,16.1,8.4,4.7,16.2,10.3,9.9,1.3,3.4,8.1,0.21,7.21,4.97,2.24,61,39,63.9,51,20,39.2,242,97,40.1,16,15,0,3,0,0,0,0,0,0,0,0,0,0,0,0,0
London Lions,23,Kameron Mcgusty,,24,22.3,534.3,244,10.2,92,212,43.4,16,53,30.2,44,64,68.8,8,57,65,83,29,5,34,40,47.2,50.8,24.2,89.0,13.9,3.0,1.7,11.6,6.8,25.9,2.9,1.0,12.4,0.3,7.12,1.75,5.37,64,39,60.9,95,37,38.9,53,16,30.2,18,12,0,4,0,0,0,0,0,0,0,0,0,0,0,0,0
Cheshire Phoenix,23,Jaxon Brenchley,,35,26.3,918.9,355,10.1,129,274,47.1,50,135,37.0,47,65,72.3,45,101,146,92,37,8,25,50,56.2,58.7,14.9,108.4,12.3,4.7,4.7,11.1,7.8,14.2,2.0,0.8,7.6,0.24,7.08,4.67,2.41,113,71,62.8,26,8,30.8,135,50,37,12,11,0,2,0,0,0,0,0,0,0,0,0,0,0,0,0
Caledonia Gladiators,10,Ria'n Holland,,1,32.1,32.1,15,15.0,3,6,50.0,3,5,60.0,6,7,85.7,0,5,5,1,2,0,1,2,75.0,82.6,14.4,148.8,18.9,6.3,0.0,14.8,8.5,4.3,3.1,0.0,9.9,1.17,6.88,3.97,2.92,0,0,0,1,0,0,5,3,60,1,0,0,0,0,0,0,0,0,0,0,0,0,0,0,0,0
Surrey 89ers,7,Ronald Polite Iii,,35,26.1,913.2,496,14.2,174,337,51.6,37,104,35.6,111,141,78.7,32,90,122,199,31,9,87,92,57.1,62.1,23.9,102.0,18.1,3.8,3.8,10.0,7.0,36.3,1.8,0.9,17.9,0.42,6.87,4.1,2.77,142,105,73.9,91,32,35.2,104,37,35.6,38,28,1,20,0,0,0,0,0,0,0,0,0,0,0,0,0
Manchester Basketball,11,Jordan Johnson,,34,21.9,743.1,477,14.0,165,367,45.0,56,150,37.3,91,118,77.1,15,67,82,167,28,2,70,46,52.6,56.9,29.0,97.6,17.7,5.6,2.1,8.9,5.6,38.5,1.9,0.2,14.3,0.32,6.74,4.19,2.55,131,83,63.4,86,26,30.2,150,56,37.3,40,24,0,6,0,0,0,0,0,0,0,0,0,0,0,0,0
Cheshire Phoenix,5,Frankie Policelli,,34,25.4,862.0,427,12.6,139,329,42.2,93,243,38.3,56,73,76.7,34,173,207,36,44,16,44,73,56.4,59.1,19.7,105.4,15.2,8.7,3.8,20.4,11.8,6.1,2.5,1.7,10.9,0.22,6.64,4.2,2.45,49,29,59.2,36,16,44.4,243,93,38.3,14,16,0,14,0,0,0,0,0,0,0,0,0,0,0,0,0
London Lions,2,Chasson Jermar Randle,,13,19.2,249.6,117,9.0,40,82,48.8,21,52,40.4,16,17,94.1,4,24,28,23,5,1,14,27,61.6,65.4,20.0,113.1,12.5,5.6,1.8,10.4,6.3,16.8,1.1,0.5,13.5,0.21,6.57,2.26,4.32,23,17,73.9,7,2,28.6,52,21,40.4,9,3,0,2,0,0,0,0,0,0,0,0,0,0,0,0,0
London Lions,21,Aaryn Rai,,38,21.8,826.6,263,6.9,105,197,53.3,18,55,32.7,35,53,66.0,67,155,222,59,25,9,36,74,57.9,59.7,14.8,102.6,9.4,2.0,9.5,20.2,15.1,11.3,1.6,1.2,14.0,0.27,6.52,1.72,4.8,105,73,69.5,36,14,38.9,55,18,32.7,12,15,2,7,0,0,0,0,0,0,0,0,0,0,0,0,0
Surrey 89ers,0,Isiah Small,,32,29.4,939.5,475,14.8,175,360,48.6,27,76,35.5,98,137,71.5,80,188,268,104,36,25,67,94,52.4,56.5,23.2,97.5,19.0,3.0,9.2,20.4,15.0,18.2,2.0,2.5,13.7,0.38,6.06,3.5,2.56,192,115,59.9,92,33,35.9,76,27,35.5,29,24,0,14,0,0,0,0,0,0,0,0,0,0,0,0,0
London Lions,16,Karolis Lukosiunas,,12,16.8,202.0,78,6.5,27,57,47.4,24,49,49.0,0,0,0,2,16,18,13,10,0,11,26,68.4,68.4,16.4,114.7,8.9,5.6,1.3,8.2,5.1,10.3,2.7,0.0,16.2,0.0,5.98,1.52,4.47,1,1,100,7,2,28.6,49,24,49,7,2,0,2,0,0,0,0,0,0,0,0,0,0,0,0,0
Leicester Riders,21,Raequan Battle,,18,30.2,543.4,384,21.3,129,274,47.1,63,147,42.9,63,71,88.7,9,66,75,24,18,6,34,49,58.6,62.9,28.3,113.2,27.5,10.5,1.8,13.3,7.5,8.8,1.7,1.1,10.0,0.26,5.94,4.38,1.56,80,47,58.8,47,19,40.4,147,63,42.9,12,15,0,7,0,0,0,0,0,0,0,0,0,0,0,0,0
B. Braun Sheffield Sharks,4,William Lee,,27,20.4,551.1,232,8.6,88,163,54.0,33,74,44.6,23,32,71.9,31,141,172,23,22,33,21,53,64.1,65.5,16.6,117.1,11.3,3.6,6.2,25.7,16.3,7.0,2.1,6.3,10.6,0.2,5.83,2.46,3.37,56,45,80.4,33,10,30.3,74,33,44.6,10,6,0,5,0,0,0,0,0,0,0,0,0,0,0,0,0
Bristol Flyers,3,William Yoakum,,36,25.2,906.5,462,12.8,176,328,53.7,48,120,40.0,62,83,74.7,45,108,153,39,46,14,43,69,61.0,63.4,20.3,113.4,16.9,4.4,5.0,12.9,8.8,8.2,2.7,1.7,10.6,0.25,5.83,2.47,3.36,159,112,70.4,49,16,32.7,120,48,40,12,25,0,6,0,0,0,0,0,0,0,0,0,0,0,0,0
London Lions,31,Deane Williams,,38,21.9,830.6,328,8.6,114,262,43.5,35,117,29.9,65,95,68.4,49,118,167,65,25,22,49,105,50.2,54.0,20.2,93.0,11.8,4.2,6.9,15.3,11.3,12.5,1.6,2.9,13.9,0.36,5.67,1.06,4.61,103,61,59.2,42,18,42.9,117,35,29.9,22,17,0,10,0,0,0,0,0,0,0,0,0,0,0,0,0
B. Braun Sheffield Sharks,25,Fahro Alihodzic,,13,22.3,290.2,156,12.0,61,103,59.2,0,0,0,34,51,66.7,30,42,72,27,19,2,18,44,59.2,62.2,23.3,108.8,16.0,0.0,11.9,17.0,14.4,16.9,3.5,0.8,12.5,0.5,5.62,2.29,3.33,85,51,60,18,10,55.6,0,0,0,7,8,0,3,0,0,0,0,0,0,0,0,0,0,0,0,0
London Lions,5,Mohammad Al-Amin Abdul Adamu,,3,13.9,41.8,17,5.7,6,7,85.7,3,4,75.0,2,2,100.0,0,4,4,5,0,0,5,4,107.1,107.9,14.9,132.0,7.9,1.9,0.0,11.4,6.1,20.3,0.0,0.0,38.8,0.29,5.53,1.42,4.11,3,3,100,0,0,0,4,3,75,4,1,0,0,0,0,0,0,0,0,0,0,0,0,0,0,0
Cheshire Phoenix,3,Laquincy Rideau,,35,25.6,896.8,359,10.3,128,320,40.0,38,121,31.4,65,95,68.4,51,112,163,187,59,6,100,128,45.9,49.6,21.6,77.7,12.4,4.2,5.5,12.6,9.0,29.7,3.2,0.6,21.7,0.3,5.52,2.27,3.25,145,75,51.7,53,14,26.4,121,38,31.4,50,20,0,30,0,0,0,0,0,0,0,0,0,0,0,0,0
London Lions,13,Jonathan Williams,,14,21.1,295.2,132,9.4,57,97,58.8,0,2,0.0,18,31,58.1,23,39,62,19,12,8,29,36,58.8,59.7,22.8,94.5,13.2,0.2,9.2,14.9,12.2,12.1,2.2,3.1,20.8,0.32,5.42,0.63,4.79,78,51,65.4,17,6,35.3,2,0,0,8,10,1,10,0,0,0,0,0,0,0,0,0,0,0,0,0
Bristol Flyers,7,Cameron Holden,,35,27.9,977.4,318,9.1,114,273,41.8,18,65,27.7,72,141,51.1,86,104,190,166,58,12,69,102,45.1,47.5,18.7,78.7,11.9,2.4,8.9,11.6,10.2,28.2,3.1,1.3,17.1,0.52,5.28,1.18,4.1,164,81,49.4,44,15,34.1,65,18,27.7,43,17,0,9,0,0,0,0,0,0,0,0,0,0,0,0,0
Manchester Basketball,3,Gabriel Osbuhein,,11,20.5,226.0,73,6.6,29,62,46.8,0,2,0.0,15,28,53.6,26,30,56,45,16,6,17,37,46.8,49.1,18.0,79.9,8.4,0.2,11.3,13.7,12.5,29.3,3.6,2.5,18.6,0.45,5.02,1.52,3.5,47,27,57.4,12,2,16.7,2,0,0,10,5,0,2,0,0,0,0,0,0,0,0,0,0,0,0,0
Manchester Basketball,2,Max Jones,,35,27.6,967.4,625,17.9,215,514,41.8,79,225,35.1,116,144,80.6,22,85,107,112,23,7,72,82,49.5,54.1,29.6,96.2,22.5,8.1,2.3,8.7,5.6,19.8,1.2,0.7,11.1,0.28,4.97,3.51,1.46,168,95,56.5,120,41,34.2,225,79,35.1,32,21,0,19,0,0,0,0,0,0,0,0,0,0,0,0,0
London Lions,10,Ethan Price,,34,16.7,566.9,249,7.3,92,165,55.8,15,50,30.0,50,65,76.9,27,101,128,34,13,10,32,96,60.3,64.3,18.9,110.4,10.0,2.0,5.6,19.2,12.7,10.0,1.2,2.0,14.2,0.39,4.94,0.5,4.44,97,72,74.2,18,5,27.8,50,15,30,8,12,0,12,0,0,0,0,0,0,0,0,0,0,0,0,0
Cheshire Phoenix,11,Tobias Cameron,,31,21.0,651.5,298,9.6,109,219,49.8,39,105,37.1,41,57,71.9,53,70,123,66,21,5,47,67,58.7,61.0,18.6,102.4,11.6,4.1,7.8,11.0,9.3,14.9,1.6,0.7,16.1,0.26,4.89,3.37,1.52,77,50,64.9,37,20,54.1,105,39,37.1,18,19,0,10,0,0,0,0,0,0,0,0,0,0,0,0,0
B. Braun Sheffield Sharks,3,Rodney Chatman Iii,,35,22.1,775.0,393,11.2,119,304,39.1,44,126,34.9,111,137,81.0,13,82,95,151,42,5,77,75,46.4,53.9,26.4,89.1,14.7,4.7,1.8,11.1,6.6,32.0,2.8,0.7,17.4,0.45,4.83,1.87,2.96,108,54,50,70,21,30,126,44,34.9,49,17,0,11,0,0,0,0,0,0,0,0,0,0,0,0,0
London Lions,6,Morayo Soluade,,23,15.1,346.5,90,3.9,30,71,42.3,24,59,40.7,6,7,85.7,12,27,39,47,12,0,30,29,59.2,60.7,14.2,86.5,5.3,3.5,4.1,8.4,6.4,19.5,1.9,0.0,28.8,0.1,4.74,0.71,4.04,7,4,57.1,5,2,40,59,24,40.7,22,5,0,3,0,0,0,0,0,0,0,0,0,0,0,0,0
Newcastle Eagles,15,Cole Long,,37,28.4,1051.4,433,11.7,157,335,46.9,64,176,36.4,55,75,73.3,58,147,205,69,26,37,39,109,56.4,58.8,17.6,106.4,14.5,5.9,5.6,15.4,10.3,11.0,1.2,3.3,9.6,0.22,4.71,2.42,2.29,96,66,68.8,63,27,42.9,176,64,36.4,14,16,0,9,0,0,0,0,0,0,0,0,0,0,0,0,0
Surrey 89ers,10,Tyrin Lawrence,,21,29.5,619.3,320,15.2,119,244,48.8,19,81,23.5,63,86,73.3,10,79,89,70,30,8,56,40,52.7,56.8,25.0,94.7,19.4,4.9,1.9,12.7,7.7,18.9,2.5,1.2,16.6,0.35,4.58,2.31,2.27,96,68,70.8,65,30,46.2,81,19,23.5,22,23,0,11,0,0,0,0,0,0,0,0,0,0,0,0,0
Manchester Basketball,9,Kaiyem Cleary,,21,24.2,507.8,269,12.8,91,213,42.7,29,93,31.2,58,62,93.5,25,71,96,30,12,14,23,45,49.5,56.0,23.0,102.2,16.2,5.6,5.0,14.1,9.6,9.4,1.2,2.5,8.7,0.29,4.49,2.73,1.76,62,38,61.3,58,24,41.4,93,29,31.2,6,12,0,5,0,0,0,0,0,0,0,0,0,0,0,0,0
Leicester Riders,1,Kedrian Johnson,,8,35.5,284.0,153,19.1,50,103,48.5,12,28,42.9,41,46,89.1,4,22,26,30,8,1,26,18,54.4,62.1,23.7,102.5,23.1,4.2,1.5,7.1,4.6,19.0,1.4,0.3,17.4,0.45,4.18,2.45,1.73,51,29,56.9,24,9,37.5,28,12,42.9,9,12,0,5,0,0,0,0,0,0,0,0,0,0,0,0,0
Bristol Flyers,4,Zachary Anderson,,36,29.1,1049.3,398,11.1,143,331,43.2,65,192,33.9,47,62,75.8,19,153,172,72,22,18,53,44,53.0,55.5,17.7,96.8,14.5,7.0,1.8,15.8,8.6,11.7,1.1,1.8,12.9,0.19,4.15,1.52,2.63,85,59,69.4,53,18,34,192,65,33.9,26,18,0,9,0,0,0,0,0,0,0,0,0,0,0,0,0
Newcastle Eagles,25,Marco Anthony,,7,33.6,235.0,85,12.1,34,69,49.3,1,5,20.0,16,27,59.3,16,37,53,8,10,6,8,10,50.0,52.5,16.7,95.6,14.9,0.9,6.7,18.2,11.9,5.7,2.2,2.5,9.0,0.39,4.13,1.73,2.4,18,12,66.7,46,21,45.7,5,1,20,3,4,0,1,0,0,0,0,0,0,0,0,0,0,0,0,0
Leicester Riders,3,Travis Evee,,34,27.2,924.4,413,12.1,134,323,41.5,65,172,37.8,80,102,78.4,10,75,85,143,42,2,72,55,51.5,56.1,21.8,93.9,15.6,6.5,1.2,8.5,4.9,27.0,2.4,0.2,16.4,0.32,3.96,1.99,1.97,106,54,50.9,45,15,33.3,172,65,37.8,31,26,1,14,0,0,0,0,0,0,0,0,0,0,0,0,0
London Lions,3,Ciaran Sandy,,32,10.5,336.6,108,3.4,40,84,47.6,11,34,32.4,17,26,65.4,9,36,45,13,18,9,9,37,54.2,56.6,14.8,103.4,4.6,1.5,3.2,11.5,7.6,6.0,2.9,3.0,8.6,0.31,3.95,0.01,3.94,30,19,63.3,20,10,50,34,11,32.4,2,4,1,2,0,0,0,0,0,0,0,0,0,0,0,0,0
London Lions,5,Amin Adamu,,34,15.1,513.0,216,6.4,85,179,47.5,27,72,37.5,19,23,82.6,15,60,75,50,12,0,43,59,55.0,57.1,21.5,93.1,8.6,2.9,3.4,12.6,8.2,16.3,1.3,0.0,18.5,0.13,3.88,0.23,3.64,48,30,62.5,59,28,47.5,72,27,37.5,27,13,0,3,0,0,0,0,0,0,0,0,0,0,0,0,0
Newcastle Eagles,1,Terrell Burden Jr,,23,21.8,502.4,228,9.9,77,154,50.0,12,41,29.3,62,94,66.0,8,57,65,85,27,4,37,55,53.9,58.4,21.3,98.1,12.3,2.2,1.6,12.6,6.9,29.0,2.7,0.7,15.9,0.61,3.84,1.06,2.78,91,58,63.7,22,7,31.8,41,12,29.3,17,15,0,5,0,0,0,0,0,0,0,0,0,0,0,0,0
Surrey 89ers,21,Michael Graham,,34,22.1,750.2,304,8.9,140,243,57.6,0,1,0.0,24,56,42.9,103,177,280,32,17,34,26,57,57.6,56.8,17.6,103.5,11.5,0.0,15.0,23.9,19.6,7.1,1.2,4.2,8.9,0.23,3.82,2.53,1.29,196,120,61.2,46,20,43.5,1,0,0,11,10,0,5,0,0,0,0,0,0,0,0,0,0,0,0,0
Manchester Basketball,34,Matthew Nicholson,,35,20.7,724.0,204,5.8,80,127,63.0,0,0,0,44,95,46.3,84,152,236,20,19,47,26,87,63.0,60.4,11.9,104.7,7.3,0.0,11.9,20.9,16.5,4.0,1.3,5.9,13.3,0.75,3.79,1.33,2.46,107,73,68.2,20,7,35,0,0,0,10,3,3,10,0,0,0,0,0,0,0,0,0,0,0,0,0
B. Braun Sheffield Sharks,2,Prentiss Nixon,,32,22.9,734.4,384,12.0,129,324,39.8,46,146,31.5,80,92,87.0,13,85,98,118,21,1,58,62,46.9,52.7,26.6,90.9,15.7,6.0,1.9,12.2,7.2,27.6,1.5,0.1,13.7,0.28,3.78,1.86,1.92,71,40,56.3,107,43,40.2,146,46,31.5,36,18,0,4,0,0,0,0,0,0,0,0,0,0,0,0,0
Leicester Riders,20,Spencer Johnson,,24,29.6,711.5,287,12.0,95,209,45.5,29,76,38.2,68,86,79.1,43,106,149,58,26,5,46,30,52.4,58.1,18.9,98.0,15.6,4.1,6.6,16.2,11.4,13.9,1.9,0.7,15.7,0.41,3.76,2.12,1.64,80,46,57.5,53,20,37.7,76,29,38.2,20,21,0,5,0,0,0,0,0,0,0,0,0,0,0,0,0
B. Braun Sheffield Sharks,24,Nick Kern Jr,,35,22.4,785.2,432,12.3,169,325,52.0,8,33,24.2,86,144,59.7,47,121,168,82,27,14,60,80,53.2,55.6,26.4,96.4,16.2,1.2,6.6,16.1,11.5,19.1,1.8,1.9,13.4,0.44,3.71,1.48,2.23,201,121,60.2,91,40,44,33,8,24.2,24,22,0,14,0,0,0,0,0,0,0,0,0,0,0,0,0
Newcastle Eagles,14,Maceo Jack,,34,30.7,1042.6,515,15.1,183,385,47.5,38,115,33.0,111,135,82.2,25,118,143,67,26,10,53,79,52.5,57.9,21.7,103.5,18.8,4.2,2.5,12.4,7.3,11.0,1.3,0.9,10.7,0.35,3.58,1.89,1.69,139,89,64,131,56,42.7,115,38,33,11,34,0,8,0,0,0,0,0,0,0,0,0,0,0,0,0
London Lions,11,Ryan Mikesell,,7,20.8,145.6,53,7.6,18,47,38.3,8,25,32.0,9,10,90.0,4,12,16,12,2,0,7,20,46.8,51.6,18.6,90.8,10.3,4.9,2.9,9.3,6.0,14.8,0.7,0.0,12.0,0.21,3.53,0.07,3.46,13,6,46.2,9,4,44.4,25,8,32,3,2,0,2,0,0,0,0,0,0,0,0,0,0,0,0,0
Manchester Basketball,8,Donovan Mitchell,,5,22.2,111.0,59,11.8,22,46,47.8,5,19,26.3,10,13,76.9,5,23,28,6,3,3,9,9,53.3,57.0,23.8,97.2,14.9,4.8,4.8,21.8,13.3,9.0,1.4,2.5,14.8,0.28,3.45,1.64,1.81,21,13,61.9,6,4,66.7,19,5,26.3,4,2,0,3,0,0,0,0,0,0,0,0,0,0,0,0,0
Caledonia Gladiators,10,Rian Holland,,29,25.2,730.3,290,10.0,106,245,43.3,40,99,40.4,38,54,70.4,23,68,91,109,66,2,38,64,51.4,54.0,18.8,94.5,12.9,4.4,3.2,10.2,6.5,24.4,4.7,0.3,12.4,0.22,3.43,1.08,2.35,67,40,59.7,79,26,32.9,99,40,40.4,20,16,0,2,0,0,0,0,0,0,0,0,0,0,0,0,0
Manchester Basketball,22,Oluwaseyi Adetukasi,,35,26.5,926.8,345,9.9,130,256,50.8,41,107,38.3,44,55,80.0,27,122,149,31,19,6,39,57,58.8,61.6,15.2,108.1,12.4,3.9,3.0,13.1,8.1,5.0,1.0,0.6,12.2,0.21,3.37,1.84,1.53,103,69,67,46,20,43.5,107,41,38.3,15,12,0,12,0,0,0,0,0,0,0,0,0,0,0,0,0
Cheshire Phoenix,2,Michael Diggins,,35,23.5,824.0,356,10.2,141,322,43.8,35,124,28.2,39,57,68.4,55,102,157,38,21,22,39,76,49.2,51.3,19.6,92.2,12.3,4.3,6.4,12.5,9.4,6.8,1.2,2.4,10.1,0.18,3.34,2.28,1.05,132,86,65.2,66,20,30.3,124,35,28.2,15,16,0,8,0,0,0,0,0,0,0,0,0,0,0,0,0
Leicester Riders,2,Marc Loving,,12,29.9,358.4,137,11.4,49,113,43.4,15,44,34.1,24,26,92.3,10,43,53,24,11,7,11,19,50.0,55.0,17.1,101.2,14.8,4.8,3.0,14.4,8.4,10.7,1.6,2.0,8.1,0.23,3.32,1.68,1.64,36,20,55.6,33,14,42.4,44,15,34.1,7,4,0,0,0,0,0,0,0,0,0,0,0,0,0,0,0
London Lions,0,Ovie Soko,,14,12.3,172.1,57,4.1,18,33,54.5,0,1,0.0,21,32,65.6,14,34,48,7,9,3,15,34,54.5,60.5,17.0,91.8,5.6,0.1,9.1,23.0,15.9,6.2,2.9,2.0,24.2,0.97,3.27,-0.91,4.18,27,17,63,5,1,20,1,0,0,3,6,0,6,0,0,0,0,0,0,0,0,0,0,0,0,0
Newcastle Eagles,99,Gus Okafor,,28,25.7,719.0,341,12.2,101,257,39.3,49,127,38.6,90,130,69.2,34,98,132,45,20,10,27,59,48.8,54.3,21.8,99.9,15.1,5.6,4.8,15.2,9.8,10.3,1.4,1.3,7.9,0.51,3.18,1.88,1.3,73,35,47.9,57,17,29.8,127,49,38.6,9,10,0,8,0,0,0,0,0,0,0,0,0,0,0,0,0
Cheshire Phoenix,24,Matthew Zona,,35,13.3,465.8,222,6.3,80,177,45.2,40,110,36.4,22,38,57.9,33,74,107,17,16,17,17,73,56.5,57.3,18.9,105.4,7.7,3.8,6.8,16.1,11.3,5.4,1.7,3.2,8.1,0.21,3.04,1.94,1.1,44,31,70.5,23,9,39.1,110,40,36.4,4,3,1,9,0,0,0,0,0,0,0,0,0,0,0,0,0
Bristol Flyers,13,Owen Mccormack,,33,23.1,761.8,281,8.5,95,218,43.6,52,135,38.5,39,53,73.6,39,139,178,65,16,11,52,77,55.5,58.2,17.5,95.8,11.2,5.4,5.2,19.8,12.3,14.4,1.1,1.6,17.7,0.24,2.88,0.43,2.46,67,37,55.2,16,6,37.5,135,52,38.5,26,20,1,5,0,0,0,0,0,0,0,0,0,0,0,0,0
London Lions,8,Nigel Hawkins,,9,14.1,126.5,31,3.4,9,30,30.0,3,11,27.3,10,13,76.9,6,12,18,8,4,2,4,18,35.0,43.4,14.9,78.0,4.7,1.7,5.4,10.7,8.1,9.2,1.7,1.8,10.1,0.43,2.79,-0.77,3.56,8,2,25,11,4,36.4,11,3,27.3,1,2,0,1,0,0,0,0,0,0,0,0,0,0,0,0,0
Caledonia Gladiators,22,Charles Jett Speelman,,1,30.3,30.3,17,17.0,6,11,54.5,3,4,75.0,2,2,100.0,1,2,3,0,2,0,3,2,68.2,71.5,21.4,114.2,20.5,4.8,3.1,6.3,4.7,0.0,3.1,0.0,20.2,0.18,2.65,1.94,0.71,4,2,50,3,1,33.3,4,3,75,1,2,0,0,0,0,0,0,0,0,0,0,0,0,0,0,0
Newcastle Eagles,8,Deion Hammond,,30,27.6,827.3,330,11.0,120,298,40.3,71,187,38.0,19,23,82.6,9,78,87,40,35,8,27,85,52.2,53.6,18.5,98.5,13.6,7.7,1.1,10.4,5.6,8.0,2.1,0.9,8.1,0.08,2.54,0.93,1.61,39,22,56.4,72,27,37.5,187,71,38,9,14,0,4,0,0,0,0,0,0,0,0,0,0,0,0,0
B. Braun Sheffield Sharks,23,Jalen Deloach,,20,18.6,371.4,156,7.8,60,99,60.6,3,13,23.1,33,67,49.3,29,77,106,28,8,15,29,53,62.1,60.7,19.3,99.1,10.1,0.8,8.5,20.4,14.7,12.3,1.1,4.3,18.4,0.68,2.48,0.35,2.13,63,47,74.6,23,10,43.5,13,3,23.1,7,12,1,9,0,0,0,0,0,0,0,0,0,0,0,0,0
Manchester Basketball,7,Zak Irvin,,34,20.5,696.0,217,6.4,99,179,55.3,7,26,26.9,12,21,57.1,33,127,160,35,28,3,35,51,57.3,57.6,14.2,97.2,8.1,1.0,4.9,18.2,11.7,7.6,2.0,0.4,15.7,0.12,2.35,0.51,1.84,117,79,67.5,36,13,36.1,26,7,26.9,10,15,0,10,0,0,0,0,0,0,0,0,0,0,0,0,0
Caledonia Gladiators,40,Ethan Wright,,34,25.1,853.2,432,12.7,162,369,43.9,54,156,34.6,54,69,78.3,60,138,198,99,44,13,69,68,51.2,54.1,24.6,92.2,16.3,5.9,7.1,17.4,12.1,20.6,2.7,1.4,14.7,0.19,2.29,1.35,0.95,183,99,54.1,30,9,30,156,54,34.6,36,24,0,9,0,0,0,0,0,0,0,0,0,0,0,0,0
Newcastle Eagles,41,Mitch Clarke,,37,24.4,902.2,309,8.4,104,266,39.1,36,130,27.7,65,85,76.5,28,91,119,114,52,6,57,117,45.9,50.9,18.1,85.7,10.4,4.4,3.1,11.1,7.0,20.0,2.9,0.6,15.8,0.32,2.29,-0.08,2.37,102,55,53.9,34,13,38.2,130,36,27.7,32,21,0,4,0,0,0,0,0,0,0,0,0,0,0,0,0
B. Braun Sheffield Sharks,9,Jordan Ratinho,,35,25.5,893.8,164,4.7,60,134,44.8,28,76,36.8,16,28,57.1,30,63,93,39,30,7,20,62,55.2,56.0,8.6,98.6,6.1,2.8,3.7,7.4,5.6,6.3,1.8,0.8,12.0,0.21,2.16,0.35,1.81,52,31,59.6,6,1,16.7,76,28,36.8,8,6,0,6,0,0,0,0,0,0,0,0,0,0,0,0,0
Leicester Riders,41,Nathaniel Martin,,24,25.9,622.2,209,8.7,89,163,54.6,0,0,0,31,55,56.4,68,114,182,42,13,12,26,51,54.6,55.8,15.7,98.0,11.3,0.0,11.8,20.1,15.9,11.8,1.1,1.9,12.2,0.34,2.11,0.93,1.18,109,67,61.5,54,22,40.7,0,0,0,14,6,0,6,0,0,0,0,0,0,0,0,0,0,0,0,0
Caledonia Gladiators,0,Kevin Allen,,12,24.6,295.5,205,17.1,79,136,58.1,0,4,0.0,47,54,87.0,25,57,82,20,4,4,30,21,58.1,64.2,29.8,108.0,22.5,0.4,9.8,20.4,15.3,14.3,0.7,1.3,15.8,0.4,2.08,1.86,0.22,82,58,70.7,50,21,42,4,0,0,14,10,0,6,0,0,0,0,0,0,0,0,0,0,0,0,0
Cheshire Phoenix,9,Damiri Lindo,,34,16.8,570.3,216,6.4,75,182,41.2,16,66,24.2,50,55,90.9,23,63,86,36,28,5,35,71,45.6,52.4,17.7,89.6,7.7,2.4,3.9,11.2,7.4,8.9,2.4,0.8,14.5,0.3,2.07,0.86,1.21,92,54,58.7,24,5,20.8,66,16,24.2,8,19,0,8,0,0,0,0,0,0,0,0,0,0,0,0,0
London Lions,55,Matthew Goodwin,,28,5.7,159.3,40,1.4,13,41,31.7,7,26,26.9,7,7,100.0,4,16,20,8,4,1,11,19,40.2,45.4,16.6,72.6,1.9,1.3,3.0,10.8,7.1,7.5,1.4,0.7,20.0,0.17,1.92,-0.97,2.89,3,1,33.3,12,5,41.7,26,7,26.9,6,4,0,1,0,0,0,0,0,0,0,0,0,0,0,0,0
B. Braun Sheffield Sharks,5,Troy D'amico,,8,17.7,141.3,42,5.2,14,32,43.8,6,21,28.6,8,10,80.0,8,20,28,9,5,0,6,12,53.1,57.7,13.9,99.1,6.8,3.4,6.4,17.2,11.6,9.1,1.9,0.0,14.2,0.31,1.88,0.43,1.45,10,8,80,1,0,0,21,6,28.6,4,2,0,0,0,0,0,0,0,0,0,0,0,0,0,0,0
Newcastle Eagles,24,Brett Reed,,4,20.6,82.5,29,7.2,11,18,61.1,0,0,0,7,15,46.7,5,15,20,8,5,2,9,9,61.1,58.9,17.8,86.3,8.7,0.0,6.2,19.9,12.8,16.2,3.1,2.3,26.8,0.83,1.67,-0.65,2.33,12,8,66.7,6,3,50,0,0,0,6,2,0,1,0,0,0,0,0,0,0,0,0,0,0,0,0
Surrey 89ers,11,Kareem Queeley,,7,21.9,153.3,54,7.7,19,46,41.3,4,21,19.0,12,20,60.0,7,17,24,20,5,0,11,7,45.7,49.3,18.6,82.1,10.0,3.9,4.5,11.9,8.0,20.0,1.7,0.0,16.7,0.43,1.61,0.99,0.62,16,13,81.2,9,2,22.2,21,4,19,6,5,0,0,0,0,0,0,0,0,0,0,0,0,0,0,0
Leicester Riders,77,Flynn Boardman-Raffet,,32,20.7,661.7,334,10.4,113,228,49.6,24,82,29.3,84,113,74.3,27,75,102,40,17,3,34,33,54.8,60.1,21.5,107.1,13.4,3.3,4.4,11.8,8.2,10.9,1.3,0.4,10.9,0.5,1.46,0.96,0.49,113,78,69,32,10,31.2,82,24,29.3,7,21,0,6,0,0,0,0,0,0,0,0,0,0,0,0,0
London Lions,4,Jordan Kevin Williams,,1,2.7,2.7,0,0.0,0,0,0,0,0,0,0,0,0,0,0,0,0,0,0,0,1,0,0,0.0,0,0.0,0.0,0.0,0.0,0.0,0.0,0.0,0.0,0,0,1.43,-1.37,2.81,0,0,0,0,0,0,0,0,0,0,0,0,0,0,0,0,0,0,0,0,0,0,0,0,0,0
London Lions,4,Jordan Williams,,9,5.9,52.7,10,1.1,4,8,50.0,0,0,0,2,8,25.0,2,5,7,5,1,0,4,16,50.0,43.4,14.0,64.4,1.5,0.0,4.4,10.5,7.5,13.6,1.1,0.0,25.8,1.0,1.36,-1.7,3.06,8,4,50,0,0,0,0,0,0,0,2,0,2,0,0,0,0,0,0,0,0,0,0,0,0,0
Bristol Flyers,1,Cameron Christon,,14,20.5,287.1,126,9.0,44,98,44.9,18,50,36.0,20,24,83.3,12,17,29,14,7,3,16,38,54.1,58.0,19.3,101.2,11.8,4.7,4.3,6.4,5.3,8.1,1.3,1.1,12.8,0.24,1.3,-0.3,1.6,33,18,54.5,15,8,53.3,50,18,36,6,5,0,5,0,0,0,0,0,0,0,0,0,0,0,0,0
Manchester Basketball,30,Duke Shelton,,29,8.0,232.2,105,3.6,36,49,73.5,0,0,0,33,46,71.7,29,61,90,7,3,11,14,41,73.5,75.8,15.8,126.1,4.5,0.0,12.9,25.7,19.5,4.6,0.7,4.2,16.8,0.94,1.26,0.23,1.03,45,35,77.8,4,1,25,0,0,0,2,6,0,6,0,0,0,0,0,0,0,0,0,0,0,0,0
B. Braun Sheffield Sharks,5,Mervin James,,19,16.8,319.4,202,10.6,74,163,45.4,9,27,33.3,45,55,81.8,20,73,93,15,6,5,31,26,48.2,54.0,31.3,92.6,13.8,1.8,6.8,22.2,14.9,8.8,1.0,1.6,14.2,0.34,1.1,0.27,0.83,83,48,57.8,53,17,32.1,27,9,33.3,13,11,0,7,0,0,0,0,0,0,0,0,0,0,0,0,0
Manchester Basketball,3,Gabriel Osabuohien,,17,14.0,237.2,39,2.3,16,37,43.2,0,2,0.0,7,21,33.3,31,42,73,47,18,10,38,64,43.2,42.2,15.4,46.3,2.9,0.1,13.4,17.2,15.4,27.1,3.8,3.8,45.1,0.57,1.02,-1.44,2.47,29,14,48.3,6,2,33.3,2,0,0,16,11,0,11,0,0,0,0,0,0,0,0,0,0,0,0,0
Surrey 89ers,1,Owen Koonce,,12,14.9,178.5,57,4.8,21,51,41.2,6,23,26.1,9,13,69.2,9,19,28,19,12,4,12,21,47.1,50.2,16.7,82.9,6.1,2.4,5.0,10.8,7.9,15.8,3.5,2.2,17.5,0.25,1.02,-0.01,1.02,19,13,68.4,9,2,22.2,23,6,26.1,7,4,0,1,0,0,0,0,0,0,0,0,0,0,0,0,0
Bristol Flyers,51,Darnell Brodie,,36,17.3,622.4,283,7.9,108,215,50.2,1,5,20.0,66,104,63.5,70,130,200,39,15,19,59,76,50.5,54.3,23.3,88.5,10.3,0.2,11.4,22.6,16.8,11.4,1.3,3.3,18.5,0.48,0.94,-0.91,1.85,164,92,56.1,46,15,32.6,5,1,20,33,17,0,9,0,0,0,0,0,0,0,0,0,0,0,0,0
Caledonia Gladiators,56,Lloyd Bryan Jr,,1,19.3,19.3,13,13.0,4,7,57.1,0,1,0.0,5,6,83.3,2,8,10,1,0,0,0,5,57.1,67.4,21.8,134.9,15.7,1.2,9.7,39.5,24.4,8.4,0.0,0.0,0.0,0.86,0.86,0.12,0.74,4,3,75,2,1,50,1,0,0,0,0,0,0,0,0,0,0,0,0,0,0,0,0,0,0,0
Surrey 89ers,4,Andrew Lawrence,,28,10.5,294.4,65,2.3,23,62,37.1,9,35,25.7,10,14,71.4,4,21,25,64,17,1,17,33,44.4,47.7,13.0,76.3,3.0,1.6,1.5,7.2,4.4,30.3,3.0,0.3,20.0,0.23,0.62,-0.12,0.73,13,5,38.5,14,9,64.3,35,9,25.7,11,3,1,2,0,0,0,0,0,0,0,0,0,0,0,0,0
Manchester Basketball,1,Kyle Carey,,35,12.9,452.6,142,4.1,56,129,43.4,26,81,32.1,4,9,44.4,3,35,38,16,14,6,14,46,53.5,53.4,14.3,96.6,5.1,2.9,0.7,7.7,4.2,5.2,1.6,1.2,9.5,0.07,0.6,-0.18,0.78,33,24,72.7,15,6,40,81,26,32.1,9,4,0,1,0,0,0,0,0,0,0,0,0,0,0,0,0
Caledonia Gladiators,24,Matthew Ragsdale,,34,26.9,914.6,490,14.4,186,436,42.7,88,263,33.5,30,36,83.3,9,59,68,54,19,3,44,39,52.8,54.2,24.3,98.8,18.5,10.0,1.0,6.9,3.9,10.7,1.1,0.3,8.9,0.08,0.48,1.43,-0.95,69,45,65.2,104,53,51,263,88,33.5,24,11,0,9,0,0,0,0,0,0,0,0,0,0,0,0,0
B. Braun Sheffield Sharks,11,Rodney Glasgow Jr,,35,15.7,550.2,135,3.9,54,131,41.2,17,54,31.5,10,10,100.0,6,25,31,43,8,2,18,27,47.7,49.9,12.9,88.0,5.1,2.0,1.2,4.7,3.0,11.8,0.8,0.4,11.7,0.08,0.33,-0.33,0.66,21,7,33.3,56,30,53.6,54,17,31.5,10,5,0,3,0,0,0,0,0,0,0,0,0,0,0,0,0
Cheshire Phoenix,6,Lukasz Paradysz,,28,0.1,2.7,2,0.1,1,1,100.0,0,0,0,0,0,0,0,0,0,0,1,0,0,0,100.0,100.0,15.5,200.0,0.1,0.0,0.0,0.0,0.0,0.0,18.1,0.0,0.0,0.0,0.29,0.3,-0.01,0,0,0,1,1,100,0,0,0,0,0,0,0,0,0,0,0,0,0,0,0,0,0,0,0,0
Cheshire Phoenix,1,Greg Wild,,31,2.8,87.2,13,0.4,3,12,25.0,2,11,18.2,5,6,83.3,1,5,6,5,2,0,3,9,33.3,44.4,8.5,73.7,0.5,0.4,1.1,5.9,3.4,7.2,1.1,0.0,17.0,0.5,0.26,0.21,0.05,1,1,100,0,0,0,11,2,18.2,1,2,0,0,0,0,0,0,0,0,0,0,0,0,0,0,0
Surrey 89ers,17,Nedas Cholevinskas,,35,19.1,667.1,253,7.2,78,197,39.6,41,108,38.0,56,73,76.7,21,68,89,28,13,2,28,68,50.0,55.2,17.3,98.4,9.2,3.9,3.4,10.4,7.0,6.2,1.0,0.3,10.9,0.37,0.26,0.35,-0.09,62,29,46.8,27,8,29.6,108,41,38,11,12,0,5,0,0,0,0,0,0,0,0,0,0,0,0,0
B. Braun Sheffield Sharks,15,Mike Ochereobia,,35,13.7,480.0,123,3.5,50,84,59.5,0,0,0,23,40,57.5,65,58,123,16,12,4,26,75,59.5,60.5,12.3,96.4,4.6,0.0,14.9,12.6,13.8,5.1,1.3,0.9,20.4,0.48,0.24,-0.59,0.82,66,43,65.2,18,7,38.9,0,0,0,1,10,4,11,0,0,0,0,0,0,0,0,0,0,0,0,0
Newcastle Eagles,2,Josh Ward-Hibbert,,14,11.9,166.4,48,3.4,17,44,38.6,5,19,26.3,9,10,90.0,4,16,20,8,10,5,4,8,44.3,49.6,14.1,91.6,4.2,1.7,2.5,10.4,6.3,7.0,3.0,2.9,7.6,0.23,0.19,-0.69,0.88,20,9,45,5,3,60,19,5,26.3,2,2,0,0,0,0,0,0,0,0,0,0,0,0,0,0,0
Newcastle Eagles,1,Terrell Burden,,1,19.4,19.4,3,3.0,1,4,25.0,0,2,0.0,1,2,50.0,0,2,2,5,3,0,3,5,25.0,30.7,17.8,38.1,3.5,2.3,0.0,10.3,5.7,30.3,7.1,0.0,38.1,0.5,0.18,-3.85,4.03,1,1,100,1,0,0,2,0,0,1,1,0,1,0,0,0,0,0,0,0,0,0,0,0,0,0
Surrey 89ers,15,Tayo Ogedengbe,,35,18.2,636.3,166,4.7,55,143,38.5,25,83,30.1,31,50,62.0,18,38,56,35,18,4,18,44,47.2,50.3,12.9,90.7,6.1,3.0,3.1,6.1,4.6,7.8,1.5,0.6,9.8,0.35,0.12,0.09,0.03,45,26,57.8,15,4,26.7,83,25,30.1,10,4,0,4,0,0,0,0,0,0,0,0,0,0,0,0,0
Manchester Basketball,10,Luca Lara-Sanchez,,1,0,0.0,0,0,0,0,0,0,0,0,0,0,0,0,0,0,0,0,0,0,0,0,0,0,0,0,0,0,0,0,0,0,0,0,0,0,0,0,0,0,0,0,0,0,0,0,0,0,0,0,0,0,0,0,0,0,0,0,0,0,0,0,0,0
Cheshire Phoenix,15,Rafi Pierre-Louis,,20,0,0.0,0,0,0,0,0,0,0,0,0,0,0,0,0,0,0,0,0,0,0,0,0,0,0,0,0,0,0,0,0,0,0,0,0,0,0,0,0,0,0,0,0,0,0,0,0,0,0,0,0,0,0,0,0,0,0,0,0,0,0,0,0,0
Caledonia Gladiators,4,Cael Sweeney,,7,0,0.0,0,0,0,0,0,0,0,0,0,0,0,0,0,0,0,0,0,0,0,0,0,0,0,0,0,0,0,0,0,0,0,0,0,0,0,0,0,0,0,0,0,0,0,0,0,0,0,0,0,0,0,0,0,0,0,0,0,0,0,0,0,0
Caledonia Gladiators,3,Jamie Adair,,10,0,0.0,0,0,0,0,0,0,0,0,0,0,0,0,0,0,0,0,0,0,0,0,0,0,0,0,0,0,0,0,0,0,0,0,0,0,0,0,0,0,0,0,0,0,0,0,0,0,0,0,0,0,0,0,0,0,0,0,0,0,0,0,0,0
Surrey 89ers,66,Kieran Otabor,,1,0,0.0,0,0,0,0,0,0,0,0,0,0,0,0,0,0,0,0,0,0,0,0,0,0,0,0,0,0,0,0,0,0,0,0,0,0,0,0,0,0,0,0,0,0,0,0,0,0,0,0,0,0,0,0,0,0,0,0,0,0,0,0,0,0
Leicester Riders,5,Xavier Bledson,,7,28.7,201.2,82,11.7,24,78,30.8,9,32,28.1,25,33,75.8,7,18,25,23,9,0,15,12,36.5,44.3,23.8,76.3,14.1,5.5,3.7,8.3,6.1,19.0,2.3,0.0,14.0,0.42,-0.04,-0.51,0.47,27,12,44.4,19,3,15.8,32,9,28.1,10,5,0,0,0,0,0,0,0,0,0,0,0,0,0,0,0
Bristol Flyers,9,Jonathan Brown,,34,19.2,651.2,273,8.0,94,260,36.2,31,112,27.7,54,71,76.1,21,59,80,52,14,6,58,31,42.1,46.9,24.2,78.2,10.5,4.3,3.3,9.8,6.4,13.6,1.1,1.0,16.6,0.27,-0.24,-1.15,0.91,87,44,50.6,61,19,31.1,112,31,27.7,31,23,0,4,0,0,0,0,0,0,0,0,0,0,0,0,0
Bristol Flyers,21,Marcus Delpeche,,36,12.0,433.3,188,5.2,76,152,50.0,1,1,100.0,35,60,58.3,58,62,120,19,14,5,30,58,50.3,52.7,21.8,90.2,6.9,0.0,13.6,15.5,14.5,8.0,1.7,1.2,14.4,0.39,-0.3,-1.41,1.1,133,72,54.1,18,3,16.7,1,1,100,10,8,1,11,0,0,0,0,0,0,0,0,0,0,0,0,0
Leicester Riders,9,Emmanuel Akot,,7,29.3,204.9,58,8.3,23,61,37.7,7,20,35.0,5,6,83.3,9,21,30,17,4,0,9,13,43.4,45.6,16.6,79.8,10.7,3.7,4.9,9.7,7.5,15.0,1.0,0.0,12.4,0.1,-0.33,-0.49,0.16,23,12,52.2,18,4,22.2,20,7,35,8,1,0,0,0,0,0,0,0,0,0,0,0,0,0,0,0
Surrey 89ers,55,Haydn Ling,,32,9.7,309.8,136,4.2,51,81,63.0,0,3,0.0,34,53,64.2,36,73,109,13,2,17,31,59,63.0,65.2,19.7,100.5,5.5,0.1,12.6,24.0,18.5,6.7,0.3,5.1,22.9,0.65,-0.35,-0.46,0.11,60,40,66.7,18,11,61.1,3,0,0,10,6,2,13,0,0,0,0,0,0,0,0,0,0,0,0,0
Leicester Riders,10,Olutomiwa Sulaiman,,27,18.7,503.9,155,5.7,61,148,41.2,15,56,26.8,18,23,78.3,29,84,113,31,15,13,29,40,46.3,49.0,17.0,82.8,7.4,2.7,6.2,17.9,12.1,10.2,1.6,2.6,15.5,0.16,-0.49,-1.02,0.53,58,36,62.1,34,10,29.4,56,15,26.8,13,10,0,6,0,0,0,0,0,0,0,0,0,0,0,0,0
Manchester Basketball,13,Kayne Henry,,15,9.1,135.9,35,2.3,15,41,36.6,3,20,15.0,2,5,40.0,4,15,19,6,5,0,5,10,40.2,40.5,15.7,72.6,3.0,1.7,3.0,11.2,7.1,6.4,1.9,0.0,10.4,0.12,-0.53,-0.87,0.34,16,11,68.8,5,1,20,20,3,15,2,2,0,1,0,0,0,0,0,0,0,0,0,0,0,0,0
Manchester Basketball,10,Oluwademilade Babalola,,17,0.6,10.9,6,0.4,1,2,50.0,1,2,50.0,3,3,100.0,0,1,1,0,0,0,0,4,75.0,90.4,13.3,180.7,0.4,0.1,0.0,9.0,4.6,0.0,0.0,0.0,0.0,1.5,-0.7,-0.79,0.09,0,0,0,0,0,0,2,1,50,0,0,0,0,0,0,0,0,0,0,0,0,0,0,0,0,0
Newcastle Eagles,21,Emmanuel Kanwei,,35,13.4,469.9,174,5.0,66,133,49.6,4,12,33.3,38,65,58.5,34,46,80,22,7,10,27,55,51.1,53.8,18.2,92.3,6.1,0.4,7.4,10.8,9.0,7.6,0.7,2.0,14.3,0.49,-0.82,-1.04,0.22,69,41,59.4,52,21,40.4,12,4,33.3,3,16,0,8,0,0,0,0,0,0,0,0,0,0,0,0,0
Leicester Riders,12,Aaron Menzies,,30,16.0,479.8,161,5.4,63,109,57.8,0,1,0.0,35,55,63.6,55,104,159,23,6,17,40,70,57.8,60.4,16.5,93.0,6.8,0.0,12.5,22.9,17.8,7.9,0.7,3.5,23.1,0.5,-0.89,-1.31,0.42,90,56,62.2,18,7,38.9,1,0,0,7,20,3,10,0,0,0,0,0,0,0,0,0,0,0,0,0
Newcastle Eagles,9,Sauveur Kande,,33,6.1,200.3,64,1.9,21,42,50.0,18,32,56.2,4,6,66.7,3,16,19,3,4,3,1,24,71.4,71.7,10.3,140.2,2.4,1.2,1.5,8.8,5.0,2.4,1.0,1.4,2.2,0.14,-0.92,-1.0,0.08,6,2,33.3,4,1,25,32,18,56.2,1,0,0,0,0,0,0,0,0,0,0,0,0,0,0,0,0
Manchester Basketball,33,Judson Martindale,,34,2.2,76.0,12,0.4,4,20,20.0,2,8,25.0,2,2,100.0,4,4,8,3,1,1,3,13,25.0,28.7,13.9,50.3,0.4,0.3,5.4,5.2,5.3,5.3,0.7,1.2,12.6,0.1,-1.05,-1.06,0.01,9,2,22.2,3,0,0,8,2,25,0,2,0,1,0,0,0,0,0,0,0,0,0,0,0,0,0
Bristol Flyers,77,Evan Walshe,,18,14.6,263.2,62,3.4,22,56,39.3,4,16,25.0,14,20,70.0,5,27,32,25,12,0,21,39,42.9,47.8,14.7,72.3,4.5,1.2,1.9,11.2,6.4,14.4,2.4,0.0,24.5,0.36,-1.2,-2.91,1.71,35,17,48.6,5,1,20,16,4,25,13,6,0,2,0,0,0,0,0,0,0,0,0,0,0,0,0
Surrey 89ers,19,Timothy Nwankwo,,16,9.4,150.8,32,2.0,15,32,46.9,1,6,16.7,1,2,50.0,10,14,24,9,3,4,9,18,48.4,48.7,12.8,76.4,2.5,0.5,7.6,9.6,8.7,8.8,1.0,2.5,21.5,0.06,-1.28,-0.96,-0.31,18,10,55.6,8,4,50,6,1,16.7,1,0,0,8,0,0,0,0,0,0,0,0,0,0,0,0,0
B. Braun Sheffield Sharks,6,Reyad West,,30,0.7,20.2,7,0.2,2,6,33.3,1,3,33.3,2,2,100.0,0,0,0,1,0,0,4,2,41.7,50.9,24.8,64.3,0.3,0.1,0.0,0.0,0.0,7.5,0.0,0.0,36.8,0.33,-1.35,-1.38,0.03,1,0,0,2,1,50,3,1,33.3,1,2,0,1,0,0,0,0,0,0,0,0,0,0,0,0,0
London Lions,13,Johnathan Williams,,1,15.0,15.0,2,2.0,1,5,20.0,0,0,0,0,0,0,1,3,4,1,0,1,2,2,20.0,20.0,22.9,28.6,2.9,0.0,8.9,17.8,14.2,10.5,0.0,7.6,28.6,0.0,-1.48,-4.06,2.57,3,1,33.3,2,0,0,0,0,0,0,1,0,1,0,0,0,0,0,0,0,0,0,0,0,0,0
Leicester Riders,10,Tomiwa Sulaiman,,1,17.2,17.2,4,4.0,2,3,66.7,0,0,0,0,0,0,0,1,1,0,0,0,0,1,66.7,66.7,9.1,133.3,5.7,0.0,0.0,6.1,3.4,0.0,0.0,0.0,0.0,0.0,-1.77,-1.42,-0.35,3,2,66.7,0,0,0,0,0,0,0,0,0,0,0,0,0,0,0,0,0,0,0,0,0,0,0
Surrey 89ers,19,Timothy Nwanko,,19,7.1,135.6,29,1.5,13,30,43.3,0,3,0.0,3,6,50.0,11,20,31,3,8,4,13,23,43.3,44.4,14.8,63.5,2.0,0.2,8.4,14.8,11.7,3.1,3.1,2.8,28.5,0.2,-1.78,-1.55,-0.23,19,10,52.6,8,3,37.5,3,0,0,5,5,0,3,0,0,0,0,0,0,0,0,0,0,0,0,0
Surrey 89ers,44,Joshua Smith-White,,26,0.4,9.2,6,0.2,2,6,33.3,1,5,20.0,1,2,50.0,0,2,2,0,0,0,0,1,41.7,43.6,34.0,87.2,0.3,0.2,0.0,22.1,11.5,0.0,0.0,0.0,0.0,0.33,-1.88,-1.03,-0.84,1,1,100,0,0,0,5,1,20,0,0,0,0,0,0,0,0,0,0,0,0,0,0,0,0,0
Caledonia Gladiators,22,Charles Jet Speelman,,33,23.6,778.1,335,10.2,126,285,44.2,47,119,39.5,36,45,80.0,43,104,147,47,10,2,57,72,52.5,55.0,20.9,92.6,13.1,4.6,5.6,14.4,9.9,10.2,0.7,0.2,15.8,0.16,-1.89,-0.83,-1.06,90,49,54.4,75,29,38.7,119,47,39.5,21,19,0,17,0,0,0,0,0,0,0,0,0,0,0,0,0
Bristol Flyers,25,Milos Dugalic,,17,15.4,261.1,64,3.8,22,78,28.2,6,26,23.1,14,24,58.3,15,42,57,17,11,3,21,32,32.1,36.1,19.0,58.4,5.0,2.0,5.8,17.1,11.3,10.5,2.2,1.3,19.2,0.31,-1.94,-3.15,1.21,47,16,34,5,0,0,26,6,23.1,12,5,0,4,0,0,0,0,0,0,0,0,0,0,0,0,0
Leicester Riders,9,Michael Joiner,,10,16.4,164.1,46,4.6,15,43,34.9,6,19,31.6,10,13,76.9,4,23,27,8,1,0,4,11,41.9,47.2,14.6,87.3,5.7,2.3,2.7,13.5,8.4,7.8,0.3,0.0,7.6,0.3,-1.97,-1.5,-0.46,11,6,54.5,13,3,23.1,19,6,31.6,1,3,0,0,0,0,0,0,0,0,0,0,0,0,0,0,0
Surrey 89ers,33,Maximilian Coupe,,17,1.0,16.5,5,0.3,1,3,33.3,0,1,0.0,3,3,100.0,0,1,1,3,0,0,3,6,33.3,57.9,20.0,68.3,0.4,0.1,0.0,6.1,3.2,25.2,0.0,0.0,41.0,1.0,-2.0,-1.24,-0.77,2,1,50,0,0,0,1,0,0,2,1,0,0,0,0,0,0,0,0,0,0,0,0,0,0,0
Caledonia Gladiators,56,Lloyd Alvin Bryan Jr,,21,20.0,420.6,186,8.9,69,142,48.6,2,7,28.6,46,63,73.0,56,49,105,33,4,11,36,54,49.3,54.8,21.5,90.4,11.3,0.4,12.6,12.7,12.7,13.2,0.5,2.4,17.5,0.44,-2.0,-1.04,-0.96,106,56,52.8,29,11,37.9,7,2,28.6,8,18,1,9,0,0,0,0,0,0,0,0,0,0,0,0,0
Caledonia Gladiators,7,Fraser Malcolm,,34,21.3,723.8,190,5.6,66,183,36.1,35,125,28.0,23,29,79.3,21,82,103,42,11,12,15,37,45.6,48.5,13.1,90.1,7.2,4.7,2.9,12.2,7.4,8.7,0.8,1.6,7.1,0.16,-2.09,-1.26,-0.83,47,28,59.6,11,3,27.3,125,35,28,12,2,0,1,0,0,0,0,0,0,0,0,0,0,0,0,0
Manchester Basketball,5,Cody John,,3,18.2,54.7,17,5.7,8,21,38.1,0,7,0.0,1,1,100.0,0,5,5,3,2,0,4,7,38.1,39.6,20.6,66.8,7.2,3.0,0.0,9.5,4.6,8.5,1.8,0.0,15.7,0.05,-2.15,-2.63,0.48,3,1,33.3,11,7,63.6,7,0,0,1,2,0,1,0,0,0,0,0,0,0,0,0,0,0,0,0
Newcastle Eagles,13,Darius Defoe,,21,7.3,152.4,43,2.0,17,39,43.6,1,5,20.0,8,10,80.0,2,9,11,9,3,2,11,27,44.9,49.5,16.4,79.0,2.5,0.3,1.3,6.4,3.8,9.4,1.0,1.2,20.2,0.26,-2.2,-2.17,-0.03,5,4,80,29,12,41.4,5,1,20,4,1,0,6,0,0,0,0,0,0,0,0,0,0,0,0,0
Leicester Riders,8,Michael Akintomide Akinsiku,,17,7.5,127.2,35,2.1,16,32,50.0,0,0,0,3,12,25.0,13,29,42,4,5,4,7,17,50.0,46.9,16.0,79.0,2.6,0.0,11.3,22.2,17.0,5.4,2.0,2.9,15.8,0.38,-2.23,-2.04,-0.19,25,14,56,7,2,28.6,0,0,0,2,3,0,2,0,0,0,0,0,0,0,0,0,0,0,0,0
Leicester Riders,25,Victor Ndoukou,,31,14.4,446.3,113,3.6,37,97,38.1,19,58,32.8,20,25,80.0,10,41,51,14,5,4,19,39,47.9,52.3,13.1,89.0,4.7,2.4,2.4,9.6,6.1,5.0,0.6,0.9,15.0,0.26,-2.24,-1.81,-0.43,22,14,63.6,17,4,23.5,58,19,32.8,10,8,0,1,0,0,0,0,0,0,0,0,0,0,0,0,0
Leicester Riders,1,Michael Mitchell Jr,,4,15.5,62.0,14,3.5,5,18,27.8,3,11,27.3,1,3,33.3,0,3,3,8,3,1,6,6,36.1,36.2,19.7,55.3,4.7,3.7,0.0,4.7,2.5,26.1,2.6,1.5,23.7,0.17,-2.49,-2.68,0.19,5,2,40,2,0,0,11,3,27.3,4,1,0,1,0,0,0,0,0,0,0,0,0,0,0,0,0
Bristol Flyers,40,Pasquale Landolfi,,36,2.2,78.8,11,0.3,4,19,21.1,2,15,13.3,1,2,50.0,2,3,5,3,0,0,5,10,26.3,27.7,14.3,44.2,0.4,0.5,2.6,4.1,3.3,5.7,0.0,0.0,20.1,0.11,-2.54,-2.85,0.31,2,1,50,2,1,50,15,2,13.3,1,4,0,0,0,0,0,0,0,0,0,0,0,0,0,0,0
Caledonia Gladiators,5,Dwaine Jones Jr,,20,23.9,478.3,138,6.9,58,157,36.9,8,46,17.4,14,26,53.8,12,37,49,91,15,3,47,41,39.5,41.0,19.6,64.1,8.7,2.9,2.3,8.3,5.1,29.3,1.6,0.6,21.8,0.17,-2.58,-2.43,-0.15,89,40,44.9,22,10,45.5,46,8,17.4,33,7,0,7,0,0,0,0,0,0,0,0,0,0,0,0,0
Surrey 89ers,33,Di-Jani Parkinson,,3,4.1,12.3,2,0.7,0,4,0.0,0,1,0.0,2,2,100.0,0,0,0,1,0,0,0,2,0.0,20.5,17.8,41.0,0.9,0.4,0.0,0.0,0.0,11.2,0.0,0.0,0.0,0.5,-2.79,-1.74,-1.05,3,0,0,0,0,0,1,0,0,0,0,0,0,0,0,0,0,0,0,0,0,0,0,0,0,0
Caledonia Gladiators,15,Malcolm Delpeche,,21,15.0,314.7,133,6.3,58,110,52.7,0,2,0.0,17,44,38.6,41,48,89,20,10,4,19,43,52.7,51.4,20.7,89.6,8.0,0.1,12.2,16.5,14.2,11.0,1.6,1.2,12.8,0.4,-2.84,-1.87,-0.97,92,57,62,16,1,6.2,2,0,0,10,7,0,2,0,0,0,0,0,0,0,0,0,0,0,0,0
Surrey 89ers,44,Rj Eytle-Rock,,7,14.3,100.0,24,3.4,7,23,30.4,1,7,14.3,9,11,81.8,5,8,13,4,2,0,9,14,32.6,43.1,16.7,65.1,4.1,1.2,5.6,8.1,6.9,5.7,1.0,0.0,24.4,0.48,-2.92,-2.15,-0.78,11,5,45.5,5,1,20,7,1,14.3,2,5,0,2,0,0,0,0,0,0,0,0,0,0,0,0,0
Leicester Riders,43,Seth Wylie,,24,0.8,19.0,6,0.2,2,4,50.0,2,2,100.0,0,0,0,0,0,0,0,0,0,1,2,75.0,75.0,12.1,120.0,0.3,0.1,0.0,0.0,0.0,0.0,0.0,0.0,20.0,0.0,-2.95,-2.13,-0.83,1,0,0,1,0,0,2,2,100,1,0,0,0,0,0,0,0,0,0,0,0,0,0,0,0,0
Leicester Riders,5,Tomide Akinsiku,,1,1.4,1.4,0,0.0,0,0,0,0,0,0,0,0,0,0,0,0,0,0,0,0,0,0,0,0.0,0,0.0,0.0,0.0,0.0,0.0,0.0,0.0,0.0,0,0,-3.01,-2.18,-0.83,0,0,0,0,0,0,0,0,0,0,0,0,0,0,0,0,0,0,0,0,0,0,0,0,0,0
Leicester Riders,0,Oscar Curran,,18,0.6,11.2,0,0.0,0,1,0.0,0,1,0.0,0,0,0,0,1,1,1,0,0,1,1,0.0,0.0,8.1,0.0,0.0,0.1,0.0,9.5,4.8,12.1,0.0,0.0,50.0,0.0,-3.1,-2.27,-0.83,0,0,0,0,0,0,1,0,0,1,0,0,0,0,0,0,0,0,0,0,0,0,0,0,0,0
Newcastle Eagles,45,Malcolm Smith,,9,10.6,95.4,31,3.4,9,36,25.0,0,1,0.0,13,18,72.2,8,6,14,5,1,1,7,13,25.0,35.3,23.7,60.9,4.2,0.1,8.2,6.9,7.6,8.2,0.5,1.0,13.7,0.5,-3.28,-2.55,-0.73,9,3,33.3,26,6,23.1,1,0,0,1,3,0,3,0,0,0,0,0,0,0,0,0,0,0,0,0
Caledonia Gladiators,11,Totonitoluwa Fagbenle,,31,13.2,409.2,108,3.5,45,96,46.9,5,17,29.4,13,26,50.0,22,43,65,19,22,18,29,48,49.5,50.3,14.9,79.2,4.5,0.7,5.5,11.4,8.3,7.1,2.8,4.1,21.3,0.27,-3.47,-2.95,-0.52,61,35,57.4,18,5,27.8,17,5,29.4,12,11,0,6,0,0,0,0,0,0,0,0,0,0,0,0,0
Leicester Riders,2,Duke Shelton,,4,14.6,58.3,25,6.2,9,20,45.0,0,1,0.0,7,11,63.6,5,11,16,1,0,2,7,9,45.0,50.3,26.4,78.5,8.3,0.3,9.6,18.2,14.2,4.1,0.0,3.2,22.0,0.55,-3.53,-2.87,-0.66,13,7,53.8,6,2,33.3,1,0,0,2,2,0,3,0,0,0,0,0,0,0,0,0,0,0,0,0
Caledonia Gladiators,6,Kyle Jimenez,,31,16.2,502.4,72,2.3,23,76,30.3,5,30,16.7,21,24,87.5,16,37,53,98,10,0,42,63,33.6,41.6,11.5,56.0,3.0,1.2,3.2,7.8,5.5,27.1,1.0,0.0,32.7,0.32,-3.72,-3.14,-0.59,31,17,54.8,15,1,6.7,30,5,16.7,27,13,0,2,0,0,0,0,0,0,0,0,0,0,0,0,0
Caledonia Gladiators,15,Daylen Williams,,7,20.1,140.9,32,4.6,11,27,40.7,0,4,0.0,10,17,58.8,4,28,32,17,4,1,14,16,40.7,46.4,15.8,66.0,5.9,0.7,3.4,21.3,12.8,17.7,1.5,0.7,28.9,0.63,-3.82,-3.71,-0.11,8,6,75,15,5,33.3,4,0,0,4,8,0,2,0,0,0,0,0,0,0,0,0,0,0,0,0
Caledonia Gladiators,14,Daniel Carr,,34,6.1,208.4,74,2.2,32,69,46.4,7,20,35.0,3,6,50.0,17,35,52,18,0,4,11,15,51.4,51.6,17.8,89.5,2.8,0.8,8.2,18.1,13.0,14.4,0.0,1.8,13.3,0.09,-4.31,-2.63,-1.68,24,12,50,25,13,52,20,7,35,7,4,0,0,0,0,0,0,0,0,0,0,0,0,0,0,0
Caledonia Gladiators,4,Nino Satha,,10,1.6,15.6,6,0.6,2,4,50.0,1,3,33.3,1,2,50.0,0,0,0,0,0,0,3,2,62.5,61.5,22.6,76.1,0.8,0.4,0.0,0.0,0.0,0.0,0.0,0.0,38.1,0.5,-5.62,-3.56,-2.06,1,1,100,0,0,0,3,1,33.3,2,0,0,1,0,0,0,0,0,0,0,0,0,0,0,0,0
Caledonia Gladiators,38,Andrew Michael Gordon,,3,12.9,38.8,12,4.0,6,11,54.5,0,2,0.0,0,3,0.0,2,7,9,2,1,3,6,11,54.5,48.7,22.7,65.5,5.4,0.9,6.3,20.2,13.5,8.2,1.4,7.5,32.8,0.27,-5.72,-5.17,-0.55,6,5,83.3,3,1,33.3,2,0,0,1,2,0,3,0,0,0,0,0,0,0,0,0,0,0,0,0
Leicester Riders,1,Kendrian Johnson,,1,31.5,31.5,8,8.0,2,8,25.0,0,4,0.0,4,6,66.7,0,1,1,2,1,1,4,5,25.0,37.6,22.3,54.6,10.9,5.5,0.0,3.9,1.9,12.4,1.7,3.2,27.3,0.75,-7.35,-7.36,0.01,4,2,50,0,0,0,4,0,0,2,1,0,1,0,0,0,0,0,0,0,0,0,0,0,0,0
