game_id,game_date,period,home_team,away_team,home_lineup,away_lineup,start_time,end_time,duration,possessions,home_possessions,away_possessions,home_score,away_score,home_score_end,away_score_end,home_points,away_points,home_vs_starters,away_vs_starters,home_fga,home_fgm,home_fg3a,home_fg3m,home_fta,home_ftm,home_oreb,home_dreb,home_ast,home_stl,home_blk,home_tov,home_pf,away_fga,away_fgm,away_fg3a,away_fg3m,away_fta,away_ftm,away_oreb,away_dreb,away_ast,away_stl,away_blk,away_tov,away_pf,home_rim_att,home_rim_made,home_otd_2pt_att,home_otd_2pt_made,home_otd_3pt_att,home_otd_3pt_made,away_rim_att,away_rim_made,away_otd_2pt_att,away_otd_2pt_made,away_otd_3pt_att,away_otd_3pt_made,home_pass_to,home_dribble_to,home_defense_to,home_misc_to,away_pass_to,away_dribble_to,away_defense_to,away_misc_to,home_second_chance_pts,home_fast_break_pts,home_pts_off_tov,away_second_chance_pts,away_fast_break_pts,away_pts_off_tov
pc0ufuf01a_pgv0o0t94h,2026-03-17,1,Borås Basket,Nässjö Basket,"AJ Clayton,Fredrik Andersson,John Brändmark,Justin Vander Baan,Ludvig Johansson","Abdou Medjedoub,Josef Fahrenholtz,Mio Hjalmarsson,Mirko Djeric,Tyler Patterson",0,281,281,10.64,10.28,11.0,0,0,13,11,13,11,0,0,9,6,3,0,2,1,2,5,3,0,1,2,0,11,5,4,1,0,0,0,2,2,2,0,0,0,0,0,0,0,0,0,0,0,0,0,0,0,0,2,0,0,0,0,0,0,2,4,0,0,0,0
pc0ufuf01a_pgv0o0t94h,2026-03-17,1,Borås Basket,Nässjö Basket,"AJ Clayton,Ali Sow,John Brändmark,Justin Vander Baan,Oskar Palmquist","Abdou Medjedoub,Dartaye Ruffin,Mass Jonsson Samateh,Mirko Djeric,Tyler Patterson",281,338,57,1.96,2.0,1.93,13,11,15,14,2,3,0,0,2,1,1,0,0,0,0,0,0,0,0,0,0,2,1,2,1,0,0,1,1,1,0,0,1,0,0,0,0,0,0,0,0,0,0,0,0,0,0,0,0,0,0,0,0,1,0,0,0,3,0,0
pc0ufuf01a_pgv0o0t94h,2026-03-17,1,Borås Basket,Nässjö Basket,"AJ Clayton,Ali Sow,Fredrik Andersson,Justin Vander Baan,Oskar Palmquist","Abdou Medjedoub,Dartaye Ruffin,Mass Jonsson Samateh,Mirko Djeric,Tyler Patterson",338,437,99,2.79,2.57,3.0,15,14,15,16,0,2,0,0,4,0,4,0,0,0,1,1,0,0,0,0,0,2,1,0,0,0,0,0,2,0,0,0,1,0,0,0,0,0,0,0,0,0,0,0,0,0,0,0,0,0,0,0,0,1,0,0,0,0,0,0
pc0ufuf01a_pgv0o0t94h,2026-03-17,1,Borås Basket,Nässjö Basket,"AJ Clayton,Fredrik Andersson,Justin Vander Baan,Ludvig Johansson,Oskar Palmquist","Dartaye Ruffin,Josef Fahrenholtz,Mass Jonsson Samateh,Max Wirestig,Mirko Djeric",437,565,128,3.96,3.93,4.0,15,16,23,19,8,3,0,0,5,3,3,2,0,0,1,3,3,0,0,0,0,4,1,1,1,0,0,0,1,1,0,0,0,0,0,0,0,0,0,0,0,0,0,0,0,0,0,0,0,0,0,0,0,0,3,2,0,0,0,0
pc0ufuf01a_pgv0o0t94h,2026-03-17,1,Borås Basket,Nässjö Basket,"AJ Clayton,Filip Larsson,Fredrik Andersson,Justin Vander Baan,Ludvig Johansson","Dartaye Ruffin,Josef Fahrenholtz,Mass Jonsson Samateh,Mirko Djeric,Tyler Patterson",565,600,35,1.0,1.0,1.0,23,19,25,19,2,0,0,0,1,1,0,0,0,0,0,0,1,0,0,0,0,1,0,0,0,0,0,0,0,0,0,0,0,0,0,0,0,0,0,0,0,0,0,0,0,0,0,0,0,0,0,0,0,0,0,0,0,0,0,0
pc0ufuf01a_pgv0o0t94h,2026-03-17,2,Borås Basket,Nässjö Basket,"AJ Clayton,Albin Ringheim,Filip Larsson,Fredrik Andersson,Ludvig Johansson","Dartaye Ruffin,Josef Fahrenholtz,Mio Hjalmarsson,Mirko Djeric,Tyler Patterson",600,693,93,3.28,2.9,3.66,25,19,29,19,4,0,0,0,3,2,1,0,1,0,1,3,1,0,0,0,0,5,0,0,0,0,0,1,1,0,0,0,0,0,0,0,0,0,0,0,1,0,0,0,0,0,0,0,0,0,0,0,0,0,2,2,0,0,0,0
pc0ufuf01a_pgv0o0t94h,2026-03-17,2,Borås Basket,Nässjö Basket,"AJ Clayton,Albin Ringheim,Filip Larsson,Fredrik Andersson,Ludvig Johansson","Dartaye Ruffin,Josef Fahrenholtz,Mass Jonsson Samateh,Mio Hjalmarsson,Tyler Patterson",693,747,54,2.0,2.0,2.0,29,19,32,19,3,0,0,0,1,1,1,1,0,0,0,2,1,0,0,1,0,2,0,1,0,0,0,0,0,0,0,0,0,0,0,0,0,0,0,0,0,0,0,0,0,0,0,0,0,1,0,0,0,0,0,3,0,0,0,0
pc0ufuf01a_pgv0o0t94h,2026-03-17,2,Borås Basket,Nässjö Basket,"Albin Ringheim,Filip Larsson,Fredrik Andersson,Justin Vander Baan,Ludvig Johansson","Abdou Medjedoub,Josef Fahrenholtz,Mass Jonsson Samateh,Mio Hjalmarsson,Tyler Patterson",747,795,48,2.0,2.0,2.0,32,19,32,19,0,0,0,0,2,0,2,0,0,0,0,0,0,1,0,0,0,0,0,0,0,0,0,0,2,0,0,0,2,0,0,0,0,0,0,0,0,0,0,0,0,0,0,0,0,0,1,0,0,1,0,0,0,0,0,0
pc0ufuf01a_pgv0o0t94h,2026-03-17,2,Borås Basket,Nässjö Basket,"Albin Ringheim,Filip Larsson,Fredrik Andersson,Justin Vander Baan,Ludvig Johansson","Abdou Medjedoub,Josef Fahrenholtz,Mass Jonsson Samateh,Mirko Djeric,Tyler Patterson",795,818,23,0.49,0.88,0.1,32,19,34,19,2,0,0,0,0,0,0,0,2,2,0,0,0,0,0,0,0,0,0,0,0,0,0,0,0,0,0,0,0,0,0,0,0,0,0,0,0,0,0,0,0,0,0,0,0,0,0,0,0,0,0,0,2,0,0,0
pc0ufuf01a_pgv0o0t94h,2026-03-17,2,Borås Basket,Nässjö Basket,"Albin Ringheim,Filip Larsson,Fredrik Andersson,Justin Vander Baan,Ludvig Johansson","Abdou Medjedoub,Josef Fahrenholtz,Mass Jonsson Samateh,Max Wirestig,Mirko Djeric",818,884,66,3.0,3.0,3.0,34,19,39,19,5,0,0,0,3,2,1,1,0,0,0,3,2,0,0,0,0,3,0,0,0,0,0,0,1,0,0,0,0,0,0,0,0,0,0,0,0,0,0,0,0,0,0,0,0,0,0,0,0,0,0,5,2,0,0,0
pc0ufuf01a_pgv0o0t94h,2026-03-17,2,Borås Basket,Nässjö Basket,"Albin Ringheim,Filip Larsson,Fredrik Andersson,Justin Vander Baan,Ludvig Johansson","Abdou Medjedoub,Dartaye Ruffin,Max Wirestig,Mirko Djeric,Tyler Patterson",884,967,83,2.5,2.0,3.0,39,19,39,23,0,4,0,0,1,0,1,0,0,0,0,1,0,0,0,1,0,3,2,1,0,0,0,0,1,0,1,0,0,0,0,0,0,0,0,0,0,0,0,0,0,0,1,0,0,0,0,0,0,0,0,0,0,0,0,2
pc0ufuf01a_pgv0o0t94h,2026-03-17,2,Borås Basket,Nässjö Basket,"AJ Clayton,Ali Sow,John Brändmark,Justin Vander Baan,Ludvig Johansson","Abdou Medjedoub,Dartaye Ruffin,Max Wirestig,Mirko Djeric,Tyler Patterson",967,1083,116,3.0,3.0,3.0,39,23,45,26,6,3,0,0,3,2,3,2,0,0,0,1,1,0,0,0,0,3,1,3,1,0,0,0,0,1,0,0,0,0,0,0,0,0,0,0,0,0,0,0,0,0,0,0,0,0,0,0,0,0,0,3,0,0,0,0
pc0ufuf01a_pgv0o0t94h,2026-03-17,2,Borås Basket,Nässjö Basket,"AJ Clayton,Ali Sow,Fredrik Andersson,John Brändmark,Justin Vander Baan","Abdou Medjedoub,Dartaye Ruffin,Mass Jonsson Samateh,Mirko Djeric,Tyler Patterson",1083,1200,117,4.19,3.93,4.44,45,26,54,36,9,10,0,0,5,3,3,3,0,0,1,1,2,0,0,0,0,4,4,2,2,1,0,0,1,0,0,0,0,0,0,0,0,0,0,0,0,0,0,0,0,0,0,0,0,0,0,0,0,0,3,3,0,0,0,0
pc0ufuf01a_pgv0o0t94h,2026-03-17,3,Borås Basket,Nässjö Basket,"AJ Clayton,Ali Sow,Fredrik Andersson,John Brändmark,Justin Vander Baan","Abdou Medjedoub,Josef Fahrenholtz,Mio Hjalmarsson,Mirko Djeric,Tyler Patterson",1200,1529,329,11.22,12.44,10.0,54,36,65,44,11,8,0,0,11,5,3,1,1,0,0,7,2,1,0,1,0,10,3,5,2,0,0,0,7,2,0,0,0,0,0,0,0,0,0,0,0,0,0,0,0,0,1,0,0,0,0,0,0,1,0,7,2,0,3,0
pc0ufuf01a_pgv0o0t94h,2026-03-17,3,Borås Basket,Nässjö Basket,"AJ Clayton,Ali Sow,John Brändmark,Justin Vander Baan,Ludvig Johansson","Dartaye Ruffin,Josef Fahrenholtz,Mass Jonsson Samateh,Mio Hjalmarsson,Mirko Djeric",1529,1592,63,2.22,2.44,2.0,65,44,68,49,3,5,0,0,2,1,1,1,1,0,0,0,1,0,0,0,0,2,2,1,1,0,0,0,2,2,0,0,0,0,0,0,0,0,0,0,0,0,0,0,0,0,0,0,0,0,0,0,0,0,0,0,0,0,2,0
pc0ufuf01a_pgv0o0t94h,2026-03-17,3,Borås Basket,Nässjö Basket,"AJ Clayton,Filip Larsson,John Brändmark,Justin Vander Baan,Ludvig Johansson","Dartaye Ruffin,Josef Fahrenholtz,Mass Jonsson Samateh,Mio Hjalmarsson,Mirko Djeric",1592,1686,94,2.88,2.88,2.88,68,49,72,51,4,2,0,0,2,1,1,0,2,2,0,2,1,0,0,0,0,2,1,0,0,2,0,0,1,0,0,0,0,0,0,0,0,0,0,0,0,0,0,0,0,0,0,0,0,0,0,0,0,0,0,0,0,0,0,0
pc0ufuf01a_pgv0o0t94h,2026-03-17,3,Borås Basket,Nässjö Basket,"AJ Clayton,Albin Ringheim,Filip Larsson,Fredrik Andersson,Ludvig Johansson","Abdou Medjedoub,Dartaye Ruffin,Mass Jonsson Samateh,Max Wirestig,Mirko Djeric",1686,1800,114,2.96,2.93,3.0,72,51,75,55,3,4,0,0,3,1,2,1,0,0,1,1,1,0,0,1,0,3,2,1,0,0,0,0,1,1,0,0,0,0,0,0,0,0,0,0,0,0,0,0,0,0,0,0,1,0,0,0,0,0,0,0,0,0,0,2
pc0ufuf01a_pgv0o0t94h,2026-03-17,4,Borås Basket,Nässjö Basket,"AJ Clayton,Albin Ringheim,Filip Larsson,Fredrik Andersson,Ludvig Johansson","Abdou Medjedoub,Dartaye Ruffin,Max Wirestig,Mio Hjalmarsson,Mirko Djeric",1800,1894,94,2.0,2.0,2.0,75,55,78,57,3,2,0,0,2,1,2,1,0,0,0,1,1,0,0,0,0,2,1,1,0,0,0,0,1,1,0,0,0,0,0,0,0,0,0,0,0,0,0,0,0,0,0,0,0,0,0,0,0,0,0,0,0,0,0,0
pc0ufuf01a_pgv0o0t94h,2026-03-17,4,Borås Basket,Nässjö Basket,"Albin Ringheim,Filip Larsson,Fredrik Andersson,Justin Vander Baan,Ludvig Johansson","Abdou Medjedoub,Dartaye Ruffin,Mass Jonsson Samateh,Mio Hjalmarsson,Tyler Patterson",1894,1949,55,2.0,2.0,2.0,78,57,78,59,0,2,0,0,1,0,0,0,0,0,0,0,0,0,0,1,0,1,1,0,0,0,0,0,0,0,0,0,1,0,0,0,0,0,0,0,0,0,0,0,0,0,0,0,0,1,0,0,0,1,0,0,0,0,0,0
pc0ufuf01a_pgv0o0t94h,2026-03-17,4,Borås Basket,Nässjö Basket,"Albin Ringheim,Filip Larsson,Fredrik Andersson,Justin Vander Baan,Ludvig Johansson","Dartaye Ruffin,Josef Fahrenholtz,Mass Jonsson Samateh,Mio Hjalmarsson,Tyler Patterson",1949,2077,128,3.4,3.81,3.0,78,59,82,64,4,5,0,0,4,2,0,0,2,0,1,1,1,0,0,0,0,3,2,1,1,0,0,0,1,1,0,0,0,0,0,0,0,0,0,0,0,0,0,0,0,0,0,0,0,0,0,0,0,0,2,0,2,0,0,0
pc0ufuf01a_pgv0o0t94h,2026-03-17,4,Borås Basket,Nässjö Basket,"AJ Clayton,Filip Larsson,Fredrik Andersson,John Brändmark,Ludvig Johansson","Dartaye Ruffin,Josef Fahrenholtz,Mass Jonsson Samateh,Mio Hjalmarsson,Mirko Djeric",2077,2208,131,4.96,4.93,5.0,82,64,84,67,2,3,0,0,5,1,4,0,0,0,1,2,1,1,0,1,0,3,1,3,1,0,0,0,3,1,0,0,2,0,1,1,0,0,0,0,0,0,0,0,0,0,0,1,0,0,0,1,0,1,0,2,2,0,0,0
pc0ufuf01a_pgv0o0t94h,2026-03-17,4,Borås Basket,Nässjö Basket,"Albin Ringheim,Filip Larsson,John Brändmark,Justin Vander Baan,Ludvig Johansson","Abdou Medjedoub,Josef Fahrenholtz,Mass Jonsson Samateh,Max Wirestig,Mio Hjalmarsson",2208,2308,100,3.56,4.0,3.13,84,67,84,71,0,4,0,0,2,0,2,0,0,0,0,1,0,0,0,2,0,2,0,0,0,5,4,1,2,0,2,0,0,0,0,0,0,0,0,0,0,0,0,0,0,0,1,1,0,0,0,0,0,0,0,0,0,2,2,2
pc0ufuf01a_pgv0o0t94h,2026-03-17,4,Borås Basket,Nässjö Basket,"Albin Ringheim,Filip Larsson,John Brändmark,Justin Vander Baan,Ludvig Johansson","Abdou Medjedoub,Mass Jonsson Samateh,Max Wirestig,Mio Hjalmarsson,Tyler Patterson",2308,2400,92,2.37,1.93,2.81,84,71,84,74,0,3,0,0,2,0,1,0,0,0,1,1,0,0,0,1,0,3,1,1,0,2,1,1,1,1,1,0,0,0,0,0,0,0,0,0,0,0,0,0,0,0,0,1,0,0,0,0,0,0,0,0,0,2,0,2
qztj9kom7t_pgv0o0t94h,2026-03-17,1,Jämtland Basket,Högsbo Basket,"Adam Johansson,André Jonsson Lorentsson,Brayden Parker,Keaston Willis,Michael Christmas","Amen Jenkins Cheeseman,Anes Zekovic,Isaiah Hill,Jan Tratnik,Jesper Hallberg",0,275,275,10.44,10.87,10.0,0,0,9,6,9,6,0,0,9,2,3,2,5,3,4,5,2,2,0,3,0,8,3,3,0,0,0,0,5,3,2,0,2,0,3,0,0,0,0,0,3,3,1,0,0,0,2,0,0,1,0,1,0,1,4,2,1,0,0,0
qztj9kom7t_pgv0o0t94h,2026-03-17,1,Jämtland Basket,Högsbo Basket,"Adam Johansson,Brayden Parker,Keaston Willis,Michael Christmas,Nils Botold","Alexander Karras,Amen Jenkins Cheeseman,Anes Zekovic,Isaiah Hill,Tony Vitali",275,346,71,1.87,1.88,1.86,9,6,13,6,4,0,0,0,1,1,0,0,2,2,0,2,1,0,1,0,0,4,0,3,0,0,0,2,0,0,0,0,0,0,0,0,0,0,0,0,1,0,0,0,0,0,0,0,0,0,0,0,0,0,0,2,0,0,0,0
qztj9kom7t_pgv0o0t94h,2026-03-17,1,Jämtland Basket,Högsbo Basket,"Brayden Parker,Keaston Willis,Michael Christmas,Nils Botold,Samari Curtis","Alexander Karras,Amen Jenkins Cheeseman,Anes Zekovic,Isaiah Hill,Tony Vitali",346,392,46,0.96,1.0,0.93,13,6,13,9,0,3,0,0,1,0,0,0,0,0,0,0,0,0,0,0,0,2,1,1,1,0,0,1,1,1,0,1,0,0,1,0,0,0,0,0,0,0,0,0,0,0,0,0,0,0,0,0,0,0,0,0,0,3,0,0
qztj9kom7t_pgv0o0t94h,2026-03-17,1,Jämtland Basket,Högsbo Basket,"André Jonsson Lorentsson,Keaston Willis,Michael Christmas,Nils Botold,Samari Curtis","Alexander Karras,Amen Jenkins Cheeseman,Anes Zekovic,Isaiah Hill,Jesper Hallberg",392,412,20,0.91,0.93,0.88,13,9,15,11,2,2,0,0,2,1,1,0,0,0,1,0,1,0,0,0,0,0,0,0,0,2,2,0,0,0,0,0,0,0,1,1,0,0,0,0,0,0,0,0,0,0,0,0,0,0,0,0,0,0,2,0,0,0,2,0
qztj9kom7t_pgv0o0t94h,2026-03-17,1,Jämtland Basket,Högsbo Basket,"André Jonsson Lorentsson,Keaston Willis,Michael Christmas,Nils Botold,Samari Curtis","Alexander Karras,Amen Jenkins Cheeseman,Anes Zekovic,Emil Lundstedt,Jesper Hallberg",412,535,123,4.2,4.39,4.0,15,11,21,11,6,0,0,0,6,3,0,0,0,0,1,2,0,2,0,0,0,2,0,2,0,0,0,0,1,0,0,0,2,0,5,3,0,0,0,0,0,0,0,0,0,0,0,0,0,0,1,1,0,1,0,4,2,0,0,0
qztj9kom7t_pgv0o0t94h,2026-03-17,1,Jämtland Basket,Högsbo Basket,"André Jonsson Lorentsson,Brayden Parker,Erik Persson,Nils Botold,Samari Curtis","Alexander Karras,Emil Lundstedt,Jan Tratnik,Jesper Hallberg,Mario Drazic",535,600,65,1.5,1.0,2.0,21,11,21,14,0,3,0,0,1,0,0,0,0,0,0,1,0,0,0,0,0,2,1,2,1,0,0,0,1,1,0,1,0,0,0,0,1,0,0,0,0,0,0,0,0,0,0,0,0,0,0,0,0,0,0,0,0,0,0,0
qztj9kom7t_pgv0o0t94h,2026-03-17,2,Jämtland Basket,Högsbo Basket,"André Jonsson Lorentsson,Brayden Parker,Denzel George,Erik Persson,Samari Curtis","Alexander Karras,Anes Zekovic,Jan Tratnik,Jesper Hallberg,Mario Drazic",600,604,4,0.1,0.1,0.1,21,14,21,14,0,0,0,0,0,0,0,0,0,0,0,0,0,0,0,0,0,0,0,0,0,0,0,0,0,0,0,0,0,0,0,0,0,0,0,0,0,0,0,0,0,0,0,0,0,0,0,0,0,0,0,0,0,0,0,0
qztj9kom7t_pgv0o0t94h,2026-03-17,2,Jämtland Basket,Högsbo Basket,"André Jonsson Lorentsson,Brayden Parker,Erik Persson,Nils Botold,Samari Curtis","Alexander Karras,Anes Zekovic,Jan Tratnik,Jesper Hallberg,Mario Drazic",604,674,70,2.72,2.0,3.44,21,14,21,17,0,3,0,0,1,0,0,0,0,0,0,1,0,0,0,1,0,2,1,0,0,1,1,0,1,1,0,0,1,0,1,0,0,0,0,0,1,1,0,0,0,0,0,1,0,0,0,0,0,1,0,0,0,0,0,2
qztj9kom7t_pgv0o0t94h,2026-03-17,2,Jämtland Basket,Högsbo Basket,"Adam Johansson,André Jonsson Lorentsson,Brayden Parker,Erik Persson,Nils Botold","Alexander Karras,Anes Zekovic,Jan Tratnik,Jesper Hallberg,Mario Drazic",674,722,48,1.5,2.0,1.0,21,17,21,20,0,3,0,0,2,0,2,0,0,0,0,0,0,0,0,0,0,1,1,1,1,0,0,0,1,1,0,0,0,0,0,0,0,0,0,0,0,0,0,0,0,0,0,0,0,0,0,0,0,0,0,0,0,0,0,0
qztj9kom7t_pgv0o0t94h,2026-03-17,2,Jämtland Basket,Högsbo Basket,"Adam Johansson,André Jonsson Lorentsson,Brayden Parker,Keaston Willis,Nils Botold","Alexander Karras,Anes Zekovic,Ephraim Bahati,Jan Tratnik,Jesper Hallberg",722,741,19,0.1,0.1,0.1,21,20,21,20,0,0,0,0,0,0,0,0,0,0,0,0,0,0,0,0,0,0,0,0,0,0,0,0,0,0,0,0,0,0,0,0,0,0,0,0,0,0,0,0,0,0,0,0,0,0,0,0,0,0,0,0,0,0,0,0
qztj9kom7t_pgv0o0t94h,2026-03-17,2,Jämtland Basket,Högsbo Basket,"Adam Johansson,Brayden Parker,Keaston Willis,Michael Christmas","Anes Zekovic,Ephraim Bahati,Isaiah Hill,Jan Tratnik,Jesper Hallberg",741,792,51,0.55,1.0,0.1,21,20,23,20,2,0,0,0,1,1,0,0,0,0,0,0,1,0,1,0,0,3,0,0,0,0,0,2,0,0,0,0,0,0,0,0,0,0,0,0,1,0,0,0,0,0,0,0,0,0,0,0,0,0,0,0,0,0,0,0
qztj9kom7t_pgv0o0t94h,2026-03-17,2,Jämtland Basket,Högsbo Basket,"Adam Johansson,Brayden Parker,Keaston Willis,Michael Christmas","Amen Jenkins Cheeseman,Anes Zekovic,Isaiah Hill,Jan Tratnik,Tony Vitali",792,888,96,2.33,2.93,1.74,23,20,28,24,5,4,0,0,3,2,2,1,0,0,1,0,1,1,0,1,0,3,1,1,1,2,1,2,0,1,0,0,0,0,1,1,0,0,0,0,2,0,0,0,0,0,0,0,0,1,0,0,0,1,2,3,3,3,0,0
qztj9kom7t_pgv0o0t94h,2026-03-17,2,Jämtland Basket,Högsbo Basket,"Adam Johansson,André Jonsson Lorentsson,Brayden Parker,Keaston Willis","Amen Jenkins Cheeseman,Anes Zekovic,Isaiah Hill,Jan Tratnik,Tony Vitali",888,946,58,1.94,1.0,2.88,28,24,28,24,0,0,0,0,1,0,1,0,0,0,0,1,0,0,0,0,0,2,0,1,0,2,0,0,1,0,0,0,0,0,0,0,0,0,0,0,0,0,0,0,0,0,0,0,0,0,0,0,0,0,0,0,0,0,0,0
qztj9kom7t_pgv0o0t94h,2026-03-17,2,Jämtland Basket,Högsbo Basket,"Adam Johansson,André Jonsson Lorentsson,Brayden Parker,Keaston Willis","Alexander Karras,Amen Jenkins Cheeseman,Isaiah Hill,Jan Tratnik,Tony Vitali",946,967,21,1.0,1.0,1.0,28,24,28,24,0,0,0,0,1,0,1,0,0,0,0,1,0,0,0,0,0,1,0,1,0,0,0,0,1,0,0,0,0,0,0,0,0,0,0,0,0,0,0,0,0,0,0,0,0,0,0,0,0,0,0,0,0,0,0,0
qztj9kom7t_pgv0o0t94h,2026-03-17,2,Jämtland Basket,Högsbo Basket,"Adam Johansson,André Jonsson Lorentsson,Brayden Parker,Keaston Willis,Michael Christmas","Alexander Karras,Amen Jenkins Cheeseman,Isaiah Hill,Jan Tratnik,Tony Vitali",967,992,25,0.52,0.93,0.1,28,24,31,24,3,0,0,0,2,1,2,1,0,0,1,0,1,0,0,0,0,0,0,0,0,0,0,0,0,0,0,0,0,0,0,0,0,0,0,0,0,0,0,0,0,0,0,0,0,0,0,0,0,0,3,0,0,0,0,0
qztj9kom7t_pgv0o0t94h,2026-03-17,2,Jämtland Basket,Högsbo Basket,"Adam Johansson,André Jonsson Lorentsson,Brayden Parker,Keaston Willis,Michael Christmas","Alexander Karras,Amen Jenkins Cheeseman,Isaiah Hill,Jan Tratnik,Jesper Hallberg",992,1097,105,3.5,3.0,4.0,31,24,31,27,0,3,0,0,3,0,3,0,0,0,0,2,0,0,0,0,0,3,1,1,1,0,0,0,2,1,0,0,1,0,0,0,0,0,0,0,1,0,0,0,0,0,0,0,0,0,0,0,0,1,0,0,0,0,0,0
qztj9kom7t_pgv0o0t94h,2026-03-17,2,Jämtland Basket,Högsbo Basket,"Adam Johansson,André Jonsson Lorentsson,Brayden Parker,Keaston Willis,Michael Christmas","Alexander Karras,Amen Jenkins Cheeseman,Anes Zekovic,Isaiah Hill,Jesper Hallberg",1097,1200,103,3.0,3.0,3.0,31,27,33,29,2,2,0,0,3,1,0,0,0,0,0,1,0,0,0,0,0,3,1,1,0,0,0,0,2,1,0,0,0,0,2,0,0,0,0,0,1,0,0,0,0,0,0,0,0,0,0,0,0,0,0,0,2,0,0,0
qztj9kom7t_pgv0o0t94h,2026-03-17,3,Jämtland Basket,Högsbo Basket,"Adam Johansson,André Jonsson Lorentsson,Brayden Parker,Keaston Willis,Michael Christmas","Amen Jenkins Cheeseman,Anes Zekovic,Isaiah Hill,Jan Tratnik,Tony Vitali",1200,1301,101,2.5,4.0,1.0,33,29,43,32,10,3,0,0,4,4,2,2,0,0,0,0,4,1,0,0,0,1,1,1,1,0,0,0,0,1,0,0,0,0,1,1,0,0,0,0,0,0,0,0,0,0,0,0,0,0,0,0,0,2,0,2,5,0,0,0
qztj9kom7t_pgv0o0t94h,2026-03-17,3,Jämtland Basket,Högsbo Basket,"Adam Johansson,André Jonsson Lorentsson,Brayden Parker,Keaston Willis,Michael Christmas","Amen Jenkins Cheeseman,Anes Zekovic,Isaiah Hill,Jan Tratnik,Jesper Hallberg",1301,1420,119,2.94,3.0,2.88,43,32,45,34,2,2,0,0,3,1,1,0,0,0,0,2,0,0,0,0,0,2,0,2,0,2,2,0,2,0,0,0,0,0,0,0,1,0,0,0,0,0,0,0,0,0,0,0,0,0,0,0,0,0,0,0,0,0,0,0
qztj9kom7t_pgv0o0t94h,2026-03-17,3,Jämtland Basket,Högsbo Basket,"André Jonsson Lorentsson,Brayden Parker,Keaston Willis,Michael Christmas,Samari Curtis","Amen Jenkins Cheeseman,Anes Zekovic,Isaiah Hill,Jan Tratnik,Jesper Hallberg",1420,1500,80,1.96,2.0,1.93,45,34,49,37,4,3,0,0,2,2,0,0,0,0,0,1,1,0,0,0,0,3,1,3,1,0,0,1,0,1,0,0,0,0,2,2,0,0,0,0,0,0,0,0,0,0,0,0,0,0,0,0,0,0,0,2,0,0,0,0
qztj9kom7t_pgv0o0t94h,2026-03-17,3,Jämtland Basket,Högsbo Basket,"André Jonsson Lorentsson,Brayden Parker,Keaston Willis,Michael Christmas,Samari Curtis","Alexander Karras,Amen Jenkins Cheeseman,Anes Zekovic,Isaiah Hill,Jesper Hallberg",1500,1602,102,3.5,3.0,4.0,49,37,51,39,2,2,0,0,3,1,0,0,0,0,0,2,1,0,0,0,0,3,1,1,0,0,0,0,2,0,0,1,1,0,2,0,0,0,0,0,0,0,0,0,0,0,0,0,0,0,0,1,0,0,0,0,0,0,0,0
qztj9kom7t_pgv0o0t94h,2026-03-17,3,Jämtland Basket,Högsbo Basket,"André Jonsson Lorentsson,Brayden Parker,Denzel George,Keaston Willis,Samari Curtis","Alexander Karras,Anes Zekovic,Isaiah Hill,Jesper Hallberg,Mario Drazic",1602,1638,36,0.55,1.0,0.1,51,39,51,39,0,0,0,0,1,0,0,0,0,0,0,0,0,0,0,0,0,0,0,0,0,0,0,0,1,0,0,0,0,0,1,0,0,0,0,0,0,0,0,0,0,0,0,0,0,0,0,0,0,0,0,0,0,0,0,0
qztj9kom7t_pgv0o0t94h,2026-03-17,3,Jämtland Basket,Högsbo Basket,"André Jonsson Lorentsson,Brayden Parker,Denzel George,Erik Persson,Samari Curtis","Alexander Karras,Emil Lundstedt,Jan Tratnik,Jesper Hallberg,Mario Drazic",1638,1702,64,2.5,3.0,2.0,51,40,55,43,4,3,0,0,3,2,1,0,0,0,0,0,2,1,0,0,0,1,1,1,1,0,0,0,1,1,0,0,1,0,2,2,0,0,0,0,0,0,0,0,0,0,0,0,0,0,1,0,0,0,0,2,2,0,0,0
qztj9kom7t_pgv0o0t94h,2026-03-17,3,Jämtland Basket,Högsbo Basket,"Brayden Parker,Denzel George,Erik Persson,Nils Botold,Samari Curtis","Alexander Karras,Emil Lundstedt,Jan Tratnik,Jesper Hallberg,Mario Drazic",1702,1746,44,1.0,1.0,1.0,55,43,55,46,0,3,0,0,1,0,1,0,0,0,0,0,0,0,0,0,0,1,1,1,1,0,0,0,1,0,0,0,0,0,0,0,0,0,0,0,0,0,0,0,0,0,0,0,0,0,0,0,0,0,0,0,0,0,0,0
qztj9kom7t_pgv0o0t94h,2026-03-17,3,Jämtland Basket,Högsbo Basket,"Brayden Parker,Denzel George,Erik Persson,Nils Botold,Samari Curtis","Alexander Karras,Emil Lundstedt,Ephraim Bahati,Jan Tratnik,Jesper Hallberg",1746,1749,3,0.49,0.1,0.88,55,46,55,47,0,1,0,0,0,0,0,0,0,0,0,1,0,0,0,0,0,0,0,0,0,2,1,0,0,0,0,0,0,0,0,0,0,0,0,0,0,0,0,0,0,0,0,0,0,0,0,0,0,0,0,0,0,0,0,0
qztj9kom7t_pgv0o0t94h,2026-03-17,3,Jämtland Basket,Högsbo Basket,"Brayden Parker,Denzel George,Erik Persson,Nils Botold,Samari Curtis","Alexander Karras,Anes Zekovic,Emil Lundstedt,Ephraim Bahati,Jesper Hallberg",1749,1800,51,1.05,2.0,0.1,55,47,57,47,2,0,0,0,1,1,0,0,0,0,0,0,1,1,0,1,0,0,0,0,0,0,0,0,0,0,0,0,0,0,1,1,0,0,0,0,0,0,0,0,0,0,0,0,0,1,0,0,0,1,0,2,2,0,0,0
qztj9kom7t_pgv0o0t94h,2026-03-17,4,Jämtland Basket,Högsbo Basket,"Brayden Parker,Denzel George,Erik Persson,Nils Botold,Samari Curtis","Alexander Karras,Anes Zekovic,Ephraim Bahati,Jan Tratnik,Jesper Hallberg",1800,1881,81,3.0,3.0,3.0,57,47,62,47,5,0,0,0,3,2,2,1,0,0,0,0,2,2,0,0,0,0,0,0,0,0,0,0,1,0,0,0,3,0,1,1,0,0,0,0,0,0,0,0,0,0,0,0,0,0,3,0,1,0,0,2,5,0,0,0
qztj9kom7t_pgv0o0t94h,2026-03-17,4,Jämtland Basket,Högsbo Basket,"Denzel George,Erik Persson,Michael Christmas,Nils Botold,Samari Curtis","Amen Jenkins Cheeseman,Anes Zekovic,Isaiah Hill,Jan Tratnik,Tony Vitali",1881,2043,162,5.88,5.88,5.88,62,47,68,56,6,9,0,0,3,2,3,2,2,0,0,2,2,0,0,2,0,5,3,1,1,2,2,0,2,3,2,0,0,0,0,0,0,0,0,0,4,2,0,0,0,0,1,1,0,0,0,0,0,0,0,3,3,0,2,2
qztj9kom7t_pgv0o0t94h,2026-03-17,4,Jämtland Basket,Högsbo Basket,"Adam Johansson,Denzel George,Keaston Willis,Michael Christmas,Nils Botold","Amen Jenkins Cheeseman,Anes Zekovic,Isaiah Hill,Jan Tratnik,Tony Vitali",2043,2116,73,1.46,2.0,0.93,68,56,70,56,2,0,0,0,2,1,1,0,0,0,0,1,0,0,0,0,0,2,0,2,0,0,0,1,0,0,0,0,0,0,1,1,0,0,0,0,0,0,0,0,0,0,0,0,0,0,0,0,0,0,0,0,0,0,0,0
qztj9kom7t_pgv0o0t94h,2026-03-17,4,Jämtland Basket,Högsbo Basket,"Adam Johansson,André Jonsson Lorentsson,Brayden Parker,Keaston Willis,Michael Christmas","Amen Jenkins Cheeseman,Anes Zekovic,Isaiah Hill,Jan Tratnik,Jesper Hallberg",2116,2230,114,3.94,4.0,3.88,70,56,72,64,2,8,0,0,3,1,1,0,0,0,0,1,0,0,0,1,0,3,2,3,2,2,2,0,2,1,1,0,0,0,0,0,0,0,0,0,0,0,0,0,0,0,0,1,0,0,0,0,0,0,0,0,0,0,3,3
qztj9kom7t_pgv0o0t94h,2026-03-17,4,Jämtland Basket,Högsbo Basket,"Adam Johansson,André Jonsson Lorentsson,Brayden Parker,Denzel George,Keaston Willis","Amen Jenkins Cheeseman,Anes Zekovic,Isaiah Hill,Jan Tratnik,Jesper Hallberg",2230,2371,141,5.94,6.44,5.44,72,64,85,71,13,7,0,0,5,5,2,2,1,1,0,1,4,0,0,1,0,4,3,1,0,1,1,0,0,1,1,0,1,0,3,3,0,0,0,0,1,1,0,0,0,0,1,0,0,0,0,1,0,0,0,0,0,0,2,2
qztj9kom7t_pgv0o0t94h,2026-03-17,4,Jämtland Basket,Högsbo Basket,"Adam Johansson,Brayden Parker,Denzel George,Hugo Waldeck,Keaston Willis","Alexander Karras,Amen Jenkins Cheeseman,Anes Zekovic,Jan Tratnik,Jesper Hallberg",2371,2379,8,0.94,0.88,1.0,85,71,87,74,2,3,0,0,0,0,0,0,2,2,0,0,0,0,0,0,0,1,1,1,1,0,0,0,0,0,0,0,0,0,0,0,0,0,0,0,0,0,0,0,0,0,0,0,0,0,0,0,0,0,0,2,0,0,3,0
qztj9kom7t_pgv0o0t94h,2026-03-17,4,Jämtland Basket,Högsbo Basket,"Denzel George,Hugo Waldeck,Jonatan Boberg,Keaston Willis,Yoel Weldegergis","Alexander Karras,Amen Jenkins Cheeseman,Anes Zekovic,Jan Tratnik,Jesper Hallberg",2379,2400,21,0.1,0.1,0.1,87,74,87,74,0,0,0,0,0,0,0,0,0,0,0,0,0,0,0,0,0,0,0,0,0,0,0,0,0,0,0,0,0,0,0,0,0,0,0,0,0,0,0,0,0,0,0,0,0,0,0,0,0,0,0,0,0,0,0,0
