Team,Player_Name,Numbers_Worn,Name_Variations,Games,MPG,MIN,PTS,PPG,FGM,FGA,FG%,3PM,3PA,3P%,FTM,FTA,FT%,OREB,DREB,REB,AST,STL,BLK,TOV,PF,POSS,USG%,PTS/100,AST/100,REB/100,PTS_AST,TPC,TPC/G,TPC/100,CLUTCH_PTS,CLUTCH_PPG,CLUTCH_FGA,CLUTCH_FTA,CLUTCH_TS%,CLUTCH_USG,CLUTCH_GAMES,BPM,OBPM,DBPM,POSITION,ROLE,RIM_ATT,RIM_MADE,RIM%,OTD_2PT_ATT,OTD_2PT_MADE,OTD_2PT%,OTD_3PT_ATT,OTD_3PT_MADE,OTD_3PT%,PASS_TO,DRIBBLE_TO,DEFENSE_TO,MISC_TO,2ND_CHANCE_PTS,FAST_BREAK_PTS,PTS_OFF_TOV
Newcastle Eagles,Maceo Jack,14,Maceo Jack,23,30.6,704.0,331.0,14.4,115.0,266.0,43.2,23.0,84.0,27.4,78.0,94.0,83,15.0,82.0,97.0,44.0,19.0,10.0,43.0,57.0,321.9,22.7,17.7,2.3,5.2,108,439.0,19.1,23.4,45,3.8,32,11,61.1,42.8,12,-2.71,-5.16,2.45,3.2,3.3,99.0,60.0,60.6,83.0,32.0,38.6,84.0,23.0,27.4,11.0,25.0,0.0,7.0,33.0,107.0,60.0
Bristol Flyers,Joseph Anderson,22,Joseph Anderson,23,30.7,705.1,319.0,13.9,119.0,276.0,43.1,50.0,154.0,32.5,31.0,40.0,77.5,11.0,50.0,61.0,109.0,45.0,1.0,36.0,28.0,305.9,23.1,18.2,6.2,3.5,247,566.0,24.6,32.4,34,4.9,24,12,58.1,32.3,7,3.78,-1.13,4.9,1.3,1.8,64.0,45.0,70.3,58.0,24.0,41.4,154.0,50.0,32.5,25.0,9.0,0.0,2.0,29.0,103.0,72.0
Cheshire Phoenix,Skyler White,99,Skyler White,23,24.8,570.3,296.0,12.9,99.0,225.0,44,60.0,149.0,40.3,38.0,54.0,70.4,29.0,89.0,118.0,41.0,19.0,18.0,22.0,68.0,232.1,19.7,15.5,2.2,6.2,94,390.0,17.0,20.5,38,3.5,20,12,75.2,26.3,11,3.31,-0.23,3.54,4.0,3.1,35.0,21.0,60,40.0,17.0,42.5,149.0,60.0,40.3,7.0,12.0,0.0,3.0,41.0,66.0,41.0
Newcastle Eagles,Cole Long,15,Cole Long,23,30.4,700.0,283.0,12.3,99.0,216.0,45.8,42.0,109.0,38.5,43.0,58.0,74.1,39.0,106.0,145.0,44.0,20.0,28.0,27.0,62.0,220.3,15.6,15.1,2.3,7.7,96,379.0,16.5,20.2,26,2.9,15,7,71.9,18.1,9,1.59,-2.35,3.95,4.4,3.2,57.0,37.0,64.9,50.0,20.0,40,109.0,42.0,38.5,12.0,11.0,0.0,4.0,50.0,78.0,48.0
Bristol Flyers,William Yoakum,3,William Yoakum,23,25.6,589.2,280.0,12.2,106.0,211.0,50.2,25.0,70.0,35.7,43.0,59.0,72.9,26.0,55.0,81.0,25.0,30.0,9.0,24.0,47.0,225.6,20.4,16.0,1.4,4.6,50,330.0,14.3,18.9,28,4.0,15,6,79.4,18.6,7,1.95,-3.1,5.05,3.1,2.9,108.0,71.0,65.7,33.0,10.0,30.3,70.0,25.0,35.7,5.0,14.0,0.0,5.0,47.0,85.0,61.0
Cheshire Phoenix,Michael Diggins,2,Michael Diggins,23,24.5,564.0,263.0,11.4,104.0,224.0,46.4,27.0,90.0,30,28.0,39.0,71.8,39.0,68.0,107.0,22.0,15.0,15.0,24.0,48.0,217.1,18.6,13.8,1.2,5.6,54,317.0,13.8,16.7,28,4.0,17,2,78.3,21.9,7,-0.97,-2.91,1.94,4.0,4.0,92.0,64.0,69.6,42.0,13.0,31,90.0,27.0,30,8.0,10.0,0.0,6.0,55.0,69.0,41.0
Cheshire Phoenix,Jaxon Brenchley,23,Jaxon Brenchley,23,26.6,612.9,236.0,10.3,86.0,180.0,47.8,30.0,86.0,34.9,34.0,46.0,73.9,29.0,64.0,93.0,64.0,25.0,5.0,19.0,33.0,182.6,14.4,12.4,3.4,4.9,156,392.0,17.0,20.6,20,2.9,13,6,63.9,17.6,7,2.45,-0.96,3.41,2.6,3.1,74.0,49.0,66.2,20.0,7.0,35,86.0,30.0,34.9,9.0,9.0,0.0,1.0,45.0,78.0,35.0
Bristol Flyers,Zachary Anderson,4,Zachary Anderson,23,30.2,695.3,231.0,10.0,83.0,204.0,40.7,40.0,116.0,34.5,25.0,36.0,69.4,14.0,99.0,113.0,45.0,17.0,15.0,25.0,28.0,221.6,17.0,13.2,2.6,6.5,104,335.0,14.6,19.2,9,1.1,10,1,43.1,12.4,8,0.02,-4.38,4.4,3.6,3.6,51.0,32.0,62.7,36.0,10.0,27.8,116.0,40.0,34.5,14.0,8.0,0.0,3.0,31.0,42.0,51.0
Cheshire Phoenix,Laquincy Rideau,3,Laquincy Rideau,23,25.5,585.7,213.0,9.3,72.0,197.0,36.5,22.0,74.0,29.7,47.0,67.0,70.1,31.0,68.0,99.0,114.0,41.0,3.0,64.0,92.0,249.1,20.6,11.2,6.0,5.2,277,490.0,21.3,25.7,29,2.6,26,7,49.9,34.1,11,-2.01,-5.66,3.65,1.9,2.8,88.0,40.0,45.5,34.0,9.0,26.5,74.0,22.0,29.7,30.0,12.0,0.0,22.0,27.0,86.0,59.0
Newcastle Eagles,Mitch Clarke,41,Mitch Clarke,23,22.8,523.9,177.0,7.7,58.0,153.0,37.9,22.0,79.0,27.8,39.0,48.0,81.2,9.0,59.0,68.0,74.0,25.0,1.0,39.0,73.0,196.0,18.6,9.5,4.0,3.6,159,336.0,14.6,17.9,23,2.3,19,7,52.1,29.1,10,-3.16,-6.65,3.5,2.1,2.8,48.0,24.0,50,26.0,12.0,46.2,79.0,22.0,27.8,23.0,13.0,0.0,3.0,14.0,47.0,34.0
Bristol Flyers,Darnell Brodie,51,Darnell Brodie,23,17.4,399.1,176.0,7.7,65.0,144.0,45.1,1.0,5.0,20,45.0,67.0,67.2,42.0,88.0,130.0,27.0,13.0,11.0,32.0,53.0,156.9,20.9,10.1,1.5,7.4,57,233.0,10.1,13.3,14,2.3,7,9,63.9,13.0,6,-2.21,-6.54,4.34,5.0,3.3,106.0,55.0,51.9,33.0,9.0,27.3,5.0,1.0,20,18.0,9.0,0.0,5.0,37.0,15.0,36.0
Bristol Flyers,Marcus Delpeche,21,Marcus Delpeche,23,13.8,317.2,154.0,6.7,64.0,118.0,54.2,1.0,1.0,100,25.0,40.0,62.5,44.0,48.0,92.0,15.0,13.0,4.0,26.0,45.0,112.9,18.9,8.8,0.9,5.3,34,188.0,8.2,10.8,13,1.6,12,2,50.5,13.9,8,-1.54,-5.19,3.65,4.5,3.0,104.0,60.0,57.7,13.0,3.0,23.1,1.0,1.0,100,9.0,6.0,1.0,10.0,32.0,21.0,51.0
Cheshire Phoenix,Matthew Zona,24,Matthew Zona,23,12.9,297.0,140.0,6.1,52.0,114.0,45.6,23.0,65.0,35.4,13.0,22.0,59.1,19.0,40.0,59.0,9.0,12.0,14.0,12.0,52.0,112.0,18.2,7.4,0.5,3.1,21,161.0,7.0,8.5,8,2.0,3,2,103.1,3.9,4,-0.2,-3.55,3.35,4.4,4.0,30.0,21.0,70,19.0,8.0,42.1,65.0,23.0,35.4,3.0,2.0,0.0,7.0,25.0,13.0,9.0
Newcastle Eagles,Sauveur Kande,9,Sauveur Kande,23,6.1,139.9,40.0,1.7,13.0,26.0,50,12.0,22.0,54.5,2.0,4.0,50,1.0,11.0,12.0,2.0,3.0,3.0,0.0,16.0,25.7,9.1,2.1,0.1,0.6,5,45.0,2.0,2.4,3,3.0,2,0,75.0,2.0,1,0.04,-3.48,3.52,3.2,4.0,3.0,1.0,33.3,1.0,0.0,0,22.0,12.0,54.5,0.0,0.0,0.0,0.0,0.0,15.0,11.0
Bristol Flyers,Pasquale Landolfi,40,Pasquale Landolfi,23,3.2,74.2,11.0,0.5,4.0,18.0,22.2,2.0,14.0,14.3,1.0,2.0,50,2.0,3.0,5.0,3.0,0.0,0.0,5.0,10.0,21.0,15.1,0.6,0.2,0.3,5,16.0,0.7,0.9,0,0,0,0,0,0.0,0,-13.76,-13.96,0.2,2.9,4.8,2.0,1.0,50,2.0,1.0,50,14.0,2.0,14.3,1.0,4.0,0.0,0.0,2.0,0.0,2.0
Cheshire Phoenix,Patrick Robinson,13,Patrick Robinson,22,25.3,556.2,430.0,19.5,149.0,252.0,59.1,17.0,46.0,37,115.0,158.0,72.8,27.0,56.0,83.0,91.0,20.0,3.0,47.0,34.0,327.9,28.5,22.6,4.8,4.4,241,671.0,30.5,35.2,32,2.9,32,13,42.4,40.7,11,7.5,3.86,3.64,2.2,1.0,153.0,108.0,70.6,53.0,24.0,45.3,46.0,17.0,37,16.0,23.0,0.0,8.0,30.0,117.0,63.0
Newcastle Eagles,Ray'sean Taylor,3,Ray'sean Taylor,22,27.9,614.1,339.0,15.4,112.0,247.0,45.3,38.0,108.0,35.2,77.0,92.0,83.7,14.0,82.0,96.0,93.0,29.0,2.0,44.0,56.0,304.8,24.6,18.1,5.0,5.1,206,545.0,24.8,29.1,18,2.0,14,10,48.9,20.4,9,2.92,-1.09,4.01,2.3,1.3,84.0,53.0,63.1,55.0,21.0,38.2,108.0,38.0,35.2,26.0,10.0,0.0,8.0,26.0,123.0,66.0
Cheshire Phoenix,Frankie Policelli,5,Frankie Policelli,22,23.7,520.7,272.0,12.4,87.0,212.0,41,59.0,155.0,38.1,39.0,47.0,83,23.0,106.0,129.0,17.0,28.0,9.0,27.0,51.0,227.2,21.1,14.3,0.9,6.8,34,306.0,13.9,16.1,18,2.2,14,5,55.6,17.2,8,2.12,-1.13,3.25,4.1,3.6,30.0,17.0,56.7,27.0,11.0,40.7,155.0,59.0,38.1,9.0,8.0,0.0,10.0,51.0,104.0,67.0
Bristol Flyers,Cameron Holden,7,Cameron Holden,22,29.3,643.8,203.0,9.2,69.0,174.0,39.7,12.0,43.0,27.9,53.0,97.0,54.6,54.0,65.0,119.0,102.0,38.0,7.0,41.0,62.0,195.5,16.2,11.6,5.8,6.8,220,423.0,19.2,24.2,13,2.6,9,4,60.4,13.8,5,1.06,-4.58,5.64,2.5,2.7,109.0,48.0,44,22.0,9.0,40.9,43.0,12.0,27.9,28.0,8.0,0.0,5.0,34.0,58.0,48.0
Cheshire Phoenix,Damiri Lindo,9,Damiri Lindo,22,17.5,384.7,152.0,6.9,52.0,130.0,40,12.0,46.0,26.1,36.0,39.0,92.3,16.0,47.0,63.0,23.0,18.0,3.0,20.0,46.0,145.1,18.2,8.0,1.2,3.3,59,211.0,9.6,11.1,13,3.2,11,2,54.7,13.9,4,-2.65,-5.56,2.91,3.1,4.1,67.0,36.0,53.7,17.0,4.0,23.5,46.0,12.0,26.1,6.0,9.0,0.0,5.0,21.0,63.0,49.0
Cheshire Phoenix,Greg Wild,1,Greg Wild,22,2.9,63.2,9.0,0.4,3.0,8.0,37.5,2.0,7.0,28.6,1.0,2.0,50,1.0,4.0,5.0,3.0,2.0,0.0,2.0,4.0,9.5,7.3,0.5,0.2,0.3,8,17.0,0.8,0.9,0,0.0,1,0,0.0,1.0,1,-3.42,-5.89,2.47,2.6,4.6,1.0,1.0,100,0.0,0.0,0,7.0,2.0,28.6,0.0,2.0,0.0,0.0,4.0,3.0,1.0
Surrey 89ers,Kino Lily Jr,12,Kino Lily Jr,21,33.3,699.2,368.0,17.5,137.0,292.0,46.9,75.0,161.0,46.6,19.0,24.0,79.2,11.0,40.0,51.0,91.0,24.0,0.0,40.0,27.0,318.3,23.4,22.4,5.5,3.1,174,542.0,25.8,33.0,35,3.5,22,3,75.0,25.3,10,2.99,1.22,1.77,1.7,2.1,34.0,13.0,38.2,97.0,49.0,50.5,161.0,75.0,46.6,18.0,18.0,0.0,4.0,23.0,100.0,78.0
Surrey 89ers,Isiah Small,0,Isiah Small,21,30.0,630.0,318.0,15.1,118.0,251.0,47,16.0,55.0,29.1,66.0,91.0,72.5,55.0,133.0,188.0,69.0,23.0,12.0,39.0,64.0,264.0,21.6,19.4,4.2,11.5,153,471.0,22.4,28.7,42,3.8,27,10,66.9,36.4,11,2.05,-1.87,3.92,4.3,2.9,129.0,76.0,58.9,67.0,26.0,38.8,55.0,16.0,29.1,15.0,16.0,0.0,8.0,64.0,55.0,69.0
Surrey 89ers,Ronald Polite Iii,7,Ronald Polite Iii,21,29.4,616.9,313.0,14.9,112.0,226.0,49.6,19.0,67.0,28.4,70.0,89.0,78.7,23.0,62.0,85.0,132.0,18.0,6.0,57.0,54.0,287.2,24.0,19.1,8.0,5.2,269,582.0,27.7,35.5,40,4.4,20,17,72.8,36.5,9,2.37,-0.66,3.03,2.1,1.4,88.0,66.0,75,71.0,27.0,38,67.0,19.0,28.4,24.0,21.0,1.0,11.0,34.0,86.0,62.0
Surrey 89ers,Michael Graham,21,Michael Graham,21,21.2,444.6,193.0,9.2,88.0,154.0,57.1,0.0,1.0,0,17.0,37.0,45.9,56.0,100.0,156.0,19.0,14.0,22.0,19.0,33.0,127.9,14.8,11.8,1.2,9.5,37,230.0,11.0,14.0,13,2.2,13,5,42.8,16.2,6,1.23,-1.82,3.05,5.0,3.8,119.0,74.0,62.2,34.0,14.0,41.2,1.0,0.0,0,9.0,7.0,0.0,3.0,57.0,39.0,30.0
Cheshire Phoenix,Tobias Cameron,11,Tobias Cameron,21,21.2,444.5,192.0,9.1,68.0,146.0,46.6,26.0,76.0,34.2,30.0,39.0,76.9,31.0,50.0,81.0,46.0,13.0,4.0,31.0,43.0,156.6,17.0,10.1,2.4,4.3,107,299.0,14.2,15.7,15,2.1,16,2,44.4,17.9,7,0.36,-2.17,2.53,3.1,3.0,43.0,27.0,62.8,27.0,15.0,55.6,76.0,26.0,34.2,14.0,9.0,0.0,8.0,26.0,57.0,47.0
London Lions,Deane Williams,31,Deane Williams,21,21.9,460.0,173.0,8.2,60.0,139.0,43.2,17.0,61.0,27.9,36.0,50.0,72,30.0,72.0,102.0,38.0,11.0,15.0,30.0,51.0,154.6,18.6,11.4,2.5,6.7,82,255.0,12.1,16.8,16,2.0,18,7,38.0,26.1,8,2.6,-3.87,6.48,4.3,3.6,54.0,34.0,63,24.0,9.0,37.5,61.0,17.0,27.9,10.0,11.0,0.0,9.0,17.0,38.0,34.0
Bristol Flyers,Jonathan Brown,9,Jonathan Brown,21,19.0,400.0,160.0,7.6,52.0,155.0,33.5,16.0,68.0,23.5,40.0,54.0,74.1,8.0,38.0,46.0,29.0,8.0,3.0,37.0,16.0,199.4,26.5,9.1,1.7,2.6,67,227.0,10.8,13.0,19,2.7,15,14,44.9,23.2,7,-6.61,-8.22,1.62,2.8,3.9,48.0,23.0,47.9,39.0,13.0,33.3,68.0,16.0,23.5,23.0,12.0,0.0,2.0,10.0,48.0,44.0
Surrey 89ers,Nedas Cholevinskas,17,Nedas Cholevinskas,21,17.6,370.5,139.0,6.6,43.0,114.0,37.7,23.0,62.0,37.1,30.0,42.0,71.4,14.0,33.0,47.0,12.0,9.0,1.0,11.0,42.0,124.3,17.3,8.5,0.7,2.9,22,161.0,7.7,9.8,0,0.0,5,0,0.0,6.0,4,-3.76,-5.22,1.45,3.1,4.4,36.0,15.0,41.7,16.0,5.0,31.2,62.0,23.0,37.1,6.0,3.0,0.0,2.0,33.0,26.0,18.0
London Lions,Aaryndeep Rai,21,Aaryn Rai; Aaryndeep Rai,21,22.3,467.6,134.0,6.4,55.0,104.0,52.9,12.0,36.0,33.3,12.0,27.0,44.4,35.0,84.0,119.0,26.0,17.0,8.0,20.0,41.0,96.8,11.5,8.8,1.7,7.9,60,194.0,9.2,12.8,8,2.7,2,5,95.2,4.2,3,3.8,-2.91,6.71,4.2,4.0,56.0,38.0,67.9,12.0,5.0,41.7,36.0,12.0,33.3,5.0,9.0,1.0,5.0,30.0,27.0,42.0
Newcastle Eagles,Emmanuel Kanwei,21,Emmanuel Kanwei,21,15.2,320.1,132.0,6.3,51.0,100.0,51,4.0,9.0,44.4,26.0,44.0,59.1,24.0,31.0,55.0,15.0,5.0,9.0,17.0,32.0,107.9,16.7,7.0,0.8,2.9,40,172.0,8.2,9.2,5,1.7,2,3,75.3,3.3,3,-2.88,-5.08,2.2,4.1,3.6,46.0,27.0,58.7,45.0,20.0,44.4,9.0,4.0,44.4,2.0,9.0,0.0,6.0,16.0,26.0,11.0
Surrey 89ers,Haydn Ling,55,Haydn Ling,21,10.7,225.7,109.0,5.2,42.0,63.0,66.7,0.0,3.0,0,25.0,43.0,58.1,22.0,56.0,78.0,8.0,2.0,12.0,23.0,47.0,79.6,18.2,6.6,0.5,4.8,18,127.0,6.0,7.7,5,2.5,3,2,64.4,3.9,2,-2.96,-6.53,3.57,5.0,3.2,46.0,32.0,69.6,14.0,10.0,71.4,3.0,0.0,0,7.0,4.0,2.0,10.0,29.0,11.0,9.0
Surrey 89ers,Tayo Ogedengbe,15,Tayo Ogedengbe,21,17.2,361.8,86.0,4.1,28.0,82.0,34.1,16.0,53.0,30.2,14.0,29.0,48.3,11.0,22.0,33.0,20.0,11.0,2.0,13.0,30.0,92.9,13.2,5.2,1.2,2.0,34,120.0,5.7,7.3,6,0.8,12,6,20.5,15.6,8,-4.38,-6.3,1.92,2.6,4.8,19.0,10.0,52.6,10.0,2.0,20,53.0,16.0,30.2,7.0,2.0,0.0,4.0,15.0,24.0,18.0
Cheshire Phoenix,Lukasz Paradysz,6,Lukasz Paradysz,21,0.0,0.8,0.0,0.0,0.0,0.0,0,0.0,0.0,0,0.0,0.0,0,0.0,0.0,0.0,0.0,1.0,0.0,0.0,0.0,0.0,0.0,0.0,0.0,0.0,0,0.0,0.0,0.0,0,0,0,0,0,0.0,0,70.08,7.65,62.43,2.8,4.0,0.0,0.0,0,0.0,0.0,0,0.0,0.0,0,0.0,0.0,0.0,0.0,0.0,0.0,0.0
B. Braun Sheffield Sharks,Dirk Williams,1,Dirk Williams,20,32.0,639.4,301.0,15.1,110.0,233.0,47.2,51.0,122.0,41.8,30.0,39.0,76.9,9.0,73.0,82.0,60.0,19.0,19.0,26.0,36.0,256.5,20.7,19.4,3.9,5.3,125,426.0,21.3,27.4,24,3.0,16,1,73.0,19.4,8,3.79,-0.17,3.96,2.8,2.6,61.0,38.0,62.3,50.0,21.0,42,122.0,51.0,41.8,11.0,10.0,0.0,5.0,37.0,72.0,40.0
Caledonia Gladiators,Matthew Ragsdale,24,Matthew Ragsdale,20,27.7,554.7,290.0,14.5,110.0,260.0,42.3,57.0,161.0,35.4,13.0,14.0,92.9,4.0,41.0,45.0,28.0,12.0,1.0,24.0,26.0,274.7,26.0,18.9,1.8,2.9,60,350.0,17.5,22.8,10,2.0,12,1,40.2,12.4,5,-2.45,-2.0,-0.44,2.5,2.9,48.0,28.0,58.3,51.0,25.0,49,161.0,57.0,35.4,12.0,5.0,0.0,7.0,21.0,84.0,52.0
B. Braun Sheffield Sharks,Rodney Chatman Iii,3,Rodney Chatman Iii,20,24.4,487.1,272.0,13.6,81.0,197.0,41.1,34.0,86.0,39.5,76.0,95.0,80,10.0,58.0,68.0,92.0,22.0,2.0,47.0,47.0,264.8,28.0,17.5,5.9,4.4,185,457.0,22.9,29.4,30,3.3,16,14,67.7,29.2,9,2.39,-0.75,3.14,1.6,1.3,69.0,35.0,50.7,42.0,12.0,28.6,86.0,34.0,39.5,33.0,9.0,0.0,5.0,29.0,73.0,57.0
Caledonia Gladiators,Ethan Wright,40,Ethan Wright,20,24.6,492.8,253.0,12.7,96.0,213.0,45.1,30.0,89.0,33.7,31.0,39.0,79.5,31.0,75.0,106.0,45.0,34.0,6.0,41.0,40.0,230.6,24.6,16.5,2.9,6.9,99,352.0,17.6,22.9,8,1.6,11,2,33.7,13.9,5,1.25,-1.91,3.16,3.2,2.4,106.0,61.0,57.5,18.0,5.0,27.8,89.0,30.0,33.7,22.0,15.0,0.0,4.0,31.0,92.0,59.0
B. Braun Sheffield Sharks,Nick Kern Jr,24,Nick Kern Jr,20,20.2,404.8,224.0,11.2,87.0,161.0,54,2.0,14.0,14.3,48.0,84.0,57.1,21.0,62.0,83.0,41.0,11.0,7.0,39.0,45.0,207.3,26.4,14.4,2.6,5.3,101,325.0,16.2,20.9,28,3.5,18,12,60.1,25.3,8,-0.97,-4.28,3.31,3.3,2.5,100.0,62.0,62,47.0,23.0,48.9,14.0,2.0,14.3,15.0,15.0,0.0,9.0,30.0,66.0,33.0
Caledonia Gladiators,Charles Jet Speelman,22,Charles Jet Speelman,20,22.9,457.6,197.0,9.8,70.0,158.0,44.3,30.0,72.0,41.7,27.0,35.0,77.1,24.0,66.0,90.0,27.0,3.0,2.0,36.0,40.0,178.0,20.4,12.8,1.8,5.9,54,251.0,12.6,16.4,3,1.0,4,2,30.7,7.9,3,-4.61,-4.48,-0.13,3.9,3.1,45.0,22.0,48.9,40.0,17.0,42.5,72.0,30.0,41.7,11.0,15.0,0.0,10.0,31.0,36.0,16.0
Bristol Flyers,Owen Mccormack,13,Owen Mccormack,20,23.2,464.8,193.0,9.7,63.0,129.0,48.8,37.0,84.0,44,30.0,38.0,78.9,21.0,80.0,101.0,36.0,12.0,6.0,32.0,50.0,150.5,17.2,11.0,2.1,5.8,79,272.0,13.6,15.6,26,4.3,12,5,91.5,17.2,6,1.76,-3.25,5.01,3.9,2.4,38.0,24.0,63.2,7.0,2.0,28.6,84.0,37.0,44,17.0,13.0,1.0,1.0,33.0,25.0,45.0
B. Braun Sheffield Sharks,William Lee,4,William Lee,20,19.7,393.8,164.0,8.2,62.0,118.0,52.5,24.0,53.0,45.3,16.0,25.0,64,26.0,98.0,124.0,20.0,14.0,20.0,13.0,39.0,111.4,14.6,10.6,1.3,8.0,39,203.0,10.2,13.1,13,1.9,11,0,59.1,11.0,7,4.72,-0.32,5.03,5.0,3.3,41.0,32.0,78,24.0,6.0,25,53.0,24.0,45.3,4.0,6.0,0.0,3.0,27.0,44.0,25.0
B. Braun Sheffield Sharks,Jalen Deloach,23,Jalen Deloach,20,18.6,371.4,156.0,7.8,60.0,99.0,60.6,3.0,13.0,23.1,33.0,67.0,49.3,29.0,77.0,106.0,28.0,8.0,15.0,29.0,53.0,123.3,17.1,10.0,1.8,6.8,59,215.0,10.8,13.8,11,2.2,9,4,51.1,14.8,5,-0.13,-4.6,4.47,4.7,3.1,63.0,47.0,74.6,23.0,10.0,43.5,13.0,3.0,23.1,7.0,12.0,1.0,9.0,29.0,18.0,25.0
London Lions,Tarik Phillip,22,Tarik Phillip,20,19.3,386.3,144.0,7.2,44.0,120.0,36.7,11.0,44.0,25,45.0,59.0,76.3,16.0,54.0,70.0,69.0,24.0,2.0,42.0,35.0,165.1,23.7,9.5,4.6,4.6,149,293.0,14.7,19.3,18,3.0,10,13,57.3,16.7,6,2.71,-4.34,7.05,2.2,2.8,53.0,26.0,49.1,23.0,7.0,30.4,44.0,11.0,25,22.0,15.0,0.0,5.0,21.0,34.0,61.0
Caledonia Gladiators,Fraser Malcolm,7,Fraser Malcolm,20,22.5,449.0,101.0,5.0,35.0,100.0,35,17.0,66.0,25.8,14.0,17.0,82.4,10.0,42.0,52.0,24.0,8.0,3.0,5.0,21.0,98.4,11.5,6.6,1.6,3.4,52,153.0,7.7,10.0,2,0.4,9,0,11.1,9.0,5,-4.56,-5.34,0.78,3.0,4.5,29.0,17.0,58.6,5.0,1.0,20,66.0,17.0,25.8,3.0,1.0,0.0,1.0,7.0,23.0,32.0
B. Braun Sheffield Sharks,Jordan Ratinho,9,Jordan Ratinho,20,25.5,509.2,86.0,4.3,32.0,71.0,45.1,13.0,38.0,34.2,9.0,16.0,56.2,22.0,37.0,59.0,24.0,19.0,4.0,17.0,47.0,70.1,7.1,5.5,1.5,3.8,58,144.0,7.2,9.3,15,3.8,8,2,84.5,10.9,4,-1.8,-5.52,3.72,2.6,4.6,29.0,18.0,62.1,4.0,1.0,25,38.0,13.0,34.2,7.0,5.0,0.0,5.0,15.0,28.0,20.0
B. Braun Sheffield Sharks,Rodney Glasgow Jr,11,Rodney Glasgow Jr,20,15.4,307.4,76.0,3.8,31.0,79.0,39.2,8.0,30.0,26.7,6.0,6.0,100,4.0,16.0,20.0,19.0,4.0,2.0,9.0,13.0,83.2,13.9,4.9,1.2,1.3,45,121.0,6.0,7.8,13,4.3,8,2,73.2,9.9,3,-4.27,-5.71,1.45,2.4,4.6,15.0,5.0,33.3,34.0,18.0,52.9,30.0,8.0,26.7,3.0,3.0,0.0,3.0,8.0,19.0,8.0
B. Braun Sheffield Sharks,Mike Ochereobia,15,Mike Ochereobia,20,13.1,261.7,65.0,3.2,28.0,49.0,57.1,0.0,0.0,0,9.0,16.0,56.2,36.0,22.0,58.0,4.0,5.0,2.0,16.0,42.0,34.6,6.8,4.2,0.3,3.7,10,75.0,3.8,4.8,10,1.4,7,2,63.5,10.9,7,-5.29,-6.76,1.48,4.1,4.6,36.0,24.0,66.7,13.0,4.0,30.8,0.0,0.0,0,1.0,5.0,4.0,6.0,31.0,3.0,16.0
Caledonia Gladiators,Daniel Carr,14,Daniel Carr,20,5.5,110.8,30.0,1.5,12.0,31.0,38.7,3.0,7.0,42.9,3.0,4.0,75,6.0,17.0,23.0,5.0,0.0,1.0,6.0,8.0,31.4,14.9,2.0,0.3,1.5,11,41.0,2.0,2.7,1,1.0,0,1,113.6,0.4,1,-7.83,-7.29,-0.54,4.0,4.4,11.0,3.0,27.3,13.0,6.0,46.2,7.0,3.0,42.9,2.0,4.0,0.0,0.0,3.0,0.0,2.0
Manchester Basketball,Max Jones,2,Max Jones,19,27.4,520.8,324.0,17.1,115.0,276.0,41.7,50.0,126.0,39.7,44.0,53.0,83,12.0,39.0,51.0,54.0,11.0,7.0,41.0,45.0,315.2,30.9,21.6,3.6,3.4,113,437.0,23.0,29.2,26,5.2,22,4,54.7,26.8,5,-1.0,-1.6,0.59,2.5,2.6,84.0,45.0,53.6,65.0,20.0,30.8,126.0,50.0,39.7,21.0,10.0,0.0,10.0,38.0,87.0,51.0
Manchester Basketball,Kaiyem Cleary,9,Kaiyem Cleary,19,24.0,455.1,246.0,12.9,85.0,193.0,44,28.0,87.0,32.2,48.0,52.0,92.3,20.0,62.0,82.0,26.0,12.0,11.0,20.0,40.0,207.2,23.2,16.4,1.7,5.5,59,305.0,16.1,20.4,31,3.9,19,3,76.3,20.3,8,0.52,-1.73,2.26,3.7,3.2,56.0,36.0,64.3,50.0,21.0,42,87.0,28.0,32.2,4.0,11.0,0.0,5.0,38.0,52.0,41.0
Manchester Basketball,Jordan Johnson,11,Jordan Johnson,19,20.2,384.2,221.0,11.6,73.0,172.0,42.4,30.0,76.0,39.5,45.0,59.0,76.3,7.0,36.0,43.0,97.0,12.0,1.0,31.0,25.0,213.1,28.3,14.7,6.5,2.9,222,443.0,23.3,29.6,32,4.6,15,10,82.5,21.4,7,3.25,1.98,1.27,1.3,1.0,61.0,38.0,62.3,35.0,5.0,14.3,76.0,30.0,39.5,18.0,11.0,0.0,2.0,15.0,57.0,34.0
Manchester Basketball,Patrick Smith Jr,0,Patrick Smith Jr,19,24.5,464.6,217.0,11.4,77.0,173.0,44.5,37.0,88.0,42,26.0,31.0,83.9,15.0,49.0,64.0,68.0,19.0,5.0,32.0,26.0,195.5,21.5,14.5,4.5,4.3,150,367.0,19.3,24.5,15,3.0,7,8,71.3,12.5,5,2.55,-0.2,2.75,2.2,2.2,35.0,20.0,57.1,50.0,20.0,40,88.0,37.0,42,15.0,12.0,0.0,5.0,15.0,48.0,25.0
Manchester Basketball,Oluwaseyi Adetukasi,22,Oluwaseyi Adetukasi,19,24.9,473.8,187.0,9.8,69.0,131.0,52.7,22.0,51.0,43.1,27.0,33.0,81.8,17.0,55.0,72.0,16.0,12.0,2.0,19.0,31.0,141.6,15.3,12.5,1.1,4.8,35,222.0,11.7,14.8,19,2.7,13,2,68.4,13.9,7,-0.88,-2.88,2.0,3.2,3.6,53.0,36.0,67.9,27.0,11.0,40.7,51.0,22.0,43.1,6.0,6.0,0.0,7.0,24.0,54.0,32.0
London Lions,Mohammad Al-Amin Abdul Adamu,5,Mohammad Al-Amin Abdul Adamu; Amin Adamu,19,19.8,376.9,166.0,8.7,66.0,128.0,51.6,19.0,47.0,40.4,15.0,19.0,78.9,12.0,38.0,50.0,38.0,10.0,0.0,31.0,39.0,149.1,21.9,11.0,2.5,3.3,80,246.0,12.9,16.2,4,2.0,5,2,34.0,5.9,2,2.02,-3.21,5.23,2.6,2.7,42.0,28.0,66.7,39.0,19.0,48.7,47.0,19.0,40.4,21.0,9.0,0.0,1.0,24.0,40.0,28.0
Manchester Basketball,Matthew Nicholson,34,Matthew Nicholson,19,21.7,413.1,124.0,6.5,47.0,69.0,68.1,0.0,0.0,0,30.0,64.0,46.9,41.0,88.0,129.0,11.0,14.0,26.0,14.0,50.0,67.4,8.3,8.3,0.7,8.6,25,149.0,7.8,9.9,5,1.2,5,3,39.6,7.3,4,0.58,-3.47,4.05,5.0,4.1,57.0,43.0,75.4,12.0,4.0,33.3,0.0,0.0,0,5.0,2.0,2.0,5.0,34.0,6.0,21.0
Manchester Basketball,Kyle Carey,1,Kyle Carey,19,12.4,235.2,77.0,4.1,29.0,67.0,43.3,17.0,46.0,37,2.0,4.0,50,2.0,19.0,21.0,9.0,7.0,4.0,10.0,23.0,73.7,16.0,5.1,0.6,1.4,15,92.0,4.8,6.1,0,0.0,1,0,0.0,1.0,1,-2.8,-4.97,2.16,2.9,4.2,15.0,9.0,60,6.0,3.0,50,46.0,17.0,37,8.0,1.0,0.0,1.0,16.0,28.0,20.0
Caledonia Gladiators,Kyle Jimenez,6,Kyle Jimenez,19,17.4,329.8,43.0,2.3,15.0,43.0,34.9,3.0,16.0,18.8,10.0,13.0,76.9,13.0,26.0,39.0,70.0,8.0,0.0,32.0,42.0,65.0,10.3,2.8,4.6,2.5,164,207.0,10.9,13.5,3,1.5,3,2,38.7,4.9,2,-7.62,-8.1,0.48,1.8,2.7,18.0,12.0,66.7,9.0,0.0,0,16.0,3.0,18.8,20.0,10.0,0.0,2.0,2.0,4.0,9.0
Surrey 89ers,Timothy Nwanko,19,Timothy Nwanko,19,7.1,135.6,29.0,1.5,13.0,30.0,43.3,0.0,3.0,0,3.0,6.0,50,11.0,20.0,31.0,3.0,8.0,4.0,13.0,23.0,33.3,12.6,1.8,0.2,1.9,4,33.0,1.7,2.0,2,2.0,1,0,100.0,1.0,1,-6.99,-10.55,3.56,4.0,5.0,19.0,10.0,52.6,8.0,3.0,37.5,3.0,0.0,0,5.0,5.0,0.0,3.0,8.0,8.0,6.0
Manchester Basketball,Judson Martindale,33,Judson Martindale,19,1.8,34.0,5.0,0.3,2.0,8.0,25,1.0,3.0,33.3,0.0,0.0,0,3.0,1.0,4.0,2.0,1.0,0.0,2.0,6.0,6.7,10.1,0.3,0.1,0.3,4,9.0,0.5,0.6,2,2.0,2,0,50.0,2.0,1,-9.95,-10.07,0.12,2.9,4.5,3.0,1.0,33.3,2.0,0.0,0,3.0,1.0,33.3,0.0,2.0,0.0,0.0,2.0,3.0,0.0
Leicester Riders,Spencer Johnson,20,Spencer Johnson,18,28.1,505.8,179.0,9.9,62.0,136.0,45.6,20.0,53.0,37.7,35.0,45.0,77.8,28.0,77.0,105.0,39.0,16.0,4.0,32.0,20.0,153.4,15.9,12.9,2.8,7.6,77,256.0,14.2,18.5,20,2.5,13,4,67.8,17.8,8,-0.33,-3.11,2.78,3.4,3.5,50.0,29.0,58,33.0,13.0,39.4,53.0,20.0,37.7,15.0,13.0,0.0,4.0,31.0,53.0,38.0
Leicester Riders,Travis Evee,3,Travis Evee,18,22.3,400.7,174.0,9.7,55.0,133.0,41.4,30.0,75.0,40,34.0,44.0,77.3,5.0,26.0,31.0,59.0,21.0,1.0,40.0,24.0,179.9,23.5,12.5,4.3,2.2,117,291.0,16.2,21.0,16,2.3,20,4,36.8,23.8,7,-0.63,-2.61,1.99,1.4,2.4,39.0,19.0,48.7,19.0,6.0,31.6,75.0,30.0,40,18.0,14.0,0.0,8.0,13.0,32.0,31.0
Manchester Basketball,Zak Irvin,7,Zak Irvin,18,18.3,329.4,107.0,5.9,49.0,85.0,57.6,4.0,12.0,33.3,5.0,9.0,55.6,17.0,62.0,79.0,19.0,17.0,0.0,14.0,19.0,82.5,12.8,7.1,1.3,5.3,47,154.0,8.6,10.3,13,2.2,10,2,59.7,10.9,6,0.34,-3.46,3.8,3.4,3.8,54.0,35.0,64.8,19.0,10.0,52.6,12.0,4.0,33.3,3.0,5.0,0.0,6.0,12.0,38.0,18.0
Leicester Riders,Olutomiwa Sulaiman,10,Olutomiwa Sulaiman; Tomiwa Sulaiman,18,15.7,281.9,94.0,5.2,35.0,77.0,45.5,10.0,30.0,33.3,14.0,18.0,77.8,19.0,42.0,61.0,21.0,9.0,8.0,16.0,24.0,78.6,14.6,6.8,1.5,4.4,38,132.0,7.3,9.5,13,2.2,7,5,70.7,9.2,6,-0.35,-3.84,3.49,4.0,3.8,33.0,21.0,63.6,14.0,4.0,28.6,30.0,10.0,33.3,3.0,8.0,0.0,5.0,25.0,10.0,20.0
Leicester Riders,Flynn Boardman-Raffet,77,Flynn Boardman-Raffet,18,14.4,258.6,93.0,5.2,33.0,69.0,47.8,6.0,27.0,22.2,21.0,31.0,67.7,14.0,22.0,36.0,18.0,7.0,1.0,11.0,17.0,76.5,15.5,6.7,1.3,2.6,45,138.0,7.7,10.0,16,3.2,6,8,84.0,9.5,5,-1.73,-3.81,2.08,2.9,3.7,35.0,24.0,68.6,7.0,3.0,42.9,27.0,6.0,22.2,3.0,5.0,0.0,3.0,19.0,15.0,9.0
Caledonia Gladiators,Totonitoluwa Fagbenle,11,Totonitoluwa Fagbenle,18,16.7,299.7,69.0,3.8,28.0,68.0,41.2,5.0,16.0,31.2,8.0,18.0,44.4,18.0,33.0,51.0,15.0,9.0,12.0,22.0,30.0,76.7,13.4,4.5,1.0,3.3,33,102.0,5.7,6.6,2,1.0,2,1,41.0,3.4,2,-6.51,-8.32,1.8,4.4,4.5,41.0,21.0,51.2,11.0,2.0,18.2,16.0,5.0,31.2,9.0,9.0,0.0,4.0,12.0,24.0,15.0
London Lions,Ciaran Sandy,3,Ciaran Sandy,18,11.5,207.0,63.0,3.5,22.0,51.0,43.1,7.0,24.0,29.2,12.0,20.0,60,5.0,27.0,32.0,12.0,12.0,7.0,5.0,24.0,57.4,15.4,4.2,0.8,2.1,32,95.0,5.3,6.3,1,1.0,2,2,17.4,2.9,1,4.4,-4.07,8.47,3.5,4.2,15.0,8.0,53.3,12.0,7.0,58.3,24.0,7.0,29.2,2.0,2.0,0.0,1.0,14.0,13.0,24.0
Newcastle Eagles,Darius Defoe,13,Darius Defoe,18,8.1,146.0,43.0,2.4,17.0,37.0,45.9,1.0,5.0,20,8.0,10.0,80,2.0,8.0,10.0,8.0,3.0,1.0,11.0,26.0,48.4,16.5,2.3,0.4,0.5,20,63.0,3.5,3.4,0,0.0,2,0,0.0,2.0,2,-8.58,-10.51,1.93,2.7,4.1,5.0,4.0,80,27.0,12.0,44.4,5.0,1.0,20,4.0,1.0,0.0,6.0,2.0,8.0,4.0
London Lions,Matthew Goodwin,55,Matthew Goodwin,18,7.1,126.9,38.0,2.1,12.0,30.0,40,7.0,20.0,35,7.0,7.0,100,4.0,13.0,17.0,7.0,3.0,1.0,10.0,16.0,37.5,16.4,2.5,0.5,1.1,14,52.0,2.9,3.4,2,2.0,1,0,100.0,1.0,1,-1.08,-6.27,5.19,3.1,4.0,2.0,1.0,50,8.0,4.0,50,20.0,7.0,35,5.0,4.0,0.0,1.0,3.0,5.0,5.0
B. Braun Sheffield Sharks,Prentiss Nixon,2,Prentiss Nixon,17,22.1,376.0,207.0,12.2,68.0,179.0,38,28.0,85.0,32.9,43.0,48.0,89.6,6.0,46.0,52.0,61.0,12.0,1.0,26.0,29.0,211.3,29.0,13.3,3.9,3.3,137,344.0,20.2,22.2,15,1.9,15,8,40.5,25.5,8,0.63,-1.64,2.27,2.0,2.2,41.0,21.0,51.2,53.0,19.0,35.8,85.0,28.0,32.9,17.0,7.0,0.0,2.0,22.0,67.0,29.0
Newcastle Eagles,Deion Hammond,8,Deion Hammond,17,26.2,446.0,189.0,11.1,67.0,170.0,39.4,42.0,110.0,38.2,13.0,15.0,86.7,4.0,37.0,41.0,23.0,18.0,4.0,17.0,53.0,182.0,20.3,10.1,1.2,2.2,49,238.0,14.0,12.7,18,3.0,15,0,60.0,16.0,6,-1.94,-4.7,2.76,2.6,3.6,20.0,11.0,55,40.0,14.0,35,110.0,42.0,38.2,8.0,7.0,0.0,2.0,15.0,60.0,29.0
London Lions,Ethan Price,10,Ethan Price,17,15.7,266.8,124.0,7.3,40.0,73.0,54.8,6.0,24.0,25,38.0,44.0,86.4,13.0,50.0,63.0,19.0,8.0,5.0,16.0,49.0,91.5,19.0,8.2,1.3,4.2,45,169.0,9.9,11.2,8,2.0,5,4,59.2,6.8,4,4.27,-3.44,7.71,4.2,2.7,43.0,30.0,69.8,6.0,4.0,66.7,24.0,6.0,25,5.0,5.0,0.0,6.0,6.0,31.0,22.0
Bristol Flyers,Milos Dugalic,25,Milos Dugalic,17,15.4,261.1,64.0,3.8,22.0,78.0,28.2,6.0,26.0,23.1,14.0,24.0,58.3,15.0,42.0,57.0,17.0,11.0,3.0,21.0,32.0,90.8,18.5,3.7,1.0,3.3,38,102.0,6.0,5.8,4,1.0,5,2,34.0,6.9,4,-7.49,-11.17,3.69,3.7,4.9,47.0,16.0,34,5.0,0.0,0,26.0,6.0,23.1,12.0,5.0,0.0,4.0,11.0,10.0,12.0
Leicester Riders,Raequan Battle,21/7,Raequan Battle,16,30.6,488.9,349.0,21.8,116.0,248.0,46.8,59.0,136.0,43.4,58.0,63.0,92.1,7.0,65.0,72.0,20.0,16.0,5.0,31.0,43.0,287.7,30.8,25.2,1.4,5.2,45,394.0,24.6,28.4,75,5.8,50,18,64.7,60.9,13,3.39,0.89,2.5,3.2,2.1,71.0,42.0,59.2,41.0,15.0,36.6,136.0,59.0,43.4,11.0,13.0,0.0,7.0,35.0,103.0,65.0
Caledonia Gladiators,Ria'n Holland,10,Rian Holland; Ria'n Holland,16,28.1,449.2,181.0,11.3,62.0,140.0,44.3,18.0,48.0,37.5,39.0,49.0,79.6,14.0,44.0,58.0,63.0,43.0,2.0,29.0,37.0,169.5,19.8,11.8,4.1,3.8,149,330.0,20.6,21.5,6,2.0,4,2,61.5,4.9,3,2.15,-2.59,4.74,1.4,2.1,43.0,26.0,60.5,49.0,18.0,36.7,48.0,18.0,37.5,13.0,14.0,0.0,2.0,19.0,45.0,27.0
Surrey 89ers,Andrew Lawrence,4,Andrew Lawrence,16,11.6,186.2,37.0,2.3,14.0,41.0,34.1,6.0,24.0,25,3.0,5.0,60,3.0,11.0,14.0,43.0,13.0,0.0,11.0,19.0,49.2,13.6,2.3,2.6,0.9,99,136.0,8.5,8.3,0,0.0,2,0,0.0,2.0,2,-0.73,-4.59,3.87,1.1,3.2,9.0,3.0,33.3,8.0,5.0,62.5,24.0,6.0,25,8.0,1.0,1.0,1.0,2.0,13.0,3.0
B. Braun Sheffield Sharks,Mervin James,5,Mervin James,15,16.4,246.0,160.0,10.7,60.0,124.0,48.4,8.0,19.0,42.1,32.0,41.0,78,15.0,60.0,75.0,14.0,4.0,2.0,25.0,21.0,146.0,30.6,10.3,0.9,4.8,35,195.0,13.0,12.6,16,4.0,14,4,50.8,16.8,4,-1.36,-3.37,2.01,4.4,2.9,64.0,39.0,60.9,41.0,13.0,31.7,19.0,8.0,42.1,10.0,8.0,0.0,7.0,22.0,42.0,24.0
London Lions,Johnathan Williams,13,Johnathan Williams; Jonathan Williams,15,20.7,310.2,134.0,8.9,58.0,102.0,56.9,0.0,2.0,0,18.0,31.0,58.1,24.0,42.0,66.0,20.0,12.0,9.0,31.0,38.0,117.7,21.0,8.8,1.3,4.4,45,179.0,11.9,11.8,2,2.0,2,0,50.0,2.0,1,1.03,-5.5,6.52,4.1,3.4,81.0,52.0,64.2,19.0,6.0,31.6,2.0,0.0,0,8.0,11.0,1.0,11.0,27.0,28.0,31.0
Leicester Riders,Victor Ndoukou,25,Victor Ndoukou,15,5.2,78.7,11.0,0.7,4.0,15.0,26.7,2.0,11.0,18.2,1.0,5.0,20,4.0,7.0,11.0,6.0,1.0,1.0,2.0,8.0,14.6,9.7,0.8,0.4,0.8,12,23.0,1.5,1.7,0,0,0,0,0,0.0,0,-6.35,-7.77,1.41,3.2,4.6,3.0,2.0,66.7,1.0,0.0,0,11.0,2.0,18.2,1.0,1.0,0.0,0.0,0.0,6.0,6.0
B. Braun Sheffield Sharks,Reyad West,6,Reyad West,15,0.2,3.2,2.0,0.1,1.0,1.0,100,0.0,0.0,0,0.0,0.0,0,0.0,0.0,0.0,0.0,0.0,0.0,0.0,1.0,1.0,15.5,0.1,0.0,0.0,0,2.0,0.1,0.1,0,0,0,0,0,0.0,0,1.62,-3.13,4.75,3.0,3.8,0.0,0.0,0,1.0,1.0,100,0.0,0.0,0,0.0,0.0,0.0,0.0,0.0,0.0,0.0
Leicester Riders,Donald Carey Jr,13,Donald Carey Jr,14,32.8,458.8,232.0,16.6,73.0,157.0,46.5,31.0,75.0,41.3,55.0,62.0,88.7,10.0,49.0,59.0,101.0,23.0,0.0,55.0,23.0,220.1,25.1,16.7,7.3,4.3,208,440.0,31.4,31.7,27,3.0,17,16,56.2,34.0,9,2.81,0.33,2.47,1.3,1.0,50.0,28.0,56,32.0,14.0,43.8,75.0,31.0,41.3,30.0,22.0,0.0,3.0,27.0,59.0,37.0
Newcastle Eagles,Gus Okafor,99,Gus Okafor,14,23.3,326.2,151.0,10.8,46.0,112.0,41.1,21.0,51.0,41.2,38.0,57.0,66.7,17.0,46.0,63.0,26.0,4.0,4.0,12.0,30.0,126.8,19.3,8.1,1.4,3.4,63,214.0,15.3,11.4,10,2.0,12,6,34.2,16.6,5,-0.19,-2.52,2.33,3.8,3.0,30.0,14.0,46.7,31.0,11.0,35.5,51.0,21.0,41.2,2.0,5.0,0.0,5.0,20.0,30.0,15.0
Leicester Riders,Aaron Menzies,12,Aaron Menzies,14,14.0,196.1,67.0,4.8,23.0,41.0,56.1,0.0,1.0,0,21.0,33.0,63.6,23.0,44.0,67.0,10.0,1.0,11.0,21.0,32.0,51.4,13.7,4.8,0.7,4.8,29,96.0,6.9,6.9,4,1.0,5,2,34.0,6.9,4,-4.41,-7.48,3.07,5.0,3.8,30.0,19.0,63.3,10.0,4.0,40,1.0,0.0,0,2.0,12.0,1.0,6.0,21.0,9.0,7.0
London Lions,Chasson Jermar Randle,2,Chasson Jermar Randle,13,19.2,249.6,117.0,9.0,40.0,82.0,48.8,21.0,52.0,40.4,16.0,17.0,94.1,4.0,24.0,28.0,23.0,5.0,1.0,14.0,27.0,95.5,21.2,7.7,1.5,1.8,52,169.0,13.0,11.2,6,6.0,4,0,75.0,5.0,1,4.52,-1.05,5.56,2.7,2.5,23.0,17.0,73.9,7.0,2.0,28.6,52.0,21.0,40.4,9.0,3.0,0.0,2.0,2.0,28.0,18.0
Leicester Riders,Nathaniel Martin,41,Nathaniel Martin,13,24.8,322.9,94.0,7.2,37.0,70.0,52.9,0.0,0.0,0,20.0,40.0,50,30.0,63.0,93.0,21.0,6.0,6.0,14.0,29.0,68.7,11.1,6.8,1.5,6.7,50,144.0,11.1,10.4,13,2.2,9,8,51.9,12.5,6,-1.76,-4.45,2.7,4.7,4.1,42.0,26.0,61.9,28.0,11.0,39.3,0.0,0.0,0,7.0,4.0,0.0,3.0,16.0,18.0,8.0
Manchester Basketball,Duke Shelton,30,Duke Shelton,13,7.3,94.9,49.0,3.8,16.0,19.0,84.2,0.0,0.0,0,17.0,24.0,70.8,12.0,26.0,38.0,2.0,1.0,5.0,7.0,15.0,23.6,12.7,3.3,0.1,2.5,6,55.0,4.2,3.7,6,3.0,1,4,108.7,3.8,2,2.29,-1.3,3.59,5.0,2.8,17.0,15.0,88.2,2.0,1.0,50,0.0,0.0,0,1.0,2.0,0.0,4.0,11.0,7.0,10.0
Surrey 89ers,Joshua Smith-White,33/44,Joshua Smith-White,13,0.2,2.7,0.0,0.0,0.0,1.0,0,0.0,1.0,0,0.0,0.0,0,0.0,1.0,1.0,0.0,0.0,0.0,0.0,0.0,1.0,18.4,0.0,0.0,0.1,19,19.0,1.5,1.2,0,0,0,0,0,0.0,0,-20.29,-17.24,-3.05,3.1,4.1,0.0,0.0,0,0.0,0.0,0,1.0,0.0,0,0.0,0.0,0.0,0.0,0.0,0.0,0.0
Caledonia Gladiators,Kevin Allen,0,Kevin Allen,12,24.6,295.5,205.0,17.1,79.0,136.0,58.1,0.0,4.0,0,47.0,54.0,87,25.0,57.0,82.0,20.0,4.0,4.0,30.0,21.0,158.2,28.1,13.4,1.3,5.3,39,244.0,20.3,15.9,7,2.3,9,2,35.4,11.9,3,1.37,-0.26,1.64,4.6,1.3,82.0,58.0,70.7,50.0,21.0,42,4.0,0.0,0,14.0,10.0,0.0,6.0,44.0,17.0,32.0
London Lions,Shavar Reynolds Jr,33,Shavar Reynolds Jr,12,22.5,269.9,126.0,10.5,42.0,86.0,48.8,11.0,20.0,55,31.0,35.0,88.6,8.0,13.0,21.0,58.0,6.0,1.0,18.0,29.0,106.9,22.0,8.3,3.8,1.4,118,244.0,20.3,16.1,12,2.0,5,10,63.8,10.4,6,5.75,0.76,5.0,1.6,1.2,25.0,15.0,60,41.0,16.0,39,20.0,11.0,55,15.0,3.0,0.0,0.0,17.0,23.0,14.0
Surrey 89ers,Owen Koonce,1,Owen Koonce,12,14.9,178.5,57.0,4.8,21.0,51.0,41.2,6.0,23.0,26.1,9.0,13.0,69.2,9.0,19.0,28.0,19.0,12.0,4.0,12.0,21.0,57.3,16.5,3.5,1.2,1.7,43,100.0,8.3,6.1,5,2.5,2,3,75.3,3.3,2,-0.16,-5.06,4.91,2.8,3.9,19.0,13.0,68.4,9.0,2.0,22.2,23.0,6.0,26.1,7.0,4.0,0.0,1.0,13.0,14.0,13.0
Surrey 89ers,Maximilian Coupe,33/44,Maximilian Coupe,12,1.1,12.6,5.0,0.4,1.0,3.0,33.3,0.0,1.0,0,3.0,3.0,100,0.0,1.0,1.0,3.0,0.0,0.0,2.0,4.0,6.1,24.8,0.3,0.2,0.1,19,24.0,2.0,1.5,0,0,0,0,0,0.0,0,-8.31,-11.47,3.16,2.8,3.5,2.0,1.0,50,0.0,0.0,0,1.0,0.0,0,1.0,1.0,0.0,0.0,0.0,2.0,2.0
London Lions,Kameron Mcgusty,23,Kameron Mcgusty,11,22.7,250.0,99.0,9.0,38.0,94.0,40.4,7.0,24.0,29.2,16.0,28.0,57.1,5.0,25.0,30.0,36.0,16.0,2.0,17.0,19.0,113.6,25.2,6.5,2.4,2.0,87,186.0,16.9,12.3,8,2.7,6,8,42.0,9.5,3,2.2,-4.46,6.66,2.0,3.5,37.0,21.0,56.8,33.0,10.0,30.3,24.0,7.0,29.2,10.0,5.0,0.0,2.0,18.0,18.0,22.0
Manchester Basketball,Gabriel Osbuhein,3,Gabriel Osbuhein,11,20.5,226.0,73.0,6.6,29.0,62.0,46.8,0.0,2.0,0,15.0,28.0,53.6,26.0,30.0,56.0,45.0,16.0,6.0,17.0,37.0,62.7,14.2,4.9,3.0,3.7,102,175.0,15.9,11.7,3,0.8,4,3,28.2,5.3,4,2.52,-3.33,5.85,2.9,2.7,47.0,27.0,57.4,12.0,2.0,16.7,2.0,0.0,0,10.0,5.0,0.0,2.0,13.0,18.0,15.0
Manchester Basketball,Kayne Henry,13,Kayne Henry,11,11.9,131.1,35.0,3.2,15.0,40.0,37.5,3.0,19.0,15.8,2.0,5.0,40,4.0,15.0,19.0,5.0,4.0,0.0,5.0,10.0,41.5,16.2,2.3,0.3,1.3,12,47.0,4.3,3.1,4,2.0,2,2,69.4,3.9,2,-6.81,-7.85,1.05,3.0,5.0,16.0,11.0,68.8,5.0,1.0,20,19.0,3.0,15.8,2.0,2.0,0.0,1.0,4.0,6.0,11.0
Newcastle Eagles,Terrell Burden Jr,1,Terrell Burden Jr,10,25.2,251.8,125.0,12.5,42.0,90.0,46.7,9.0,26.0,34.6,32.0,45.0,71.1,6.0,30.0,36.0,40.0,13.0,1.0,20.0,26.0,118.8,23.4,6.7,2.1,1.9,106,231.0,23.1,12.3,6,1.2,6,3,41.0,7.3,5,1.03,-3.01,4.05,2.1,1.8,48.0,28.0,58.3,16.0,5.0,31.2,26.0,9.0,34.6,8.0,9.0,0.0,3.0,10.0,39.0,21.0
Leicester Riders,Marc Loving,2,Marc Loving,10,30.4,304.4,115.0,11.5,42.0,101.0,41.6,14.0,42.0,33.3,17.0,19.0,89.5,10.0,39.0,49.0,19.0,10.0,7.0,9.0,15.0,104.0,17.9,8.3,1.4,3.5,44,159.0,15.9,11.5,6,0.9,10,2,27.6,11.9,7,-0.09,-3.09,3.0,3.4,3.9,34.0,18.0,52.9,25.0,10.0,40,42.0,14.0,33.3,6.0,3.0,0.0,0.0,13.0,27.0,15.0
London Lions,Karolis Lukosiunas,16,Karolis Lukosiunas,10,16.7,167.2,64.0,6.4,22.0,50.0,44,20.0,43.0,46.5,0.0,0.0,0,1.0,12.0,13.0,10.0,9.0,0.0,10.0,22.0,56.6,18.8,4.2,0.7,0.9,18,82.0,8.2,5.4,0,0.0,2,0,0.0,2.0,2,3.67,-2.84,6.51,2.2,3.4,1.0,1.0,100,6.0,1.0,16.7,43.0,20.0,46.5,6.0,2.0,0.0,2.0,11.0,12.0,12.0
London Lions,Joel Scott,1,Joel Scott,9,23.9,214.8,150.0,16.7,59.0,100.0,59,12.0,26.0,46.2,20.0,28.0,71.4,24.0,27.0,51.0,8.0,9.0,2.0,7.0,18.0,91.5,23.6,9.9,0.5,3.4,19,169.0,18.8,11.2,22,4.4,15,3,67.4,17.3,5,10.94,4.88,6.06,3.9,2.1,60.0,38.0,63.3,14.0,9.0,64.3,26.0,12.0,46.2,2.0,4.0,0.0,1.0,34.0,42.0,32.0
Newcastle Eagles,Malcolm Smith,45,Malcolm Smith,9,10.6,95.3,31.0,3.4,9.0,36.0,25,0.0,1.0,0,13.0,18.0,72.2,8.0,6.0,14.0,5.0,1.0,1.0,7.0,13.0,41.2,21.5,1.7,0.3,0.7,10,41.0,4.6,2.2,0,0.0,1,0,0.0,1.0,1,-12.66,-11.72,-0.94,3.4,4.8,9.0,3.0,33.3,26.0,6.0,23.1,1.0,0.0,0,1.0,3.0,0.0,3.0,4.0,11.0,6.0
Caledonia Gladiators,Lloyd Alvin Bryan Jr,56,Lloyd Alvin Bryan Jr,8,21.9,175.6,91.0,11.4,32.0,72.0,44.4,1.0,4.0,25,26.0,33.0,78.8,32.0,17.0,49.0,13.0,2.0,5.0,13.0,17.0,64.8,19.4,5.9,0.8,3.2,29,120.0,15.0,7.8,0,0,0,0,0,0.0,0,-3.06,-2.54,-0.52,4.9,3.0,54.0,25.0,46.3,14.0,6.0,42.9,4.0,1.0,25,2.0,8.0,0.0,3.0,27.0,5.0,10.0
London Lions,Morayo Soluade,6,Morayo Soluade,8,13.6,108.9,37.0,4.6,13.0,28.0,46.4,10.0,23.0,43.5,1.0,2.0,50,4.0,9.0,13.0,12.0,8.0,0.0,4.0,9.0,27.7,14.1,2.4,0.8,0.9,26,63.0,7.9,4.2,0,0,0,0,0,0.0,0,8.85,0.37,8.48,2.1,3.1,4.0,2.0,50,1.0,1.0,100,23.0,10.0,43.5,3.0,0.0,0.0,1.0,3.0,9.0,12.0
Surrey 89ers,Tyrin Lawrence,10/33,Tyrin Lawrence,7,29.0,202.8,121.0,17.3,44.0,79.0,55.7,9.0,29.0,31,24.0,28.0,85.7,3.0,24.0,27.0,24.0,10.0,0.0,20.0,11.0,104.0,26.4,7.4,1.5,1.6,64,185.0,26.4,11.3,22,4.4,9,7,91.1,13.1,5,3.14,-0.59,3.72,2.2,1.9,29.0,23.0,79.3,20.0,11.0,55,29.0,9.0,31,11.0,6.0,0.0,3.0,4.0,47.0,34.0
Newcastle Eagles,Marco Anthony,25,Marco Anthony,7,33.6,235.0,85.0,12.1,34.0,69.0,49.3,1.0,5.0,20,16.0,27.0,59.3,16.0,37.0,53.0,8.0,10.0,6.0,8.0,10.0,70.0,14.8,4.5,0.4,2.8,16,101.0,14.4,5.4,10,2.5,10,6,39.6,14.6,4,-0.71,-4.0,3.29,4.1,4.1,18.0,12.0,66.7,46.0,21.0,45.7,5.0,1.0,20,3.0,4.0,0.0,1.0,23.0,8.0,21.0
Leicester Riders,Emmanuel Akot,9,Emmanuel Akot,7,29.3,204.9,58.0,8.3,23.0,61.0,37.7,7.0,20.0,35,5.0,6.0,83.3,9.0,21.0,30.0,17.0,4.0,0.0,9.0,13.0,61.1,15.6,4.2,1.2,2.2,42,100.0,14.3,7.2,6,1.2,7,0,42.9,7.0,5,-4.43,-5.75,1.32,2.9,4.3,23.0,12.0,52.2,18.0,4.0,22.2,20.0,7.0,35,8.0,1.0,0.0,0.0,9.0,13.0,9.0
Surrey 89ers,Kareem Queeley,11,Kareem Queeley,7,21.9,153.3,54.0,7.7,19.0,46.0,41.3,4.0,21.0,19,12.0,20.0,60,7.0,17.0,24.0,20.0,5.0,0.0,11.0,7.0,56.4,19.0,3.3,1.2,1.5,48,102.0,14.6,6.2,5,2.5,2,4,66.5,3.8,2,-2.11,-4.29,2.19,2.6,3.6,16.0,13.0,81.2,9.0,2.0,22.2,21.0,4.0,19,6.0,5.0,0.0,0.0,5.0,20.0,8.0
London Lions,Ryan Mikesell,11,Ryan Mikesell,7,20.8,145.6,53.0,7.6,18.0,47.0,38.3,8.0,25.0,32,9.0,10.0,90,4.0,12.0,16.0,12.0,2.0,0.0,7.0,20.0,52.2,19.9,3.5,0.8,1.1,30,83.0,11.9,5.5,0,0,0,0,0,0.0,0,-1.37,-5.6,4.23,2.8,3.9,13.0,6.0,46.2,9.0,4.0,44.4,25.0,8.0,32,3.0,2.0,0.0,2.0,11.0,8.0,6.0
Caledonia Gladiators,Malcolm Delpeche,15,Malcolm Delpeche,7,13.4,93.7,35.0,5.0,15.0,31.0,48.4,0.0,1.0,0,5.0,16.0,31.2,11.0,10.0,21.0,7.0,0.0,1.0,5.0,9.0,30.8,17.2,2.3,0.5,1.4,57,92.0,13.1,6.0,0,0,0,0,0,0.0,0,-6.87,-5.82,-1.05,3.9,3.9,26.0,15.0,57.7,4.0,0.0,0,1.0,0.0,0,3.0,2.0,0.0,0.0,12.0,1.0,8.0
Caledonia Gladiators,Daylen Williams,15,Daylen Williams,7,20.1,140.9,32.0,4.6,11.0,27.0,40.7,0.0,4.0,0,10.0,17.0,58.8,4.0,28.0,32.0,17.0,4.0,1.0,14.0,16.0,42.7,15.9,2.1,1.1,2.1,57,89.0,12.7,5.8,3,1.5,2,2,52.1,3.9,2,-7.02,-9.47,2.45,3.5,3.6,8.0,6.0,75,15.0,5.0,33.3,4.0,0.0,0,4.0,8.0,0.0,2.0,6.0,16.0,8.0
Caledonia Gladiators,Dwaine Jones Jr,5,Dwaine Jones Jr,6,22.9,137.1,35.0,5.8,15.0,50.0,30,1.0,11.0,9.1,4.0,6.0,66.7,5.0,8.0,13.0,19.0,6.0,0.0,20.0,16.0,64.9,24.9,2.3,1.2,0.8,34,69.0,11.5,4.5,0,0,0,0,0,0.0,0,-14.01,-12.61,-1.4,2.0,3.9,34.0,12.0,35.3,5.0,2.0,40,11.0,1.0,9.1,16.0,1.0,0.0,3.0,5.0,10.0,12.0
London Lions,Ovie Soko,0,Ovie Soko,6,11.7,70.0,31.0,5.2,11.0,16.0,68.8,0.0,0.0,0,9.0,10.0,90,2.0,13.0,15.0,3.0,5.0,0.0,10.0,11.0,27.3,21.6,2.0,0.2,1.0,8,39.0,6.5,2.6,0,0,0,0,0,0.0,0,1.28,-7.28,8.56,3.2,3.1,12.0,10.0,83.3,4.0,1.0,25,0.0,0.0,0,3.0,4.0,0.0,3.0,8.0,4.0,8.0
Bristol Flyers,Evan Walshe,77,Evan Walshe,5,16.6,82.8,20.0,4.0,7.0,15.0,46.7,1.0,4.0,25,5.0,8.0,62.5,2.0,10.0,12.0,10.0,5.0,0.0,6.0,14.0,21.6,13.9,1.1,0.6,0.7,19,39.0,7.8,2.2,7,3.5,2,3,105.4,4.3,2,-2.89,-9.34,6.45,2.6,3.4,7.0,5.0,71.4,4.0,1.0,25,4.0,1.0,25,5.0,0.0,0.0,1.0,2.0,13.0,4.0
Newcastle Eagles,Brett Reed,24,Brett Reed,4,20.6,82.5,29.0,7.2,11.0,18.0,61.1,0.0,0.0,0,7.0,15.0,46.7,5.0,15.0,20.0,8.0,5.0,2.0,9.0,9.0,27.5,16.5,1.5,0.4,1.1,16,45.0,11.2,2.4,2,2.0,1,2,53.2,1.9,1,-0.79,-6.27,5.48,3.6,3.3,12.0,8.0,66.7,6.0,3.0,50,0.0,0.0,0,6.0,2.0,0.0,1.0,5.0,14.0,3.0
Leicester Riders,Duke Shelton,2,Duke Shelton,4,14.6,58.3,25.0,6.2,9.0,20.0,45,0.0,1.0,0,7.0,11.0,63.6,5.0,11.0,16.0,1.0,0.0,2.0,7.0,9.0,25.8,23.1,1.8,0.1,1.2,44,69.0,17.2,5.0,0,0,0,0,0,0.0,0,-10.49,-10.78,0.3,4.6,4.3,13.0,7.0,53.8,6.0,2.0,33.3,1.0,0.0,0,2.0,2.0,0.0,3.0,2.0,6.0,8.0
Leicester Riders,Michael Mitchell Jr,1,Michael Mitchell Jr,4,15.5,62.0,14.0,3.5,5.0,18.0,27.8,3.0,11.0,27.3,1.0,3.0,33.3,0.0,3.0,3.0,8.0,3.0,1.0,6.0,6.0,24.3,20.5,1.0,0.6,0.2,16,30.0,7.5,2.2,0,0,0,0,0,0.0,0,-7.33,-9.15,1.82,2.2,4.1,5.0,2.0,40,2.0,0.0,0,11.0,3.0,27.3,4.0,1.0,0.0,1.0,3.0,3.0,5.0
Leicester Riders,Michael Akintomide Akinsiku,0/5,Michael Akintomide Akinsiku,4,0.7,3.0,0.0,0.0,0.0,0.0,0,0.0,0.0,0,0.0,0.0,0,0.0,1.0,1.0,0.0,0.0,0.0,0.0,0.0,0.0,0.0,0.0,0.0,0.1,0,0.0,0.0,0.0,0,0,0,0,0,0.0,0,-4.3,-7.24,2.93,3.1,4.1,0.0,0.0,0,0.0,0.0,0,0.0,0.0,0,0.0,0.0,0.0,0.0,0.0,0.0,0.0
London Lions,Chaundee Brown Jr,15,Chaundee Brown Jr,3,26.4,79.2,46.0,15.3,17.0,28.0,60.7,3.0,9.0,33.3,9.0,12.0,75,4.0,13.0,17.0,3.0,1.0,0.0,2.0,3.0,30.0,21.0,3.0,0.2,1.1,7,53.0,17.7,3.5,0,0,0,0,0,0.0,0,7.78,2.32,5.46,3.5,2.8,11.0,8.0,72.7,8.0,6.0,75,9.0,3.0,33.3,1.0,1.0,0.0,0.0,11.0,6.0,14.0
Manchester Basketball,Cody John,5,Cody John,3,18.2,54.7,17.0,5.7,8.0,21.0,38.1,0.0,7.0,0,1.0,1.0,100,0.0,5.0,5.0,3.0,2.0,0.0,4.0,7.0,24.4,22.8,1.1,0.2,0.3,6,23.0,7.7,1.5,0,0.0,1,0,0.0,1.0,1,-11.22,-11.86,0.64,2.7,4.6,3.0,1.0,33.3,11.0,7.0,63.6,7.0,0.0,0,1.0,2.0,0.0,1.0,0.0,4.0,6.0
Newcastle Eagles,Josh Ward-Hibbert,2,Josh Ward-Hibbert,3,15.3,45.8,12.0,4.0,4.0,11.0,36.4,2.0,5.0,40,2.0,2.0,100,0.0,6.0,6.0,5.0,3.0,4.0,3.0,3.0,14.3,15.5,0.6,0.3,0.3,8,20.0,6.7,1.1,5,5.0,3,0,83.3,3.0,1,3.28,-4.34,7.61,3.3,3.7,6.0,2.0,33.3,0.0,0.0,0,5.0,2.0,40,2.0,1.0,0.0,0.0,3.0,2.0,6.0
Caledonia Gladiators,Andrew Michael Gordon,33/38,Andrew Michael Gordon,3,12.9,38.8,12.0,4.0,6.0,11.0,54.5,0.0,2.0,0,0.0,3.0,0,2.0,7.0,9.0,2.0,1.0,3.0,6.0,11.0,15.7,21.2,0.8,0.1,0.6,4,16.0,5.3,1.0,0,0.0,0,2,0.0,0.9,1,-12.14,-15.61,3.47,4.7,4.1,6.0,5.0,83.3,3.0,1.0,33.3,2.0,0.0,0,1.0,2.0,0.0,3.0,4.0,0.0,0.0
London Lions,Nigel Hawkins,8,Nigel Hawkins,3,14.4,43.2,7.0,2.3,1.0,10.0,10,1.0,4.0,25,4.0,4.0,100,5.0,6.0,11.0,2.0,2.0,0.0,0.0,5.0,6.5,8.3,0.5,0.1,0.7,2,9.0,3.0,0.6,0,0,0,0,0,0.0,0,-1.44,-6.11,4.67,3.4,4.6,3.0,0.0,0,3.0,0.0,0,4.0,1.0,25,0.0,0.0,0.0,0.0,0.0,2.0,0.0
Surrey 89ers,Timothy Nwankwo,19,Timothy Nwankwo,2,2.3,4.5,2.0,1.0,1.0,1.0,100,0.0,0.0,0,0.0,0.0,0,1.0,1.0,2.0,0.0,0.0,0.0,0.0,1.0,0.0,0.0,0.1,0.0,0.1,4,6.0,3.0,0.4,0,0,0,0,0,0.0,0,4.44,1.24,3.2,3.3,3.9,1.0,1.0,100,0.0,0.0,0,0.0,0.0,0,0.0,0.0,0.0,0.0,2.0,0.0,0.0
Bristol Flyers,Cameron Christon,1,Cameron Christon,1,17.5,17.5,3.0,3.0,1.0,2.0,50,1.0,1.0,100,0.0,0.0,0,0.0,0.0,0.0,0.0,0.0,0.0,0.0,2.0,1.9,5.8,0.2,0.0,0.0,0,3.0,3.0,0.2,0,0,0,0,0,0.0,0,-5.49,-7.76,2.27,2.8,4.2,0.0,0.0,0,1.0,0.0,0,1.0,1.0,100,0.0,0.0,0.0,0.0,0.0,0.0,0.0
Newcastle Eagles,Terrell Burden,1,Terrell Burden,1,19.4,19.4,3.0,3.0,1.0,4.0,25,0.0,2.0,0,1.0,2.0,50,0.0,2.0,2.0,5.0,3.0,0.0,3.0,5.0,7.6,19.3,0.2,0.3,0.1,106,109.0,109.0,5.8,0,0,0,0,0,0.0,0,-4.24,-13.04,8.8,2.0,3.4,1.0,1.0,100,1.0,0.0,0,2.0,0.0,0,1.0,1.0,0.0,1.0,0.0,3.0,2.0
Manchester Basketball,Gabriel Osabuohien,3,Gabriel Osabuohien,1,8.1,8.1,0.0,0.0,0.0,1.0,0,0.0,0.0,0,0.0,0.0,0,1.0,2.0,3.0,2.0,1.0,0.0,4.0,4.0,3.8,24.3,0.0,0.1,0.2,102,102.0,102.0,6.8,0,0,0,0,0,0.0,0,-24.36,-29.51,5.15,3.0,3.8,0.0,0.0,0,1.0,0.0,0,0.0,0.0,0,2.0,1.0,0.0,1.0,0.0,0.0,0.0
