Team,Player_Name,Numbers_Worn,Name_Variations,Games,MPG,MIN,PTS,PPG,FGM,FGA,FG%,3PM,3PA,3P%,FTM,FTA,FT%,OREB,DREB,REB,AST,STL,BLK,TOV,PF,POSS,USG%,PTS/100,AST/100,REB/100,PTS_AST,TPC,TPC/G,TPC/100,CLUTCH_PTS,CLUTCH_PPG,CLUTCH_FGA,CLUTCH_FTA,CLUTCH_TS%,CLUTCH_USG,CLUTCH_GAMES,BPM,OBPM,DBPM,POSITION,ROLE,RIM_ATT,RIM_MADE,RIM%,OTD_2PT_ATT,OTD_2PT_MADE,OTD_2PT%,OTD_3PT_ATT,OTD_3PT_MADE,OTD_3PT%,PASS_TO,DRIBBLE_TO,DEFENSE_TO,MISC_TO,2ND_CHANCE_PTS,FAST_BREAK_PTS,PTS_OFF_TOV
Newcastle Knights,J. Thames,11,J. Thames,26,38.4,999.1,673.0,25.9,255.0,455.0,56,33.0,103.0,32,130.0,162.0,80.2,52.0,147.0,199.0,102.0,44.0,10.0,64.0,42.0,516.7,25.6,33.5,5.1,9.9,32,705.0,27.1,35.1,75,5.8,55,20,58.8,68.8,13,5.56,2.52,3.05,3.2,1.7,274.0,186.0,67.9,78.0,36.0,46.2,103.0,33.0,32,23.0,33.0,0.0,8.0,105.0,243.0,193.0
Worthing Thunder,J. Hopkins,15,J. Hopkins,26,35.3,918.9,630.0,24.2,222.0,438.0,50.7,41.0,121.0,33.9,145.0,192.0,75.5,41.0,105.0,146.0,54.0,35.0,6.0,60.0,55.0,519.8,27.4,33.4,2.9,7.7,10,640.0,24.6,33.9,41,3.7,39,20,42.9,49.8,11,3.42,0.12,3.3,3.1,1.5,255.0,162.0,63.5,62.0,19.0,30.6,121.0,41.0,33.9,17.0,21.0,0.0,22.0,64.0,239.0,142.0
Reading Rockets,V. Olarerin,8,V. Olarerin,26,31.2,810.6,488.0,18.8,188.0,404.0,46.5,44.0,158.0,27.8,68.0,79.0,86.1,60.0,87.0,147.0,68.0,57.0,7.0,51.0,55.0,412.6,27.1,31.9,4.5,9.6,2,490.0,18.8,32.1,42,3.8,36,5,55.0,41.2,11,6.9,0.75,6.15,2.8,2.8,202.0,129.0,63.9,44.0,15.0,34.1,158.0,44.0,27.8,21.0,26.0,0.0,4.0,101.0,164.0,146.0
Birmingham Rockets,Z. Powell,14,Z. Powell,26,30.4,789.2,481.0,18.5,176.0,375.0,46.9,27.0,83.0,32.5,102.0,134.0,76.1,33.0,98.0,131.0,126.0,38.0,8.0,77.0,53.0,458.8,29.1,30.4,8.0,8.3,14,495.0,19.0,31.3,13,1.4,21,12,24.7,27.3,9,3.91,-1.52,5.44,2.4,1.9,152.0,100.0,65.8,139.0,49.0,35.3,83.0,27.0,32.5,27.0,41.0,0.0,9.0,47.0,186.0,104.0
London Cavaliers,J. Manning,10,J. Manning,26,34.4,894.4,479.0,18.4,167.0,361.0,46.3,89.0,202.0,44.1,56.0,70.0,80,18.0,82.0,100.0,108.0,22.0,10.0,83.0,45.0,438.5,25.5,27.9,6.3,5.8,10,489.0,18.8,28.5,34,4.2,29,0,58.6,34.0,8,3.23,0.99,2.24,2.1,1.6,114.0,63.0,55.3,45.0,15.0,33.3,202.0,89.0,44.1,48.0,30.0,1.0,4.0,58.0,190.0,95.0
Derby Trailblazers,J. Pathmarajah,22,J. Pathmarajah,26,32.4,842.3,457.0,17.6,179.0,388.0,46.1,30.0,82.0,36.6,69.0,95.0,72.6,21.0,75.0,96.0,124.0,50.0,9.0,62.0,61.0,452.0,27.9,28.1,7.6,5.9,20,477.0,18.3,29.3,30,2.7,29,9,45.5,40.0,11,1.27,-2.23,3.5,1.9,2.5,206.0,114.0,55.3,100.0,35.0,35,82.0,30.0,36.6,30.0,23.0,0.0,9.0,57.0,172.0,109.0
Loughborough Riders,J. Cook,12/21/31/7,J. Cook,26,29.3,762.3,457.0,17.6,166.0,378.0,43.9,77.0,218.0,35.3,48.0,56.0,85.7,25.0,81.0,106.0,44.0,21.0,8.0,27.0,32.0,388.5,25.7,30.2,2.9,7.0,13,470.0,18.1,31.1,18,2.2,27,5,30.8,33.2,8,3.08,0.56,2.52,3.0,2.5,66.0,42.0,63.6,94.0,47.0,50,218.0,77.0,35.3,7.0,15.0,0.0,5.0,44.0,160.0,95.0
Birmingham Rockets,R. Blain,0,R. Blain,26,33.4,867.5,449.0,17.3,180.0,326.0,55.2,21.0,67.0,31.3,68.0,114.0,59.6,36.0,129.0,165.0,101.0,50.0,15.0,59.0,53.0,383.2,22.1,25.8,5.8,9.5,19,468.0,18.0,26.9,42,3.5,29,15,59.0,43.6,12,5.25,-1.68,6.93,2.9,2.4,218.0,148.0,67.9,40.0,11.0,27.5,67.0,21.0,31.3,25.0,22.0,0.0,12.0,52.0,172.0,98.0
London Cavaliers,D. Braster,23,D. Braster,26,28.9,752.2,439.0,16.9,184.0,371.0,49.6,23.0,77.0,29.9,48.0,75.0,64,63.0,164.0,227.0,60.0,25.0,14.0,77.0,46.0,401.3,27.8,30.4,4.2,15.7,12,451.0,17.3,31.2,27,3.0,24,4,52.4,31.8,9,1.79,-1.42,3.21,4.1,2.6,203.0,125.0,61.6,91.0,36.0,39.6,77.0,23.0,29.9,31.0,26.0,0.0,20.0,84.0,134.0,90.0
Derby Trailblazers,S. Walker,3,S. Walker,26,25.1,652.6,411.0,15.8,175.0,288.0,60.8,19.0,47.0,40.4,42.0,64.0,65.6,74.0,154.0,228.0,60.0,13.0,19.0,54.0,57.0,284.3,22.6,32.6,4.8,18.1,12,423.0,16.3,33.5,49,3.5,30,8,73.1,41.5,14,4.94,1.12,3.82,5.0,1.8,219.0,149.0,68,22.0,7.0,31.8,47.0,19.0,40.4,19.0,27.0,0.0,8.0,107.0,59.0,77.0
Birmingham Rockets,E. Donaldson,3,E. Donaldson,26,31.3,814.4,409.0,15.7,150.0,329.0,45.6,42.0,121.0,34.7,67.0,88.0,76.1,48.0,117.0,165.0,78.0,18.0,3.0,68.0,72.0,372.2,22.9,25.1,4.8,10.1,15,424.0,16.3,26.0,32,3.2,24,10,56.3,31.4,10,0.18,-3.83,4.0,3.3,3.0,142.0,87.0,61.3,66.0,21.0,31.8,121.0,42.0,34.7,31.0,27.0,0.0,10.0,77.0,112.0,81.0
Reading Rockets,J. Bouknight,4,J. Bouknight,26,29.2,759.3,376.0,14.5,134.0,296.0,45.3,61.0,153.0,39.9,47.0,60.0,78.3,12.0,43.0,55.0,128.0,43.0,2.0,56.0,70.0,351.7,24.6,26.3,8.9,3.8,14,390.0,15.0,27.2,28,3.1,25,8,49.1,32.5,9,5.54,0.26,5.28,1.4,1.9,78.0,53.0,67.9,65.0,20.0,30.8,153.0,61.0,39.9,32.0,15.0,0.0,9.0,41.0,102.0,87.0
London Cavaliers,A. Roberts,4,A. Roberts,26,34.3,890.6,373.0,14.3,138.0,314.0,43.9,60.0,162.0,37,37.0,47.0,78.7,25.0,108.0,133.0,110.0,22.0,7.0,62.0,46.0,356.8,20.8,21.8,6.4,7.8,8,381.0,14.7,22.3,9,0.9,15,1,29.1,16.4,10,1.45,-1.23,2.68,2.4,2.4,117.0,64.0,54.7,35.0,14.0,40,162.0,60.0,37,37.0,18.0,0.0,7.0,41.0,98.0,43.0
Yorkshire Dragons,J. Whelan,23,J. Whelan,26,27.2,706.9,373.0,14.3,140.0,309.0,45.3,18.0,92.0,19.6,75.0,94.0,79.8,28.0,53.0,81.0,27.0,27.0,8.0,64.0,83.0,370.9,26.0,26.3,1.9,5.7,0,373.0,14.3,26.3,39,3.0,30,8,58.2,43.5,13,-3.94,-6.14,2.2,3.0,3.5,183.0,117.0,63.9,33.0,4.0,12.1,92.0,18.0,19.6,23.0,29.0,0.0,12.0,49.0,147.0,67.0
Bristol Flyers II,N. Ladjimi,24/8,N. Ladjimi,26,26.1,677.4,370.0,14.2,121.0,335.0,36.1,92.0,261.0,35.2,36.0,45.0,80,15.0,52.0,67.0,28.0,17.0,1.0,43.0,46.0,367.5,27.0,27.2,2.1,4.9,4,374.0,14.4,27.5,16,4.0,11,3,64.9,12.3,4,-2.82,-1.51,-1.31,2.6,2.0,25.0,11.0,44,49.0,18.0,36.7,261.0,92.0,35.2,21.0,15.0,0.0,7.0,40.0,116.0,66.0
Derby Trailblazers,R. May-Thompson,7,R. May-Thompson,26,27.2,706.2,339.0,13.0,125.0,255.0,49,28.0,85.0,32.9,61.0,84.0,72.6,17.0,118.0,135.0,48.0,26.0,35.0,26.0,55.0,288.9,21.3,24.8,3.5,9.9,2,341.0,13.1,25.0,30,3.3,17,14,64.8,24.2,9,2.85,-1.98,4.83,4.2,3.2,88.0,58.0,65.9,82.0,39.0,47.6,85.0,28.0,32.9,14.0,9.0,0.0,3.0,36.0,93.0,70.0
London Cavaliers,M. Beasley,15,M. Beasley,26,28.5,740.8,333.0,12.8,134.0,308.0,43.5,36.0,126.0,28.6,29.0,52.0,55.8,59.0,85.0,144.0,38.0,37.0,19.0,49.0,62.0,308.0,21.6,23.4,2.7,10.1,0,333.0,12.8,23.4,16,3.2,11,2,67.3,13.9,5,0.33,-2.86,3.19,3.4,3.8,140.0,83.0,59.3,41.0,14.0,34.1,126.0,36.0,28.6,16.0,16.0,0.0,17.0,63.0,107.0,63.0
Essex Rebels,T. Child,22,T. Child,26,31.9,829.0,333.0,12.8,116.0,316.0,36.7,74.0,210.0,35.2,27.0,39.0,69.2,21.0,64.0,85.0,145.0,29.0,4.0,77.0,56.0,373.6,22.7,20.2,8.8,5.1,13,346.0,13.3,21.0,23,3.3,17,2,64.3,20.9,7,-1.58,-3.02,1.44,1.8,2.1,58.0,28.0,48.3,47.0,13.0,27.7,210.0,74.0,35.2,41.0,23.0,0.0,13.0,47.0,96.0,79.0
Worthing Thunder,E. Maynard,22,E. Maynard,26,31.7,825.0,329.0,12.7,127.0,353.0,36,31.0,133.0,23.3,44.0,71.0,62,38.0,64.0,102.0,54.0,33.0,3.0,34.0,31.0,365.0,21.5,19.4,3.2,6.0,12,341.0,13.1,20.1,29,2.9,34,2,41.6,35.9,10,-3.82,-5.46,1.64,2.5,3.9,85.0,40.0,47.1,134.0,55.0,41,133.0,31.0,23.3,15.0,15.0,0.0,4.0,61.0,96.0,91.0
Reading Rockets,C. Creek,14,C. Creek,26,25.5,663.6,296.0,11.4,110.0,247.0,44.5,55.0,138.0,39.9,21.0,25.0,84,65.0,122.0,187.0,43.0,22.0,27.0,30.0,52.0,214.1,17.2,23.7,3.4,14.9,17,313.0,12.0,25.0,18,3.6,14,4,57.1,16.8,5,6.45,0.87,5.58,4.9,3.4,75.0,46.0,61.3,34.0,9.0,26.5,138.0,55.0,39.9,18.0,9.0,0.0,3.0,69.0,61.0,71.0
Derby Trailblazers,C. Washington,13,C. Washington,26,31.6,822.8,294.0,11.3,94.0,230.0,40.9,65.0,159.0,40.9,41.0,51.0,80.4,10.0,54.0,64.0,71.0,14.0,1.0,42.0,34.0,273.1,17.2,18.5,4.5,4.0,7,301.0,11.6,18.9,7,0.9,11,8,24.1,16.5,8,-1.71,-2.96,1.25,2.3,3.5,35.0,18.0,51.4,36.0,11.0,30.6,159.0,65.0,40.9,20.0,12.0,0.0,10.0,23.0,65.0,39.0
Worthing Thunder,M. Bryan-Amaning,11,M. Bryan-Amaning,26,23.9,621.0,292.0,11.2,123.0,277.0,44.4,5.0,26.0,19.2,41.0,69.0,59.4,38.0,118.0,156.0,50.0,33.0,23.0,49.0,55.0,305.6,23.9,22.9,3.9,12.2,7,299.0,11.5,23.4,29,3.2,22,12,53.2,28.3,9,-1.15,-5.53,4.38,4.5,3.1,191.0,97.0,50.8,60.0,21.0,35,26.0,5.0,19.2,21.0,24.0,0.0,4.0,56.0,23.0,59.0
Birmingham Rockets,O. Jackman,13,O. Jackman,26,19.0,493.6,261.0,10.0,91.0,184.0,49.5,13.0,49.0,26.5,66.0,93.0,71,44.0,117.0,161.0,57.0,29.0,4.0,31.0,33.0,203.4,20.6,26.4,5.8,16.3,4,265.0,10.2,26.8,34,4.2,24,6,63.8,28.6,8,6.5,-0.48,6.98,3.8,2.5,106.0,71.0,67,29.0,7.0,24.1,49.0,13.0,26.5,7.0,20.0,0.0,4.0,60.0,53.0,64.0
Essex Rebels,R. Udeh,14,R. Udeh,26,21.8,567.7,258.0,9.9,96.0,207.0,46.4,41.0,114.0,36,25.0,33.0,75.8,31.0,60.0,91.0,32.0,20.0,16.0,55.0,67.0,235.7,20.9,22.8,2.8,8.0,0,258.0,9.9,22.8,12,1.7,14,3,39.2,17.3,7,-1.83,-4.79,2.96,3.7,3.0,79.0,55.0,69.6,14.0,0.0,0,114.0,41.0,36,24.0,15.0,0.0,16.0,39.0,105.0,58.0
London Cavaliers,M. Collins,13,M. Collins,26,28.9,751.1,242.0,9.3,103.0,186.0,55.4,3.0,10.0,30,33.0,64.0,51.6,89.0,141.0,230.0,21.0,13.0,15.0,32.0,80.0,150.9,10.5,16.8,1.5,16.0,2,244.0,9.4,16.9,14,2.3,6,7,77.1,9.1,6,-1.18,-3.39,2.2,4.9,4.2,166.0,97.0,58.4,10.0,3.0,30,10.0,3.0,30,11.0,9.0,0.0,12.0,90.0,28.0,30.0
Nottingham Hoods,E. Bailey,6,E. Bailey,26,27.5,715.4,225.0,8.7,82.0,199.0,41.2,32.0,106.0,30.2,29.0,44.0,65.9,33.0,87.0,120.0,28.0,22.0,6.0,26.0,89.0,202.9,14.3,15.9,2.0,8.5,3,228.0,8.8,16.1,7,1.8,8,2,39.4,9.9,4,-2.38,-6.06,3.69,3.7,4.4,68.0,42.0,61.8,25.0,8.0,32,106.0,32.0,30.2,10.0,11.0,0.0,5.0,36.0,54.0,46.0
Milton Keynes Breakers,J. Dietrich,12,J. Dietrich,26,24.8,644.5,222.0,8.5,88.0,212.0,41.5,34.0,111.0,30.6,12.0,15.0,80,27.0,59.0,86.0,54.0,23.0,17.0,22.0,31.0,205.1,16.5,17.9,4.4,6.9,5,227.0,8.7,18.3,17,1.9,15,5,49.4,19.2,9,2.08,-3.02,5.1,3.1,4.0,62.0,38.0,61.3,39.0,16.0,41,111.0,34.0,30.6,14.0,7.0,0.0,1.0,25.0,77.0,46.0
Worthing Thunder,B. Adeluola,5,B. Adeluola,26,23.6,613.3,209.0,8.0,76.0,183.0,41.5,33.0,94.0,35.1,24.0,38.0,63.2,16.0,66.0,82.0,83.0,22.0,2.0,39.0,64.0,213.8,16.9,16.6,6.6,6.5,4,213.0,8.2,16.9,18,2.6,12,5,63.4,16.2,7,-2.15,-5.23,3.08,2.3,2.5,46.0,20.0,43.5,43.0,23.0,53.5,94.0,33.0,35.1,24.0,12.0,0.0,3.0,4.0,71.0,30.0
Bristol Flyers II,Y. Hafid,0/5,Y. Hafid,26,26.9,698.5,189.0,7.3,68.0,212.0,32.1,24.0,86.0,27.9,29.0,37.0,78.4,23.0,68.0,91.0,99.0,33.0,0.0,130.0,51.0,321.9,22.9,13.5,7.1,6.5,10,199.0,7.7,14.2,3,1.0,7,4,17.1,14.8,3,-12.25,-10.26,-1.99,1.6,2.3,79.0,25.0,31.6,45.0,18.0,40,86.0,24.0,27.9,61.0,57.0,1.0,11.0,21.0,40.0,52.0
Birmingham Rockets,L. Okosieme,21,L. Okosieme,26,22.2,576.3,187.0,7.2,76.0,118.0,64.4,0.0,0.0,0,35.0,63.0,55.6,53.0,125.0,178.0,22.0,14.0,60.0,29.0,48.0,116.9,10.1,16.2,1.9,15.4,3,190.0,7.3,16.5,11,2.8,6,3,75.1,7.3,4,3.81,-3.67,7.48,5.0,3.9,106.0,73.0,68.9,12.0,3.0,25,0.0,0.0,0,10.0,10.0,0.0,9.0,48.0,32.0,21.0
Derby Trailblazers,R. Marsden,30,R. Marsden,26,19.0,493.8,168.0,6.5,75.0,150.0,50,0.0,2.0,0,18.0,30.0,60,32.0,111.0,143.0,46.0,9.0,4.0,36.0,36.0,160.5,16.9,17.6,4.8,15.0,6,174.0,6.7,18.2,9,1.5,7,1,60.5,12.4,6,-2.62,-5.54,2.91,4.3,3.9,98.0,60.0,61.2,50.0,15.0,30,2.0,0.0,0,15.0,14.0,1.0,6.0,21.0,24.0,20.0
Reading Rockets,S. Chamberlain,9,S. Chamberlain,26,13.6,354.0,150.0,5.8,53.0,112.0,47.3,38.0,79.0,48.1,6.0,9.0,66.7,13.0,40.0,53.0,22.0,13.0,5.0,9.0,44.0,107.5,16.2,22.5,3.3,7.9,0,150.0,5.8,22.5,6,2.0,3,0,100.0,3.0,3,6.08,0.03,6.05,3.3,3.2,19.0,11.0,57.9,14.0,4.0,28.6,79.0,38.0,48.1,4.0,2.0,0.0,3.0,18.0,29.0,34.0
Worthing Thunder,E. Dadds,7,E. Dadds,26,27.3,709.7,120.0,4.6,40.0,129.0,31,23.0,90.0,25.6,17.0,25.0,68,17.0,105.0,122.0,80.0,35.0,6.0,51.0,63.0,167.0,11.4,8.2,5.5,8.4,8,128.0,4.9,8.8,3,0.4,8,0,18.8,11.0,7,-3.84,-8.12,4.28,2.8,3.8,32.0,16.0,50,7.0,1.0,14.3,90.0,23.0,25.6,34.0,12.0,1.0,4.0,10.0,29.0,25.0
Loughborough Riders,L. Campbell,4,L. Campbell,26,11.5,299.1,119.0,4.6,48.0,98.0,49,17.0,45.0,37.8,6.0,12.0,50,9.0,16.0,25.0,35.0,15.0,1.0,30.0,39.0,119.3,20.1,20.1,5.9,4.2,3,122.0,4.7,20.6,5,5.0,2,0,125.0,3.0,1,-2.31,-5.4,3.1,2.0,2.7,30.0,20.0,66.7,23.0,11.0,47.8,45.0,17.0,37.8,14.0,12.0,0.0,4.0,21.0,47.0,30.0
Essex Rebels,T. Hudson,9,T. Hudson,26,14.4,374.6,107.0,4.1,45.0,102.0,44.1,0.0,1.0,0,17.0,42.0,40.5,31.0,47.0,78.0,19.0,8.0,3.0,24.0,56.0,108.9,14.6,14.3,2.5,10.5,0,107.0,4.1,14.3,5,1.7,4,1,56.3,4.4,3,-7.56,-9.23,1.67,4.0,4.5,84.0,41.0,48.8,17.0,4.0,23.5,1.0,0.0,0,5.0,14.0,0.0,5.0,21.0,18.0,24.0
Birmingham Rockets,M. Gayle,8,M. Gayle,26,18.0,467.8,106.0,4.1,35.0,92.0,38,24.0,70.0,34.3,12.0,18.0,66.7,7.0,47.0,54.0,40.0,20.0,1.0,14.0,27.0,102.6,11.0,11.3,4.3,5.8,5,111.0,4.3,11.9,0,0.0,5,1,0.0,5.4,4,0.76,-4.85,5.62,2.4,4.2,8.0,6.0,75,14.0,5.0,35.7,70.0,24.0,34.3,7.0,1.0,1.0,5.0,8.0,12.0,7.0
London Cavaliers,J. Richards,11,J. Richards,26,14.6,380.2,103.0,4.0,39.0,96.0,40.6,16.0,48.0,33.3,9.0,14.0,64.3,31.0,50.0,81.0,16.0,13.0,10.0,14.0,25.0,81.8,11.2,14.1,2.2,11.1,0,103.0,4.0,14.1,6,1.5,4,4,52.1,5.8,4,0.58,-2.78,3.35,3.8,4.4,39.0,21.0,53.8,9.0,2.0,22.2,48.0,16.0,33.3,8.0,4.0,1.0,1.0,21.0,25.0,26.0
Yorkshire Dragons,R. Ani,1,R. Ani,26,10.3,268.1,100.0,3.8,33.0,79.0,41.8,6.0,33.0,18.2,28.0,44.0,63.6,22.0,22.0,44.0,21.0,21.0,10.0,19.0,27.0,91.5,17.0,18.6,3.9,8.2,0,100.0,3.8,18.6,3,1.0,5,2,25.5,5.9,3,1.67,-3.85,5.52,3.3,3.6,45.0,27.0,60,1.0,0.0,0,33.0,6.0,18.2,8.0,7.0,0.0,4.0,20.0,32.0,24.0
Derby Trailblazers,C. Burr,0,C. Burr,26,11.1,288.3,98.0,3.8,41.0,84.0,48.8,13.0,30.0,43.3,3.0,6.0,50,15.0,37.0,52.0,27.0,14.0,3.0,12.0,27.0,80.3,14.5,17.6,4.8,9.3,3,101.0,3.9,18.1,0,0.0,3,0,0.0,3.0,2,1.09,-3.15,4.24,3.0,3.6,40.0,25.0,62.5,14.0,3.0,21.4,30.0,13.0,43.3,4.0,5.0,0.0,3.0,19.0,33.0,23.0
Essex Rebels,H. Gent,36,H. Gent,26,14.6,378.4,95.0,3.7,40.0,83.0,48.2,1.0,3.0,33.3,14.0,31.0,45.2,39.0,58.0,97.0,14.0,11.0,4.0,24.0,48.0,78.4,10.4,12.6,1.9,12.9,3,98.0,3.8,13.0,3,1.0,0,6,56.8,3.6,3,-5.57,-7.72,2.15,4.4,4.5,76.0,38.0,50,4.0,1.0,25,3.0,1.0,33.3,4.0,13.0,1.0,6.0,18.0,14.0,16.0
Loughborough Riders,D. Hadley,22/5,D. Hadley,26,12.5,325.0,86.0,3.3,34.0,86.0,39.5,10.0,43.0,23.3,8.0,13.0,61.5,12.0,28.0,40.0,24.0,8.0,2.0,17.0,34.0,92.9,14.4,13.3,3.7,6.2,14,100.0,3.8,15.5,5,5.0,4,1,56.3,4.4,1,-4.86,-7.37,2.51,2.9,4.2,35.0,22.0,62.9,7.0,1.0,14.3,43.0,10.0,23.3,8.0,6.0,0.0,3.0,7.0,45.0,28.0
Derby Trailblazers,C. Brown,4,C. Brown,26,26.4,687.6,74.0,2.8,27.0,70.0,38.6,12.0,37.0,32.4,8.0,19.0,42.1,29.0,95.0,124.0,141.0,22.0,4.0,39.0,23.0,84.8,6.4,5.6,10.6,9.3,29,103.0,4.0,7.8,15,2.1,13,3,52.4,17.3,7,0.77,-3.5,4.26,2.3,3.4,26.0,13.0,50,7.0,2.0,28.6,37.0,12.0,32.4,27.0,9.0,0.0,3.0,16.0,9.0,10.0
Essex Rebels,M. Wol-Cummings,0,M. Wol-Cummings,26,8.6,223.4,55.0,2.1,18.0,54.0,33.3,7.0,23.0,30.4,12.0,16.0,75,13.0,16.0,29.0,18.0,6.0,0.0,16.0,17.0,61.5,13.8,12.4,4.0,6.5,2,57.0,2.2,12.8,8,2.0,5,4,59.2,7.8,4,-5.73,-7.17,1.44,2.7,4.2,24.0,10.0,41.7,7.0,1.0,14.3,23.0,7.0,30.4,4.0,9.0,0.0,3.0,12.0,9.0,10.0
Nottingham Hoods,T. Williams,0/1/55/9,T. Williams,25,34.3,856.8,581.0,23.2,226.0,496.0,45.6,52.0,198.0,26.3,77.0,112.0,68.8,29.0,108.0,137.0,139.0,59.0,13.0,68.0,56.0,560.9,33.1,34.2,8.2,8.1,17,598.0,23.9,35.2,36,5.1,22,10,68.2,29.4,7,6.83,0.87,5.95,2.6,1.6,231.0,153.0,66.2,67.0,21.0,31.3,198.0,52.0,26.3,34.0,22.0,0.0,12.0,70.0,214.0,150.0
Newcastle Knights,S. Trunley,10/14,S. Trunley,25,33.7,842.0,452.0,18.1,159.0,371.0,42.9,87.0,213.0,40.8,47.0,60.0,78.3,38.0,70.0,108.0,95.0,30.0,1.0,42.0,52.0,385.3,22.7,26.7,5.6,6.4,24,476.0,19.0,28.1,59,5.9,42,7,65.4,48.1,10,2.06,1.02,1.04,2.4,2.7,74.0,39.0,52.7,84.0,33.0,39.3,213.0,87.0,40.8,14.0,22.0,0.0,6.0,71.0,106.0,65.0
Milton Keynes Breakers,J. Spencer,23,J. Spencer,25,33.8,845.3,388.0,15.5,122.0,263.0,46.4,52.0,137.0,38,92.0,103.0,89.3,13.0,143.0,156.0,180.0,34.0,4.0,80.0,56.0,360.3,22.1,23.8,11.1,9.6,23,411.0,16.4,25.3,37,4.1,23,14,63.4,36.2,9,5.5,-0.77,6.27,2.2,1.3,89.0,58.0,65.2,36.0,11.0,30.6,137.0,52.0,38,55.0,14.0,0.0,11.0,46.0,104.0,93.0
Hemel Storm,M. Norman,2,M. Norman,25,26.4,660.5,351.0,14.0,132.0,285.0,46.3,57.0,162.0,35.2,30.0,33.0,90.9,18.0,61.0,79.0,45.0,17.0,4.0,35.0,44.0,303.9,22.6,26.0,3.3,5.8,0,351.0,14.0,26.0,22,3.1,22,1,49.0,22.4,7,0.07,-0.85,0.92,2.8,3.3,92.0,61.0,66.3,30.0,13.0,43.3,162.0,57.0,35.2,13.0,17.0,0.0,5.0,28.0,135.0,61.0
Reading Rockets,M. Bryant,10,M. Bryant,25,27.4,684.8,325.0,13.0,132.0,235.0,56.2,14.0,39.0,35.9,47.0,61.0,77,27.0,81.0,108.0,77.0,35.0,3.0,46.0,47.0,269.6,20.9,25.2,6.0,8.4,13,338.0,13.5,26.2,28,2.8,17,10,65.4,23.4,10,5.43,-1.04,6.46,2.5,2.4,160.0,101.0,63.1,34.0,15.0,44.1,39.0,14.0,35.9,15.0,16.0,0.0,15.0,37.0,109.0,71.0
Loughborough Riders,J. Campbell,0/10,J. Campbell,25,29.0,724.9,317.0,12.7,124.0,325.0,38.2,55.0,182.0,30.2,14.0,19.0,73.7,18.0,95.0,113.0,151.0,43.0,3.0,86.0,44.0,385.3,26.8,22.0,10.5,7.9,9,326.0,13.0,22.7,11,2.8,7,5,59.8,11.2,4,-0.2,-3.28,3.08,1.6,1.9,105.0,58.0,55.2,38.0,11.0,28.9,182.0,55.0,30.2,57.0,25.0,0.0,4.0,31.0,100.0,52.0
Hemel Storm,K. Walker,11,K. Walker,25,23.9,597.0,260.0,10.4,109.0,202.0,54,12.0,35.0,34.3,30.0,53.0,56.6,39.0,116.0,155.0,38.0,32.0,1.0,53.0,42.0,229.7,18.9,21.3,3.1,12.7,8,268.0,10.7,22.0,30,3.8,17,10,70.1,24.4,8,-0.83,-3.42,2.59,3.6,3.8,155.0,95.0,61.3,12.0,2.0,16.7,35.0,12.0,34.3,14.0,29.0,1.0,9.0,39.0,88.0,45.0
Nottingham Hoods,S. Akano,7,S. Akano,25,26.0,650.9,237.0,9.5,88.0,230.0,38.3,34.0,122.0,27.9,27.0,41.0,65.9,15.0,46.0,61.0,92.0,31.0,0.0,59.0,55.0,280.4,21.8,18.4,7.1,4.7,5,242.0,9.7,18.7,6,1.5,7,0,42.9,8.0,4,-2.51,-5.63,3.12,1.9,3.3,72.0,41.0,56.9,36.0,13.0,36.1,122.0,34.0,27.9,33.0,20.0,1.0,5.0,26.0,82.0,56.0
Worthing Thunder,D. Evans,0,D. Evans,25,21.5,537.6,207.0,8.3,81.0,202.0,40.1,20.0,94.0,21.3,25.0,45.0,55.6,32.0,67.0,99.0,55.0,36.0,8.0,26.0,50.0,207.2,18.7,18.7,5.0,9.0,13,220.0,8.8,19.9,17,2.4,14,8,48.5,18.5,7,0.12,-4.44,4.56,3.0,3.2,81.0,52.0,64.2,26.0,9.0,34.6,94.0,20.0,21.3,10.0,13.0,0.0,3.0,27.0,84.0,57.0
Hemel Storm,V. Eze,21,V. Eze,25,18.4,459.1,202.0,8.1,82.0,140.0,58.6,13.0,40.0,32.5,25.0,37.0,67.6,32.0,46.0,78.0,20.0,6.0,10.0,28.0,29.0,146.2,15.6,21.5,2.1,8.3,2,204.0,8.2,21.7,6,1.2,7,4,34.2,8.8,5,-0.48,-1.68,1.2,3.9,3.6,90.0,61.0,67.8,10.0,8.0,80,40.0,13.0,32.5,8.0,14.0,1.0,5.0,40.0,66.0,21.0
Hemel Storm,S. Newman,4,S. Newman,25,34.9,873.1,184.0,7.4,67.0,162.0,41.4,38.0,109.0,34.9,12.0,13.0,92.3,11.0,91.0,102.0,289.0,58.0,7.0,107.0,49.0,253.2,14.2,10.3,16.2,5.7,33,217.0,8.7,12.2,7,1.4,10,0,35.0,15.0,5,1.36,-1.06,2.43,1.0,1.7,43.0,25.0,58.1,10.0,4.0,40,109.0,38.0,34.9,76.0,21.0,0.0,10.0,5.0,51.0,46.0
Milton Keynes Breakers,M. New Jr.,15,M. New Jr.,25,20.2,504.2,164.0,6.6,63.0,133.0,47.4,21.0,54.0,38.9,17.0,22.0,77.3,13.0,78.0,91.0,46.0,15.0,7.0,24.0,32.0,147.5,15.2,16.9,4.7,9.4,11,175.0,7.0,18.0,9,1.3,10,3,39.8,13.3,7,1.74,-3.9,5.64,3.3,3.6,48.0,30.0,62.5,31.0,12.0,38.7,54.0,21.0,38.9,11.0,12.0,0.0,1.0,25.0,21.0,29.0
Nottingham Hoods,M. Savery-Richards,14/8,M. Savery-Richards,25,20.6,513.9,154.0,6.2,58.0,136.0,42.6,5.0,23.0,21.7,33.0,52.0,63.5,43.0,62.0,105.0,21.0,19.0,3.0,22.0,76.0,132.4,13.0,15.1,2.1,10.3,0,154.0,6.2,15.1,3,0.8,9,4,13.9,11.8,4,-3.64,-7.2,3.56,3.9,4.6,60.0,39.0,65,53.0,14.0,26.4,23.0,5.0,21.7,4.0,12.0,0.0,6.0,35.0,44.0,45.0
Hemel Storm,J. Burnell,7,J. Burnell,25,13.8,344.1,124.0,5.0,44.0,117.0,37.6,34.0,100.0,34,2.0,4.0,50,5.0,21.0,26.0,13.0,6.0,3.0,12.0,28.0,120.7,17.2,17.6,1.8,3.7,0,124.0,5.0,17.6,9,1.8,6,0,75.0,7.0,5,-3.16,-3.41,0.25,2.8,4.6,14.0,8.0,57.1,3.0,2.0,66.7,100.0,34.0,34,6.0,2.0,0.0,4.0,15.0,45.0,13.0
Loughborough Riders,S. Wylie,15/43,S. Wylie,25,14.4,358.8,114.0,4.6,39.0,107.0,36.4,32.0,91.0,35.2,4.0,6.0,66.7,14.0,20.0,34.0,23.0,10.0,0.0,11.0,28.0,102.4,14.4,16.0,3.2,4.8,3,117.0,4.7,16.4,4,4.0,3,2,51.5,3.9,1,-1.77,-3.87,2.11,2.5,3.9,12.0,7.0,58.3,4.0,0.0,0,91.0,32.0,35.2,6.0,2.0,0.0,3.0,17.0,40.0,30.0
Hemel Storm,D. Parkinson,23,D. Parkinson,25,8.5,212.1,105.0,4.2,33.0,76.0,43.4,16.0,40.0,40,23.0,23.0,100,5.0,16.0,21.0,17.0,12.0,0.0,25.0,34.0,101.9,23.6,24.2,3.9,4.8,3,108.0,4.3,24.9,2,1.0,2,0,50.0,2.0,2,-2.82,-4.77,1.94,2.4,3.3,28.0,16.0,57.1,8.0,1.0,12.5,40.0,16.0,40,13.0,6.0,1.0,5.0,7.0,42.0,12.0
Milton Keynes Breakers,L. Gregory,13,L. Gregory,25,12.2,305.7,103.0,4.1,51.0,83.0,61.4,0.0,1.0,0,1.0,9.0,11.1,38.0,44.0,82.0,23.0,12.0,6.0,26.0,48.0,72.0,12.2,17.5,3.9,13.9,0,103.0,4.1,17.5,0,0.0,1,0,0.0,2.0,1,-0.59,-6.03,5.43,4.2,3.6,77.0,51.0,66.2,4.0,0.0,0,1.0,0.0,0,14.0,9.0,0.0,3.0,29.0,10.0,14.0
Newcastle Knights,F. Cork,13,F. Cork,25,7.5,188.0,63.0,2.5,27.0,54.0,50,3.0,6.0,50,6.0,12.0,50,20.0,23.0,43.0,13.0,3.0,1.0,12.0,22.0,49.2,13.0,16.6,3.4,11.4,0,63.0,2.5,16.6,0,0,0,0,0,0.0,0,-4.0,-4.54,0.54,3.9,4.1,21.0,11.0,52.4,27.0,13.0,48.1,6.0,3.0,50,6.0,3.0,0.0,3.0,15.0,18.0,7.0
Loughborough Riders,O. Curran,23/6,O. Curran,25,8.7,218.4,39.0,1.6,15.0,41.0,36.6,4.0,18.0,22.2,5.0,7.0,71.4,10.0,32.0,42.0,37.0,12.0,1.0,24.0,7.0,55.8,12.9,9.0,8.5,9.7,0,39.0,1.6,9.0,0,0,0,0,0,0.0,0,-1.96,-6.29,4.32,2.3,3.4,20.0,10.0,50,3.0,1.0,33.3,18.0,4.0,22.2,14.0,9.0,0.0,1.0,3.0,11.0,15.0
Nottingham Hoods,A. Sandu-Nelson,5,A. Sandu-Nelson,25,2.3,57.1,12.0,0.5,4.0,10.0,40,3.0,8.0,37.5,1.0,4.0,25,0.0,1.0,1.0,2.0,2.0,0.0,5.0,5.0,16.1,14.3,10.6,1.8,0.9,3,15.0,0.6,13.2,0,0,0,0,0,0.0,0,-6.53,-8.95,2.42,2.4,4.5,1.0,0.0,0,1.0,1.0,100,8.0,3.0,37.5,2.0,2.0,0.0,1.0,0.0,7.0,2.0
Milton Keynes Breakers,D. Jackson,1/10/9,D. Jackson,24,27.1,649.4,354.0,14.8,131.0,294.0,44.6,57.0,143.0,39.9,35.0,44.0,79.5,31.0,83.0,114.0,60.0,28.0,5.0,45.0,46.0,314.3,25.1,28.3,4.8,9.1,8,362.0,15.1,29.0,10,1.4,16,4,28.2,22.8,7,3.56,-1.21,4.77,3.0,2.8,115.0,60.0,52.2,33.0,13.0,39.4,143.0,57.0,39.9,18.0,19.0,0.0,8.0,40.0,141.0,76.0
Yorkshire Dragons,N. Lewis,93,N. Lewis,24,28.0,672.2,350.0,14.6,113.0,303.0,37.3,40.0,143.0,28,84.0,102.0,82.4,10.0,82.0,92.0,137.0,51.0,6.0,81.0,68.0,402.1,29.7,26.0,10.2,6.8,10,360.0,15.0,26.7,13,1.9,11,11,41.0,17.8,7,1.61,-2.62,4.23,1.4,1.4,113.0,54.0,47.8,47.0,19.0,40.4,143.0,40.0,28,51.0,23.0,1.0,6.0,25.0,130.0,113.0
Essex Rebels,K. Martin,10,K. Martin,24,27.6,662.1,341.0,14.2,95.0,254.0,37.4,73.0,195.0,37.4,78.0,96.0,81.2,22.0,106.0,128.0,46.0,28.0,7.0,41.0,48.0,302.6,23.0,25.9,3.5,9.7,9,350.0,14.6,26.5,22,3.7,5,19,82.3,16.4,6,2.12,-1.2,3.33,3.4,2.6,48.0,18.0,37.5,10.0,3.0,30,195.0,73.0,37.4,18.0,14.0,0.0,9.0,41.0,106.0,67.0
Nottingham Hoods,D. Nixon Ii,12/24,D. Nixon Ii,24,29.3,704.3,312.0,13.0,106.0,228.0,46.5,56.0,141.0,39.7,44.0,49.0,89.8,19.0,57.0,76.0,136.0,39.0,1.0,45.0,40.0,264.5,19.0,22.3,9.7,5.4,19,331.0,13.8,23.7,15,2.5,9,4,69.7,11.8,6,5.72,0.81,4.91,1.6,1.5,42.0,27.0,64.3,45.0,23.0,51.1,141.0,56.0,39.7,23.0,17.0,0.0,5.0,29.0,92.0,62.0
Yorkshire Dragons,D. Ulph,10,D. Ulph,24,35.2,845.2,295.0,12.3,132.0,212.0,62.3,0.0,3.0,0,31.0,71.0,43.7,120.0,211.0,331.0,51.0,29.0,13.0,33.0,36.0,150.0,8.8,17.4,3.0,19.5,7,302.0,12.6,17.8,22,2.4,13,12,60.2,18.3,9,3.15,-0.25,3.39,5.0,3.4,188.0,125.0,66.5,20.0,6.0,30,3.0,0.0,0,17.0,11.0,0.0,5.0,105.0,53.0,72.0
Birmingham Rockets,L. Mcgregor,6,L. Mcgregor,24,31.5,755.5,285.0,11.9,99.0,244.0,40.6,29.0,104.0,27.9,58.0,88.0,65.9,38.0,78.0,116.0,115.0,43.0,5.0,57.0,50.0,289.7,19.2,18.8,7.6,7.7,17,302.0,12.6,20.0,23,2.1,23,14,39.4,34.2,11,1.84,-3.71,5.54,2.2,3.1,116.0,66.0,56.9,24.0,4.0,16.7,104.0,29.0,27.9,37.0,14.0,0.0,6.0,32.0,123.0,72.0
Bristol Flyers II,L. Ayinla,10/14,L. Ayinla,24,21.1,507.5,278.0,11.6,115.0,260.0,44.2,14.0,68.0,20.6,34.0,71.0,47.9,27.0,67.0,94.0,29.0,22.0,5.0,47.0,35.0,298.8,29.3,27.2,2.8,9.2,2,280.0,11.7,27.4,12,4.0,11,4,47.0,13.8,3,-4.38,-4.41,0.03,3.5,2.1,151.0,81.0,53.6,35.0,14.0,40,68.0,14.0,20.6,12.0,27.0,0.0,8.0,29.0,101.0,53.0
Bristol Hurricanes,C. Samuels,2/4,C. Samuels,24,31.4,752.6,234.0,9.8,81.0,193.0,42,18.0,68.0,26.5,54.0,70.0,77.1,29.0,77.0,106.0,81.0,28.0,7.0,66.0,52.0,250.4,17.3,16.2,5.6,7.3,12,246.0,10.2,17.1,15,3.0,11,5,56.8,15.2,5,-3.24,-6.03,2.8,2.7,2.9,105.0,53.0,50.5,20.0,10.0,50,68.0,18.0,26.5,37.0,20.0,0.0,9.0,22.0,63.0,64.0
Milton Keynes Breakers,B. Baker-Mccann,11,B. Baker-Mccann,24,18.7,447.7,228.0,9.5,89.0,194.0,45.9,9.0,34.0,26.5,41.0,60.0,68.3,51.0,50.0,101.0,35.0,34.0,1.0,45.0,42.0,205.8,23.8,26.5,4.1,11.7,3,231.0,9.6,26.8,14,2.3,17,2,39.1,18.9,6,0.62,-4.39,5.01,3.0,3.5,137.0,72.0,52.6,22.0,7.0,31.8,34.0,9.0,26.5,18.0,17.0,0.0,10.0,51.0,58.0,41.0
Yorkshire Dragons,L. Rooney,14/3,L. Rooney,24,16.2,388.2,174.0,7.2,63.0,149.0,42.3,22.0,67.0,32.8,26.0,43.0,60.5,17.0,47.0,64.0,24.0,19.0,4.0,22.0,43.0,166.0,21.2,22.4,3.1,8.2,4,178.0,7.4,22.9,11,2.2,13,3,38.4,15.3,5,-0.6,-4.18,3.57,3.1,3.5,66.0,35.0,53,16.0,6.0,37.5,67.0,22.0,32.8,8.0,12.0,0.0,2.0,20.0,79.0,43.0
Birmingham Rockets,F. Mughaal,7,F. Mughaal,24,15.3,368.4,157.0,6.5,56.0,136.0,41.2,40.0,104.0,38.5,5.0,7.0,71.4,9.0,22.0,31.0,20.0,12.0,0.0,17.0,18.0,141.2,19.2,21.3,2.7,4.2,0,157.0,6.5,21.3,11,3.7,9,0,61.1,10.0,3,0.86,-2.61,3.47,2.4,3.7,27.0,15.0,55.6,5.0,1.0,20,104.0,40.0,38.5,5.0,4.0,0.0,8.0,19.0,56.0,45.0
Loughborough Riders,C. Keys,6/8,C. Keys,24,14.3,343.1,108.0,4.5,44.0,102.0,43.1,12.0,51.0,23.5,8.0,10.0,80,17.0,17.0,34.0,16.0,11.0,3.0,15.0,33.0,100.2,14.8,15.9,2.4,5.0,0,108.0,4.5,15.9,0,0,0,0,0,0.0,0,-3.66,-6.07,2.41,2.8,4.2,43.0,29.0,67.4,8.0,3.0,37.5,51.0,12.0,23.5,3.0,9.0,0.0,3.0,9.0,55.0,22.0
Essex Rebels,A. Idiata-Mendez,20,A. Idiata-Mendez,24,14.5,347.2,80.0,3.3,30.0,94.0,31.9,5.0,36.0,13.9,15.0,25.0,60,33.0,30.0,63.0,14.0,9.0,7.0,20.0,33.0,88.3,12.8,11.6,2.0,9.1,2,82.0,3.4,11.9,6,1.5,9,0,33.3,9.0,4,-7.1,-8.35,1.26,3.9,5.0,56.0,24.0,42.9,2.0,1.0,50,36.0,5.0,13.9,8.0,6.0,0.0,6.0,18.0,21.0,18.0
London Cavaliers,D. Ainembabazi,3,D. Ainembabazi,24,9.3,223.7,76.0,3.2,26.0,69.0,37.7,9.0,35.0,25.7,15.0,21.0,71.4,12.0,22.0,34.0,12.0,8.0,2.0,13.0,18.0,76.1,17.7,17.7,2.8,7.9,3,79.0,3.3,18.4,5,2.5,3,2,64.4,3.9,2,-2.29,-4.74,2.45,2.9,4.2,28.0,17.0,60.7,6.0,0.0,0,35.0,9.0,25.7,3.0,7.0,0.0,3.0,20.0,20.0,17.0
Bristol Flyers II,T. Browne,7/8,T. Browne,24,12.6,302.6,51.0,2.1,18.0,85.0,21.2,9.0,53.0,17,6.0,10.0,60,8.0,36.0,44.0,19.0,6.0,0.0,15.0,17.0,92.5,15.2,8.4,3.1,7.2,4,55.0,2.3,9.0,0,0.0,1,0,0.0,1.0,1,-11.37,-10.02,-1.36,2.9,4.7,21.0,6.0,28.6,11.0,3.0,27.3,53.0,9.0,17,13.0,1.0,0.0,1.0,8.0,14.0,9.0
Nottingham Hoods,L. Maitland,0/23/55,L. Maitland,24,6.5,155.4,39.0,1.6,13.0,34.0,38.2,12.0,31.0,38.7,1.0,2.0,50,2.0,7.0,9.0,9.0,11.0,1.0,9.0,15.0,40.2,13.1,12.7,2.9,2.9,5,44.0,1.8,14.3,6,3.0,2,0,150.0,2.0,2,-0.09,-5.45,5.36,2.3,4.2,1.0,1.0,100,2.0,0.0,0,31.0,12.0,38.7,7.0,1.0,0.0,1.0,0.0,9.0,11.0
Worthing Thunder,B. Lomeka,9,B. Lomeka,24,1.9,45.4,20.0,0.8,10.0,18.0,55.6,0.0,2.0,0,0.0,1.0,0,2.0,3.0,5.0,3.0,2.0,0.0,6.0,8.0,21.5,23.0,21.4,3.2,5.4,0,20.0,0.8,21.4,0,0,0,0,0,0.0,0,-7.59,-10.01,2.42,2.8,3.5,13.0,8.0,61.5,3.0,2.0,66.7,2.0,0.0,0,2.0,1.0,0.0,3.0,8.0,8.0,4.0
Birmingham Rockets,L. Duru,15/16,L. Duru,24,2.6,61.7,17.0,0.7,7.0,20.0,35,0.0,6.0,0,3.0,5.0,60,3.0,15.0,18.0,3.0,3.0,1.0,4.0,8.0,22.3,18.1,13.8,2.4,14.6,0,17.0,0.7,13.8,0,0,0,0,0,0.0,0,-5.35,-10.41,5.06,3.8,4.8,13.0,7.0,53.8,1.0,0.0,0,6.0,0.0,0,0.0,3.0,0.0,1.0,4.0,4.0,2.0
Newcastle Knights,B. Dean,1,B. Dean,23,36.0,826.9,462.0,20.1,171.0,347.0,49.3,56.0,136.0,41.2,64.0,81.0,79,24.0,89.0,113.0,130.0,47.0,0.0,64.0,37.0,405.7,24.3,27.8,7.8,6.8,29,491.0,21.3,29.5,34,3.4,30,8,50.7,39.5,10,3.78,1.3,2.48,1.8,1.8,96.0,64.0,66.7,115.0,51.0,44.3,136.0,56.0,41.2,33.0,25.0,0.0,6.0,65.0,142.0,119.0
Yorkshire Dragons,C. Johnson,6/9,C. Johnson,23,33.9,780.6,408.0,17.7,144.0,341.0,42.2,63.0,203.0,31,57.0,66.0,86.4,22.0,76.0,98.0,75.0,29.0,7.0,54.0,44.0,386.0,24.5,26.1,4.8,6.3,9,417.0,18.1,26.6,36,3.6,27,14,54.3,35.2,10,1.63,-1.22,2.86,2.5,2.5,61.0,41.0,67.2,77.0,40.0,51.9,203.0,63.0,31,28.0,21.0,0.0,5.0,45.0,96.0,69.0
Bristol Hurricanes,D. Ubiaro,31,D. Ubiaro,23,33.3,765.9,395.0,17.2,151.0,329.0,45.9,17.0,75.0,22.7,76.0,121.0,62.8,29.0,77.0,106.0,45.0,37.0,14.0,62.0,47.0,398.6,27.1,26.9,3.1,7.2,16,411.0,17.9,28.0,31,2.8,33,14,39.6,44.2,11,-1.35,-4.26,2.92,3.2,2.7,184.0,117.0,63.6,69.0,17.0,24.6,75.0,17.0,22.7,21.0,30.0,0.0,11.0,54.0,117.0,85.0
Hemel Storm,B. Inger,3,B. Inger,23,27.4,631.1,371.0,16.1,157.0,304.0,51.6,41.0,103.0,39.8,16.0,17.0,94.1,43.0,108.0,151.0,40.0,21.0,11.0,41.0,53.0,297.1,23.1,28.8,3.1,11.7,12,383.0,16.7,29.7,9,1.3,18,0,25.0,20.0,7,1.72,-0.19,1.91,4.1,3.1,137.0,87.0,63.5,64.0,29.0,45.3,103.0,41.0,39.8,16.0,18.0,0.0,7.0,41.0,105.0,65.0
Hemel Storm,D. Nelson-Henry,10,D. Nelson-Henry,23,24.8,571.3,343.0,14.9,147.0,227.0,64.8,4.0,14.0,28.6,45.0,63.0,71.4,36.0,134.0,170.0,51.0,13.0,20.0,53.0,66.0,260.9,22.4,29.4,4.4,14.6,10,353.0,15.3,30.2,22,3.7,15,8,59.4,22.5,6,2.91,-1.0,3.91,5.0,2.2,194.0,138.0,71.1,19.0,5.0,26.3,14.0,4.0,28.6,20.0,25.0,0.0,8.0,60.0,45.0,43.0
Milton Keynes Breakers,X. Wilson,21,X. Wilson,23,26.4,607.5,331.0,14.4,144.0,299.0,48.2,12.0,44.0,27.3,31.0,49.0,63.3,54.0,121.0,175.0,66.0,35.0,31.0,47.0,50.0,301.0,25.7,28.3,5.6,15.0,12,343.0,14.9,29.3,14,1.8,23,2,29.3,25.9,8,4.69,-2.37,7.06,4.6,3.0,161.0,99.0,61.5,94.0,33.0,35.1,44.0,12.0,27.3,21.0,23.0,0.0,3.0,75.0,47.0,49.0
Bristol Hurricanes,D. Edozie,1,D. Edozie,23,31.5,725.1,330.0,14.3,148.0,284.0,52.1,0.0,7.0,0,34.0,53.0,64.2,83.0,149.0,232.0,37.0,19.0,6.0,45.0,46.0,258.5,18.6,23.7,2.7,16.7,12,342.0,14.9,24.6,17,1.7,30,6,26.0,34.6,10,-1.18,-2.97,1.79,4.8,3.0,170.0,99.0,58.2,106.0,48.0,45.3,7.0,0.0,0,17.0,20.0,1.0,7.0,73.0,63.0,63.0
Bristol Flyers II,J. Craggs,12,J. Craggs,23,15.2,349.9,108.0,4.7,37.0,106.0,34.9,15.0,55.0,27.3,19.0,30.0,63.3,16.0,46.0,62.0,15.0,13.0,3.0,29.0,49.0,126.9,18.0,15.4,2.1,8.8,3,111.0,4.8,15.8,4,1.3,5,0,40.0,5.0,3,-9.11,-9.15,0.04,3.7,3.7,35.0,17.0,48.6,15.0,4.0,26.7,55.0,15.0,27.3,16.0,10.0,0.0,3.0,12.0,21.0,17.0
Bristol Hurricanes,D. Forsyth,11,D. Forsyth,23,14.4,331.9,70.0,3.0,30.0,74.0,40.5,1.0,4.0,25,9.0,11.0,81.8,35.0,36.0,71.0,32.0,20.0,6.0,21.0,43.0,62.2,9.8,11.0,5.0,11.2,3,73.0,3.2,11.5,4,1.3,6,0,33.3,7.0,3,-2.43,-6.81,4.38,3.5,3.8,45.0,23.0,51.1,25.0,6.0,24,4.0,1.0,25,11.0,5.0,0.0,5.0,15.0,17.0,20.0
Milton Keynes Breakers,K. Williams,0/14,K. Williams,23,6.5,149.3,54.0,2.3,22.0,35.0,62.9,8.0,18.0,44.4,2.0,2.0,100,9.0,25.0,34.0,8.0,2.0,1.0,6.0,10.0,31.6,11.0,18.8,2.8,11.8,0,54.0,2.3,18.8,7,2.3,3,2,90.2,5.9,3,3.33,-1.5,4.84,3.7,3.3,12.0,10.0,83.3,5.0,4.0,80,18.0,8.0,44.4,2.0,1.0,0.0,3.0,6.0,5.0,8.0
Hemel Storm,J. Rai,5,J. Rai,23,5.8,132.2,45.0,2.0,19.0,38.0,50,4.0,12.0,33.3,3.0,6.0,50,4.0,21.0,25.0,11.0,4.0,0.0,18.0,15.0,52.5,19.5,16.6,4.1,9.2,0,45.0,2.0,16.6,0,0,0,0,0,0.0,0,-6.09,-7.56,1.47,3.2,4.0,23.0,14.0,60.9,3.0,1.0,33.3,12.0,4.0,33.3,7.0,9.0,1.0,1.0,6.0,16.0,2.0
Nottingham Hoods,B. Johnson,21/25,B. Johnson,22,28.8,633.1,395.0,18.0,152.0,267.0,56.9,23.0,67.0,34.3,68.0,97.0,70.1,68.0,160.0,228.0,52.0,55.0,12.0,46.0,48.0,276.2,22.1,31.5,4.1,18.2,3,398.0,18.1,31.7,15,2.5,12,2,58.2,13.9,6,9.34,2.33,7.01,4.9,1.9,176.0,122.0,69.3,24.0,7.0,29.2,67.0,23.0,34.3,12.0,25.0,0.0,9.0,77.0,144.0,129.0
Newcastle Knights,M. Jones,5,M. Jones,22,29.2,641.5,275.0,12.5,111.0,211.0,52.6,11.0,30.0,36.7,42.0,67.0,62.7,70.0,117.0,187.0,51.0,35.0,13.0,48.0,70.0,209.7,16.2,21.3,3.9,14.5,23,298.0,13.5,23.1,29,2.9,22,6,58.8,30.6,10,0.47,-2.45,2.92,4.5,3.5,129.0,81.0,62.8,52.0,19.0,36.5,30.0,11.0,36.7,18.0,17.0,0.0,13.0,40.0,70.0,80.0
Bristol Hurricanes,E. Dusha,12,E. Dusha,22,32.2,708.7,240.0,10.9,85.0,223.0,38.1,42.0,126.0,33.3,28.0,38.0,73.7,8.0,63.0,71.0,134.0,35.0,3.0,60.0,62.0,280.1,20.6,17.7,9.9,5.2,16,256.0,11.6,18.8,13,1.6,14,5,40.1,17.2,8,-1.69,-4.25,2.56,1.4,1.7,45.0,24.0,53.3,52.0,19.0,36.5,126.0,42.0,33.3,41.0,10.0,0.0,9.0,24.0,54.0,28.0
Loughborough Riders,T. Akinsuku,13/15/2/36,T. Akinsuku,22,23.2,510.8,192.0,8.7,78.0,139.0,56.1,0.0,4.0,0,36.0,73.0,49.3,40.0,122.0,162.0,27.0,13.0,21.0,39.0,62.0,163.3,16.1,19.0,2.7,16.0,0,192.0,8.7,19.0,2,0.7,2,4,26.6,5.8,3,-1.96,-6.13,4.17,5.0,3.6,115.0,74.0,64.3,20.0,4.0,20,4.0,0.0,0,5.0,24.0,0.0,10.0,37.0,41.0,33.0
Reading Rockets,T. Nsangu,12,T. Nsangu,22,24.4,536.9,187.0,8.5,80.0,143.0,55.9,0.0,3.0,0,27.0,53.0,50.9,86.0,112.0,198.0,28.0,15.0,21.0,34.0,59.0,109.7,10.9,18.5,2.8,19.6,4,191.0,8.7,18.9,11,1.8,7,6,57.1,11.6,6,2.18,-2.7,4.88,5.0,4.0,127.0,77.0,60.6,13.0,3.0,23.1,3.0,0.0,0,7.0,13.0,2.0,12.0,75.0,25.0,36.0
Bristol Flyers II,R. Eigbe,13/15,R. Eigbe,22,25.6,564.0,135.0,6.1,57.0,123.0,46.3,8.0,35.0,22.9,13.0,28.0,46.4,50.0,78.0,128.0,31.0,20.0,7.0,22.0,55.0,103.0,9.1,11.9,2.7,11.3,3,138.0,6.3,12.2,6,6.0,3,2,77.3,4.9,1,-5.36,-6.04,0.68,4.2,3.6,69.0,42.0,60.9,19.0,7.0,36.8,35.0,8.0,22.9,8.0,7.0,2.0,5.0,63.0,25.0,28.0
Essex Rebels,M. Amako,1,M. Amako,22,12.8,281.8,114.0,5.2,44.0,108.0,40.7,7.0,41.0,17.1,19.0,34.0,55.9,22.0,32.0,54.0,15.0,13.0,9.0,27.0,33.0,122.8,21.9,20.3,2.7,9.6,3,117.0,5.3,20.8,2,0.7,5,0,20.0,8.0,3,-5.24,-7.81,2.57,3.9,4.1,61.0,36.0,59,4.0,1.0,25,41.0,7.0,17.1,6.0,13.0,0.0,8.0,22.0,40.0,35.0
Essex Rebels,D. Johnson-Thompson,13,D. Johnson-Thompson,22,14.7,322.7,99.0,4.5,41.0,109.0,37.6,3.0,17.0,17.6,14.0,26.0,53.8,26.0,54.0,80.0,16.0,8.0,13.0,18.0,30.0,107.9,16.8,15.4,2.5,12.4,4,103.0,4.7,16.0,5,2.5,5,2,42.5,6.9,2,-5.41,-7.68,2.26,4.8,4.7,82.0,33.0,40.2,10.0,5.0,50,17.0,3.0,17.6,8.0,8.0,0.0,2.0,17.0,20.0,17.0
Newcastle Knights,M. Hendry,2/3/4,M. Hendry,22,15.4,339.3,82.0,3.7,29.0,83.0,34.9,19.0,57.0,33.3,5.0,11.0,45.5,10.0,15.0,25.0,19.0,18.0,4.0,19.0,20.0,93.0,13.6,12.0,2.8,3.7,7,89.0,4.0,13.0,8,4.0,7,0,57.1,8.0,2,-2.98,-4.74,1.77,2.4,4.8,20.0,10.0,50,6.0,0.0,0,57.0,19.0,33.3,6.0,9.0,0.0,4.0,9.0,19.0,11.0
Bristol Flyers II,A. Bhebhe,4,A. Bhebhe,22,12.3,269.6,47.0,2.1,19.0,42.0,45.2,6.0,14.0,42.9,3.0,7.0,42.9,7.0,23.0,30.0,43.0,12.0,0.0,47.0,22.0,81.7,15.1,8.7,7.9,5.5,0,47.0,2.1,8.7,0,0.0,1,0,0.0,1.0,1,-11.83,-10.43,-1.4,1.5,2.2,23.0,12.0,52.2,4.0,0.0,0,14.0,6.0,42.9,22.0,22.0,0.0,3.0,0.0,8.0,13.0
Milton Keynes Breakers,K. Oates,4/5,K. Oates,22,4.3,95.6,38.0,1.7,12.0,31.0,38.7,9.0,26.0,34.6,5.0,5.0,100,3.0,8.0,11.0,13.0,3.0,1.0,7.0,1.0,35.7,19.3,20.6,7.1,6.0,3,41.0,1.9,22.3,6,6.0,1,3,129.3,2.3,1,3.79,-0.56,4.35,2.5,3.1,5.0,3.0,60,0.0,0.0,0,26.0,9.0,34.6,3.0,3.0,0.0,1.0,0.0,20.0,5.0
Derby Trailblazers,E. Norman,12,E. Norman,22,3.6,79.7,34.0,1.5,12.0,26.0,46.2,8.0,18.0,44.4,2.0,5.0,40,0.0,4.0,4.0,8.0,1.0,0.0,4.0,1.0,30.9,20.1,22.1,5.2,2.6,0,34.0,1.5,22.1,0,0,0,0,0,0.0,0,0.09,-0.86,0.95,2.3,3.3,3.0,2.0,66.7,5.0,2.0,40,18.0,8.0,44.4,1.0,3.0,0.0,0.0,7.0,6.0,2.0
Worthing Thunder,A. Price,88,A. Price,22,1.8,40.5,10.0,0.5,4.0,8.0,50,2.0,3.0,66.7,0.0,0.0,0,2.0,1.0,3.0,3.0,0.0,1.0,5.0,6.0,10.6,12.6,12.0,3.6,3.6,0,10.0,0.5,12.0,0,0,0,0,0,0.0,0,-7.62,-9.09,1.47,3.1,3.7,4.0,1.0,25,1.0,1.0,100,3.0,2.0,66.7,0.0,4.0,0.0,1.0,0.0,5.0,2.0
Milton Keynes Breakers,C. Thompson,10/8,C. Thompson,21,26.2,550.0,280.0,13.3,98.0,231.0,42.4,43.0,119.0,36.1,41.0,64.0,64.1,33.0,72.0,105.0,40.0,20.0,2.0,16.0,49.0,232.5,21.9,26.4,3.8,9.9,2,282.0,13.4,26.6,33,5.5,19,8,73.3,23.5,6,2.8,-1.56,4.36,3.2,3.3,77.0,41.0,53.2,34.0,13.0,38.2,119.0,43.0,36.1,4.0,4.0,0.0,8.0,48.0,82.0,75.0
Reading Rockets,E. Poorman,6,E. Poorman,21,27.7,581.6,184.0,8.8,76.0,145.0,52.4,1.0,11.0,9.1,31.0,58.0,53.4,56.0,78.0,134.0,72.0,28.0,2.0,47.0,59.0,155.1,14.2,16.8,6.6,12.2,16,200.0,9.5,18.2,23,2.3,18,7,54.6,25.1,10,2.35,-3.76,6.11,3.2,3.3,118.0,72.0,61,16.0,3.0,18.8,11.0,1.0,9.1,21.0,15.0,0.0,11.0,37.0,34.0,46.0
Milton Keynes Breakers,B. Freckleton,13/7,B. Freckleton,21,17.0,356.8,105.0,5.0,32.0,78.0,41,28.0,64.0,43.8,13.0,26.0,50,9.0,29.0,38.0,42.0,11.0,0.0,17.0,45.0,93.5,13.6,15.3,6.1,5.5,2,107.0,5.1,15.6,8,1.6,7,2,50.8,7.9,5,0.45,-4.36,4.81,2.4,3.4,11.0,4.0,36.4,3.0,0.0,0,64.0,28.0,43.8,7.0,4.0,0.0,6.0,21.0,24.0,25.0
Bristol Flyers II,N. Sagkovits,21,N. Sagkovits,21,19.6,410.7,91.0,4.3,42.0,86.0,48.8,0.0,3.0,0,7.0,16.0,43.8,37.0,76.0,113.0,7.0,11.0,14.0,51.0,77.0,102.8,12.4,11.0,0.8,13.7,0,91.0,4.3,11.0,4,4.0,2,0,100.0,2.0,1,-12.37,-12.71,0.35,5.0,4.4,63.0,31.0,49.2,20.0,11.0,55,3.0,0.0,0,9.0,20.0,3.0,19.0,22.0,12.0,12.0
Bristol Hurricanes,K. Hill,2/4,K. Hill,21,9.5,199.6,54.0,2.6,14.0,57.0,24.6,14.0,50.0,28,12.0,14.0,85.7,1.0,19.0,20.0,6.0,8.0,1.0,7.0,32.0,66.4,17.3,14.1,1.6,5.2,12,66.0,3.1,17.3,12,6.0,6,0,100.0,6.0,2,-6.91,-9.33,2.43,2.9,4.6,3.0,0.0,0,4.0,0.0,0,50.0,14.0,28,4.0,1.0,0.0,2.0,5.0,10.0,16.0
Newcastle Knights,S. Angus,7,S. Angus,21,4.3,90.2,38.0,1.8,17.0,28.0,60.7,0.0,1.0,0,4.0,9.0,44.4,15.0,13.0,28.0,3.0,5.0,5.0,7.0,14.0,23.0,12.6,20.9,1.7,15.4,0,38.0,1.8,20.9,0,0.0,3,0,0.0,3.0,1,-1.12,-3.57,2.45,5.0,4.0,26.0,17.0,65.4,1.0,0.0,0,1.0,0.0,0,1.0,1.0,0.0,5.0,12.0,4.0,9.0
Newcastle Knights,J. Soodeen,12/6,J. Soodeen,21,4.6,96.0,26.0,1.2,6.0,22.0,27.3,0.0,3.0,0,14.0,26.0,53.8,20.0,20.0,40.0,9.0,7.0,5.0,4.0,14.0,16.7,8.6,13.4,4.7,20.7,2,28.0,1.3,14.5,2,2.0,1,4,36.2,2.8,1,-0.34,-3.22,2.89,5.0,4.5,17.0,6.0,35.3,2.0,0.0,0,3.0,0.0,0,0.0,1.0,0.0,3.0,8.0,10.0,7.0
London Cavaliers,O. Pond-Mckenzie,5,O. Pond-Mckenzie,21,4.0,84.2,16.0,0.8,6.0,21.0,28.6,4.0,15.0,26.7,0.0,0.0,0,1.0,9.0,10.0,4.0,3.0,1.0,3.0,4.0,22.1,13.6,9.9,2.5,6.2,2,18.0,0.9,11.1,0,0.0,1,0,0.0,1.0,1,-3.32,-6.14,2.82,2.8,4.8,3.0,0.0,0,3.0,2.0,66.7,15.0,4.0,26.7,0.0,1.0,0.0,2.0,0.0,11.0,2.0
Derby Trailblazers,E. Lawrence,14,E. Lawrence,21,1.1,22.3,4.0,0.2,1.0,4.0,25,0.0,1.0,0,2.0,2.0,100,0.0,3.0,3.0,1.0,0.0,0.0,1.0,4.0,5.6,13.2,9.3,2.3,7.0,0,4.0,0.2,9.3,0,0,0,0,0,0.0,0,-11.12,-12.32,1.2,3.2,4.4,0.0,0.0,0,3.0,1.0,33.3,1.0,0.0,0,0.0,1.0,0.0,0.0,2.0,2.0,2.0
Bristol Hurricanes,A. Pearce,00,A. Pearce,21,4.7,99.4,3.0,0.1,1.0,22.0,4.5,1.0,17.0,5.9,0.0,0.0,0,1.0,8.0,9.0,0.0,0.0,0.0,6.0,12.0,25.9,13.6,1.6,0.0,4.7,0,3.0,0.1,1.6,0,0.0,1,0,0.0,1.0,1,-19.33,-17.27,-2.06,3.2,5.0,0,0,0,0,0,0,0,0,0,0,0,0,0,0,0,0
Essex Rebels,M. Brown,2,M. Brown,20,35.6,712.2,494.0,24.7,175.0,345.0,50.7,44.0,111.0,39.6,100.0,116.0,86.2,24.0,75.0,99.0,119.0,79.0,4.0,72.0,50.0,426.3,30.1,34.8,8.4,7.0,24,518.0,25.9,36.5,41,5.1,27,11,64.4,35.8,8,9.94,2.77,7.17,1.4,1.0,178.0,108.0,60.7,56.0,23.0,41.1,111.0,44.0,39.6,33.0,28.0,0.0,11.0,78.0,194.0,139.0
Loughborough Riders,M. Joiner,11/7,M. Joiner,20,32.8,655.0,366.0,18.3,130.0,273.0,47.6,25.0,86.0,29.1,81.0,116.0,69.8,25.0,89.0,114.0,78.0,39.0,2.0,55.0,41.0,339.9,26.2,28.2,6.0,8.8,14,380.0,19.0,29.3,21,2.6,18,10,46.9,26.4,8,2.56,-1.86,4.42,2.4,1.9,138.0,84.0,60.9,48.0,20.0,41.7,86.0,25.0,29.1,24.0,22.0,0.0,9.0,62.0,117.0,83.0
Worthing Thunder,A. Scarborough,4,A. Scarborough,20,24.4,487.5,287.0,14.3,121.0,220.0,55,9.0,30.0,30,36.0,76.0,47.4,59.0,86.0,145.0,22.0,27.0,5.0,24.0,40.0,209.7,20.9,28.7,2.2,14.5,4,291.0,14.6,29.1,14,1.8,15,6,39.7,19.6,8,2.71,-0.61,3.32,4.3,2.5,165.0,104.0,63,23.0,6.0,26.1,30.0,9.0,30,2.0,13.0,0.0,9.0,61.0,84.0,76.0
Newcastle Knights,M. Matthews,8,M. Matthews,20,18.4,367.3,127.0,6.3,45.0,125.0,36,23.0,79.0,29.1,14.0,23.0,60.9,26.0,36.0,62.0,24.0,21.0,2.0,28.0,39.0,131.6,17.7,17.2,3.2,8.4,9,136.0,6.8,18.4,8,1.3,8,4,41.0,10.8,6,-3.67,-5.11,1.44,3.1,4.5,37.0,20.0,54.1,9.0,2.0,22.2,79.0,23.0,29.1,10.0,15.0,0.0,3.0,24.0,33.0,33.0
Newcastle Knights,N. Saa,14/4,N. Saa,20,4.2,84.8,20.0,1.0,9.0,25.0,36,2.0,10.0,20,0.0,2.0,0,2.0,7.0,9.0,10.0,2.0,3.0,9.0,6.0,31.6,18.4,11.7,5.9,5.3,3,23.0,1.1,13.5,0,0,0,0,0,0.0,0,-6.66,-7.8,1.14,3.2,4.2,11.0,6.0,54.5,4.0,1.0,25,10.0,2.0,20,5.0,3.0,0.0,1.0,2.0,4.0,7.0
Birmingham Rockets,P. Basioudis,1/5,P. Basioudis,20,0.8,16.1,7.0,0.3,3.0,10.0,30,1.0,6.0,16.7,0.0,0.0,0,3.0,3.0,6.0,3.0,0.0,0.0,1.0,1.0,7.7,23.9,21.7,9.3,18.6,0,7.0,0.3,21.7,0,0,0,0,0,0.0,0,-2.77,-3.55,0.78,3.3,3.9,2.0,1.0,50,2.0,1.0,50,6.0,1.0,16.7,0.0,1.0,0.0,0.0,0.0,2.0,2.0
Bristol Hurricanes,V. Dilys,55,V. Dilys,19,25.9,492.1,242.0,12.7,97.0,183.0,53,18.0,51.0,35.3,30.0,80.0,37.5,37.0,85.0,122.0,30.0,13.0,6.0,30.0,52.0,202.8,21.5,25.7,3.2,12.9,6,248.0,13.1,26.3,12,1.7,8,12,45.2,14.3,7,-0.33,-3.0,2.67,4.3,2.6,123.0,78.0,63.4,9.0,1.0,11.1,51.0,18.0,35.3,15.0,8.0,0.0,7.0,42.0,55.0,35.0
Bristol Flyers II,L. Matthews,10/4/5/6,L. Matthews,19,7.3,139.6,50.0,2.6,18.0,41.0,43.9,2.0,13.0,15.4,12.0,16.0,75,17.0,9.0,26.0,6.0,3.0,1.0,21.0,14.0,50.0,17.8,17.8,2.1,9.3,2,52.0,2.7,18.5,0,0,0,0,0,0.0,0,-10.63,-8.7,-1.93,3.7,3.2,27.0,15.0,55.6,1.0,1.0,100,13.0,2.0,15.4,10.0,10.0,0.0,1.0,18.0,6.0,2.0
Milton Keynes Breakers,G. Formeloza,5/6,G. Formeloza,19,2.1,40.7,7.0,0.4,3.0,9.0,33.3,1.0,3.0,33.3,0.0,0.0,0,0.0,4.0,4.0,5.0,3.0,0.0,7.0,6.0,15.4,19.6,8.9,6.4,5.1,3,10.0,0.5,12.8,0,0,0,0,0,0.0,0,-8.31,-13.57,5.26,2.4,4.2,5.0,2.0,40,1.0,0.0,0,3.0,1.0,33.3,1.0,4.0,0.0,2.0,0.0,4.0,0.0
Birmingham Rockets,T. Grayling,12,T. Grayling,19,2.5,47.5,3.0,0.2,1.0,8.0,12.5,0.0,0.0,0,1.0,2.0,50,4.0,11.0,15.0,3.0,0.0,1.0,2.0,6.0,6.6,6.9,3.2,3.2,15.8,0,3.0,0.2,3.2,0,0,0,0,0,0.0,0,-7.36,-10.65,3.29,4.1,4.6,7.0,1.0,14.3,1.0,0.0,0,0.0,0.0,0,0.0,1.0,0.0,1.0,1.0,0.0,0.0
Worthing Thunder,J. Lashley,35,J. Lashley,18,18.0,323.3,87.0,4.8,32.0,105.0,30.5,7.0,35.0,20,16.0,23.0,69.6,15.0,49.0,64.0,26.0,11.0,2.0,23.0,47.0,118.2,17.7,13.1,3.9,9.6,2,89.0,4.9,13.4,9,2.2,10,1,43.1,13.4,4,-7.71,-10.24,2.53,3.4,4.3,43.0,17.0,39.5,27.0,8.0,29.6,35.0,7.0,20,7.0,10.0,0.0,6.0,6.0,16.0,11.0
Bristol Hurricanes,C. Taylor,9,C. Taylor,18,15.4,277.3,65.0,3.6,24.0,89.0,27,13.0,58.0,22.4,4.0,7.0,57.1,21.0,28.0,49.0,27.0,21.0,2.0,23.0,38.0,90.3,17.0,12.2,5.1,9.2,4,69.0,3.8,13.0,7,1.8,8,0,43.8,11.0,4,-5.05,-8.66,3.61,2.8,4.3,27.0,11.0,40.7,4.0,0.0,0,58.0,13.0,22.4,15.0,6.0,0.0,2.0,7.0,14.0,10.0
Reading Rockets,L. Sayles,11/13,L. Sayles,18,7.5,135.3,24.0,1.3,10.0,36.0,27.8,2.0,19.0,10.5,2.0,7.0,28.6,5.0,14.0,19.0,4.0,2.0,0.0,6.0,18.0,38.5,15.1,9.4,1.6,7.4,0,24.0,1.3,9.4,2,2.0,2,0,50.0,2.0,1,-9.11,-11.25,2.13,3.3,5.0,13.0,7.0,53.8,4.0,1.0,25,19.0,2.0,10.5,4.0,1.0,0.0,1.0,1.0,5.0,5.0
Newcastle Knights,T. Riley,15/2/3/9,T. Riley,18,9.5,170.7,22.0,1.2,8.0,19.0,42.1,1.0,4.0,25,5.0,12.0,41.7,18.0,29.0,47.0,23.0,11.0,5.0,10.0,22.0,15.6,4.5,6.4,6.7,13.7,6,28.0,1.6,8.2,7,2.3,5,0,70.0,6.0,3,1.35,-3.94,5.29,4.0,4.0,13.0,7.0,53.8,2.0,0.0,0,4.0,1.0,25,5.0,2.0,0.0,3.0,3.0,6.0,9.0
Reading Rockets,Y. Salih,5,Y. Salih,17,21.4,363.9,188.0,11.1,67.0,174.0,38.5,30.0,92.0,32.6,24.0,33.0,72.7,5.0,21.0,26.0,35.0,18.0,1.0,22.0,21.0,197.3,28.8,27.4,5.1,3.8,8,196.0,11.5,28.6,15,2.5,12,11,44.5,18.8,6,1.55,-2.28,3.83,1.9,3.5,22.0,9.0,40.9,60.0,28.0,46.7,92.0,30.0,32.6,9.0,10.0,0.0,3.0,23.0,58.0,48.0
Newcastle Knights,W. Neighbour,15,W. Neighbour,17,15.0,255.7,109.0,6.4,39.0,95.0,41.1,27.0,63.0,42.9,4.0,6.0,66.7,2.0,31.0,33.0,17.0,6.0,5.0,11.0,13.0,102.4,19.8,21.2,3.3,6.4,0,109.0,6.4,21.2,0,0.0,1,0,0.0,2.0,1,0.09,-1.33,1.42,3.3,3.7,11.0,7.0,63.6,21.0,5.0,23.8,63.0,27.0,42.9,5.0,4.0,0.0,2.0,7.0,31.0,12.0
Nottingham Hoods,T. Walker,4,T. Walker,17,16.5,281.1,78.0,4.6,27.0,58.0,46.6,18.0,39.0,46.2,6.0,12.0,50,8.0,9.0,17.0,12.0,12.0,0.0,8.0,31.0,60.7,10.9,14.0,2.2,3.0,3,81.0,4.8,14.5,0,0,0,0,0,0.0,0,-0.53,-4.68,4.15,2.4,4.1,16.0,8.0,50,3.0,1.0,33.3,39.0,18.0,46.2,4.0,2.0,0.0,2.0,6.0,21.0,15.0
Bristol Flyers II,R. Price,11,R. Price,17,16.0,271.2,73.0,4.3,30.0,76.0,39.5,7.0,24.0,29.2,6.0,13.0,46.2,20.0,46.0,66.0,11.0,8.0,3.0,22.0,39.0,80.4,14.7,13.4,2.0,12.1,0,73.0,4.3,13.4,2,1.0,2,0,50.0,3.0,2,-9.45,-9.34,-0.11,4.4,3.9,42.0,21.0,50,10.0,2.0,20,24.0,7.0,29.2,5.0,3.0,0.0,14.0,16.0,13.0,5.0
Loughborough Riders,C. Nyarko,11/3/7/9,C. Nyarko,17,8.2,139.1,38.0,2.2,14.0,36.0,38.9,8.0,24.0,33.3,2.0,2.0,100,6.0,22.0,28.0,4.0,2.0,2.0,9.0,14.0,38.3,13.9,13.8,1.5,10.2,14,52.0,3.1,18.9,0,0.0,1,0,0.0,2.0,1,-4.93,-7.18,2.25,3.9,4.4,11.0,6.0,54.5,1.0,0.0,0,24.0,8.0,33.3,4.0,3.0,0.0,2.0,5.0,10.0,2.0
Reading Rockets,J. Waterhouse,11/15,J. Waterhouse,17,1.6,27.1,8.0,0.5,3.0,4.0,75,1.0,1.0,100,1.0,2.0,50,1.0,3.0,4.0,1.0,1.0,1.0,0.0,2.0,3.7,7.3,15.7,2.0,7.8,0,8.0,0.5,15.7,0,0,0,0,0,0.0,0,7.85,0.16,7.69,3.3,3.8,3.0,2.0,66.7,0.0,0.0,0,1.0,1.0,100,0.0,0.0,0.0,0.0,3.0,0.0,0.0
Birmingham Rockets,A. Mutothori,5,A. Mutothori,17,0.9,15.6,6.0,0.4,2.0,5.0,40,1.0,1.0,100,1.0,2.0,50,1.0,0.0,1.0,0.0,1.0,0.0,3.0,3.0,7.6,24.2,19.2,0.0,3.2,0,6.0,0.4,19.2,0,0,0,0,0,0.0,0,-10.99,-13.12,2.13,2.9,4.2,3.0,0.0,0,1.0,1.0,100,1.0,1.0,100,3.0,0.0,0.0,0.0,0.0,0.0,3.0
Yorkshire Dragons,J. Melke,5,J. Melke,16,34.0,543.5,210.0,13.1,73.0,151.0,48.3,50.0,108.0,46.3,14.0,18.0,77.8,33.0,77.0,110.0,29.0,12.0,7.0,25.0,35.0,144.9,13.2,19.3,2.7,10.1,5,215.0,13.4,19.7,13,3.2,9,2,65.8,10.9,4,2.62,-0.6,3.21,3.7,3.1,25.0,15.0,60,18.0,8.0,44.4,108.0,50.0,46.3,10.0,9.0,0.0,6.0,34.0,57.0,48.0
Hemel Storm,M. Sokoli,0/3,M. Sokoli,16,11.3,181.4,76.0,4.8,32.0,70.0,45.7,5.0,18.0,27.8,7.0,14.0,50,17.0,30.0,47.0,9.0,5.0,2.0,14.0,34.0,70.2,19.0,20.5,2.4,12.7,12,88.0,5.5,23.7,0,0,0,0,0,0.0,0,-6.01,-6.83,0.82,4.3,4.5,46.0,26.0,56.5,6.0,1.0,16.7,18.0,5.0,27.8,3.0,9.0,0.0,2.0,16.0,17.0,16.0
Yorkshire Dragons,A. Lycoudis,11/7,A. Lycoudis,16,12.5,200.4,39.0,2.4,15.0,55.0,27.3,7.0,33.0,21.2,2.0,2.0,100,5.0,27.0,32.0,33.0,15.0,5.0,27.0,14.0,74.8,18.5,9.7,8.2,8.0,15,54.0,3.4,13.4,2,1.0,2,2,34.7,4.9,2,-3.22,-8.03,4.81,2.4,3.5,13.0,6.0,46.2,9.0,2.0,22.2,33.0,7.0,21.2,20.0,4.0,0.0,3.0,10.0,7.0,9.0
Nottingham Hoods,S. Jamison,0/2/25,S. Jamison,16,2.1,32.9,6.0,0.4,2.0,11.0,18.2,0.0,0.0,0,2.0,4.0,50,4.0,5.0,9.0,3.0,2.0,0.0,2.0,7.0,10.3,15.9,9.2,4.6,13.8,3,9.0,0.6,13.8,0,0,0,0,0,0.0,0,-10.19,-12.87,2.68,3.4,4.3,3.0,0.0,0,8.0,2.0,25,0.0,0.0,0,1.0,1.0,0.0,0.0,0.0,5.0,1.0
Essex Rebels,J. Mckew,7,J. Mckew,15,8.5,127.3,59.0,3.9,21.0,45.0,46.7,11.0,34.0,32.4,6.0,8.0,75,7.0,11.0,18.0,5.0,3.0,0.0,7.0,8.0,46.6,18.4,23.3,2.0,7.1,0,59.0,3.9,23.3,0,0,0,0,0,0.0,0,-0.57,-2.1,1.53,3.1,3.3,10.0,9.0,90,1.0,1.0,100,34.0,11.0,32.4,3.0,4.0,0.0,0.0,12.0,16.0,4.0
London Cavaliers,A. Pyne,7,A. Pyne,15,12.2,182.4,51.0,3.4,16.0,40.0,40,8.0,23.0,34.8,11.0,16.0,68.8,8.0,9.0,17.0,14.0,14.0,2.0,20.0,27.0,56.7,16.2,14.6,4.0,4.9,0,51.0,3.4,14.6,2,1.0,3,0,33.3,3.0,2,-2.07,-6.6,4.53,2.1,3.8,16.0,7.0,43.8,1.0,1.0,100,23.0,8.0,34.8,9.0,7.0,0.0,4.0,4.0,23.0,5.0
Reading Rockets,M. Hassan-Taylor,15/5/7,M. Hassan-Taylor,15,1.4,21.4,0.0,0.0,0.0,6.0,0,0.0,5.0,0,0.0,0.0,0,0.0,3.0,3.0,2.0,0.0,0.0,2.0,0.0,7.7,19.1,0.0,5.0,7.4,10,10.0,0.7,24.8,0,0,0,0,0,0.0,0,-16.28,-15.64,-0.64,2.9,4.2,0.0,0.0,0,1.0,0.0,0,5.0,0.0,0,0.0,2.0,0.0,0.0,0.0,0.0,0.0
Derby Trailblazers,G. Pastor,5,G. Pastor,15,0.2,2.6,0.0,0.0,0.0,1.0,0,0.0,0.0,0,0.0,0.0,0,0.0,1.0,1.0,1.0,0.0,0.0,1.0,0.0,1.9,38.1,0.0,19.8,19.8,2,2.0,0.1,39.5,0,0,0,0,0,0.0,0,-24.08,-22.93,-1.16,3.0,3.9,1.0,0.0,0,0.0,0.0,0,0.0,0.0,0,0.0,1.0,0.0,0.0,0.0,0.0,0.0
Derby Trailblazers,M. Smith,9,M. Smith,14,24.1,336.8,208.0,14.9,79.0,157.0,50.3,4.0,10.0,40,46.0,75.0,61.3,20.0,44.0,64.0,17.0,16.0,0.0,21.0,23.0,183.4,28.3,32.0,2.6,9.8,7,215.0,15.4,33.0,23,4.6,19,9,50.1,24.0,5,-1.13,-3.33,2.2,3.1,3.3,61.0,37.0,60.7,86.0,38.0,44.2,10.0,4.0,40,5.0,7.0,1.0,8.0,30.0,54.0,31.0
Bristol Flyers II,G. Landolfi,7,G. Landolfi,14,18.0,252.5,110.0,7.9,41.0,99.0,41.4,13.0,38.0,34.2,15.0,20.0,75,4.0,22.0,26.0,21.0,10.0,0.0,17.0,22.0,116.0,22.8,21.7,4.1,5.1,2,112.0,8.0,22.1,0,0.0,3,0,0.0,4.0,2,-4.93,-4.98,0.05,2.1,2.2,44.0,21.0,47.7,17.0,7.0,41.2,38.0,13.0,34.2,7.0,6.0,0.0,4.0,7.0,24.0,15.0
Bristol Flyers II,W. Simba,6,W. Simba,14,11.9,166.0,16.0,1.1,6.0,29.0,20.7,2.0,16.0,12.5,2.0,8.0,25,7.0,20.0,27.0,7.0,6.0,0.0,16.0,10.0,39.9,11.9,4.8,2.1,8.1,0,16.0,1.1,4.8,0,0.0,1,0,0.0,1.0,1,-12.98,-12.15,-0.83,3.0,4.9,9.0,4.0,44.4,4.0,0.0,0,16.0,2.0,12.5,7.0,4.0,0.0,5.0,10.0,2.0,2.0
Reading Rockets,M. Daines,16,M. Daines,14,1.6,22.8,1.0,0.1,0.0,4.0,0,0.0,3.0,0,1.0,2.0,50,0.0,2.0,2.0,4.0,1.0,0.0,3.0,4.0,7.6,17.7,2.3,9.3,4.7,0,1.0,0.1,2.3,0,0,0,0,0,0.0,0,-11.5,-15.39,3.89,2.6,3.9,1.0,0.0,0,0.0,0.0,0,3.0,0.0,0,3.0,0.0,0.0,0.0,0.0,1.0,1.0
Worthing Thunder,C. Mcavoy-Smith,1,C. Mcavoy-Smith,14,0.4,5.1,0.0,0.0,0.0,0.0,0,0.0,0.0,0,0.0,0.0,0,0.0,0.0,0.0,0.0,0.0,0.0,0.0,1.0,0.0,0.0,0.0,0.0,0.0,0,0.0,0.0,0.0,0,0,0,0,0,0.0,0,-11.7,-13.01,1.32,3.0,4.2,0.0,0.0,0,0.0,0.0,0,0.0,0.0,0,0.0,0.0,0.0,0.0,0.0,0.0,0.0
Hemel Storm,J. Chater,8,J. Chater,14,0.8,11.4,0.0,0.0,0.0,3.0,0,0.0,0.0,0,0.0,0.0,0,0.0,1.0,1.0,0.0,1.0,0.0,1.0,3.0,3.8,16.5,0.0,0.0,4.3,0,0.0,0.0,0.0,0,0,0,0,0,0.0,0,-20.25,-20.49,0.25,2.9,4.4,3.0,0.0,0,0.0,0.0,0,0.0,0.0,0,1.0,0.0,0.0,0.0,0.0,0.0,0.0
London Cavaliers,D. Delsol-Lowry,12/21,D. Delsol-Lowry,13,21.3,277.1,108.0,8.3,39.0,77.0,50.6,5.0,17.0,29.4,25.0,34.0,73.5,10.0,35.0,45.0,44.0,16.0,3.0,19.0,9.0,96.9,18.2,20.3,8.3,8.5,8,116.0,8.9,21.8,0,0.0,2,0,0.0,2.0,2,4.62,-0.42,5.04,1.9,2.0,47.0,28.0,59.6,13.0,6.0,46.2,17.0,5.0,29.4,9.0,9.0,0.0,1.0,9.0,34.0,21.0
Loughborough Riders,B. Woog,10/20/7,B. Woog,13,14.1,183.0,52.0,4.0,21.0,35.0,60,0.0,0.0,0,10.0,25.0,40,27.0,26.0,53.0,16.0,4.0,0.0,18.0,25.0,35.5,9.8,14.3,4.4,14.6,5,57.0,4.4,15.7,6,2.0,3,6,53.2,7.6,3,-4.05,-6.53,2.48,4.0,3.6,34.0,20.0,58.8,1.0,1.0,100,0.0,0.0,0,6.0,6.0,0.0,6.0,20.0,11.0,9.0
Bristol Hurricanes,J. Oyewole,29/5,J. Oyewole,13,4.0,52.5,14.0,1.1,5.0,22.0,22.7,2.0,15.0,13.3,2.0,6.0,33.3,1.0,5.0,6.0,0.0,1.0,1.0,3.0,6.0,25.6,25.4,13.9,0.0,6.0,0,14.0,1.1,13.9,0,0,0,0,0,0.0,0,-15.53,-14.08,-1.45,3.5,5.0,5.0,2.0,40,2.0,1.0,50,15.0,2.0,13.3,1.0,2.0,0.0,0.0,3.0,6.0,0.0
Bristol Flyers II,E. Ekwegh,13/14/6/7/8/9,E. Ekwegh,12,19.9,238.6,131.0,10.9,45.0,129.0,34.9,16.0,58.0,27.6,25.0,38.0,65.8,7.0,37.0,44.0,20.0,8.0,0.0,35.0,26.0,166.8,34.7,27.3,4.2,9.2,7,138.0,11.5,28.8,5,2.5,7,4,28.5,9.8,2,-8.23,-7.13,-1.1,3.0,2.1,43.0,18.0,41.9,28.0,11.0,39.3,58.0,16.0,27.6,16.0,16.0,0.0,3.0,15.0,48.0,27.0
Bristol Hurricanes,J. Dang-Akodo,23,J. Dang-Akodo,12,25.3,303.4,128.0,10.7,41.0,115.0,35.7,31.0,91.0,34.1,15.0,21.0,71.4,1.0,29.0,30.0,22.0,18.0,0.0,15.0,16.0,132.7,22.8,22.0,3.8,5.2,0,128.0,10.7,22.0,8,1.6,11,4,31.3,12.8,5,0.14,-3.06,3.21,2.1,3.1,15.0,8.0,53.3,9.0,2.0,22.2,91.0,31.0,34.1,5.0,3.0,0.0,7.0,11.0,32.0,24.0
Essex Rebels,B. Winter,5,B. Winter,12,24.9,299.3,87.0,7.2,29.0,74.0,39.2,12.0,36.0,33.3,17.0,21.0,81,15.0,43.0,58.0,33.0,17.0,0.0,13.0,20.0,78.0,13.1,14.6,5.5,9.7,6,93.0,7.8,15.6,0,0.0,1,0,0.0,1.0,1,0.5,-3.92,4.42,2.8,3.3,34.0,16.0,47.1,4.0,1.0,25,36.0,12.0,33.3,7.0,4.0,0.0,2.0,18.0,38.0,26.0
Yorkshire Dragons,B. Tew,14/20,B. Tew,12,6.2,74.9,22.0,1.8,9.0,19.0,47.4,0.0,0.0,0,4.0,7.0,57.1,8.0,10.0,18.0,2.0,3.0,3.0,8.0,27.0,21.2,14.1,14.7,1.3,12.0,0,22.0,1.8,14.7,0,0.0,1,0,0.0,1.0,1,-9.61,-13.55,3.94,4.6,4.4,17.0,9.0,52.9,2.0,0.0,0,0.0,0.0,0,4.0,1.0,0.0,3.0,6.0,10.0,7.0
Yorkshire Dragons,E. Brownell,2,E. Brownell,12,4.7,56.6,12.0,1.0,4.0,19.0,21.1,2.0,13.0,15.4,2.0,4.0,50,2.0,1.0,3.0,3.0,1.0,0.0,4.0,4.0,21.8,19.2,10.6,2.6,2.6,0,12.0,1.0,10.6,0,0.0,2,0,0.0,2.0,1,-11.87,-10.74,-1.13,2.6,4.6,5.0,2.0,40,1.0,0.0,0,13.0,2.0,15.4,3.0,0.0,1.0,0.0,0.0,0.0,0.0
Derby Trailblazers,W. Tallon,23,W. Tallon,12,1.1,12.8,0.0,0.0,0.0,3.0,0,0.0,2.0,0,0.0,0.0,0,0.0,2.0,2.0,2.0,0.0,1.0,2.0,0.0,4.8,19.6,0.0,8.1,8.1,0,0.0,0.0,0.0,0,0,0,0,0,0.0,0,-13.31,-14.5,1.19,3.3,4.0,1.0,0.0,0,0.0,0.0,0,2.0,0.0,0,2.0,0.0,0.0,0.0,0.0,0.0,0.0
Loughborough Riders,P. Karras,15,P. Karras,11,11.4,125.0,36.0,3.3,14.0,37.0,37.8,2.0,15.0,13.3,6.0,9.0,66.7,4.0,19.0,23.0,7.0,4.0,4.0,10.0,15.0,45.1,18.2,14.5,2.8,9.3,0,36.0,3.3,14.5,9,3.0,4,5,72.6,6.2,3,-5.95,-9.47,3.52,3.8,4.4,19.0,11.0,57.9,3.0,1.0,33.3,15.0,2.0,13.3,4.0,4.0,0.0,2.0,0.0,12.0,10.0
Bristol Flyers II,Z. Riabi,12/13/14/15/7,Z. Riabi,11,6.2,67.8,18.0,1.6,6.0,26.0,23.1,5.0,22.0,22.7,1.0,2.0,50,0.0,0.0,0.0,2.0,2.0,0.0,2.0,5.0,27.7,20.3,13.2,1.5,0.0,8,26.0,2.4,19.1,0,0,0,0,0,0.0,0,-11.53,-9.08,-2.44,2.2,4.6,2.0,1.0,50,2.0,0.0,0,22.0,5.0,22.7,0.0,1.0,0.0,1.0,0.0,5.0,4.0
Newcastle Knights,R. Reed,6,R. Reed,11,5.2,56.9,3.0,0.3,1.0,11.0,9.1,1.0,9.0,11.1,0.0,0.0,0,6.0,11.0,17.0,7.0,0.0,1.0,3.0,6.0,7.7,6.7,2.6,6.1,14.8,0,3.0,0.3,2.6,0,0,0,0,0,0.0,0,-7.34,-7.69,0.35,4.0,4.2,2.0,0.0,0,0.0,0.0,0,9.0,1.0,11.1,1.0,0.0,0.0,2.0,0.0,0.0,0.0
Hemel Storm,T. Johnson,12,T. Johnson,10,30.5,304.7,207.0,20.7,75.0,147.0,51,8.0,44.0,18.2,49.0,55.0,89.1,9.0,58.0,67.0,36.0,17.0,2.0,33.0,30.0,187.4,30.2,33.2,5.8,10.8,7,214.0,21.4,34.4,6,6.0,5,2,51.0,6.9,1,2.17,-1.45,3.62,3.1,2.3,77.0,58.0,75.3,26.0,9.0,34.6,44.0,8.0,18.2,8.0,19.0,0.0,6.0,23.0,88.0,49.0
Nottingham Hoods,A. Adedo,0/12,A. Adedo,10,21.2,211.8,119.0,11.9,51.0,81.0,63,7.0,16.0,43.8,10.0,12.0,83.3,22.0,35.0,57.0,10.0,8.0,4.0,10.0,14.0,71.3,17.0,28.3,2.4,13.6,3,122.0,12.2,29.0,2,2.0,2,0,50.0,2.0,1,6.05,1.36,4.69,4.5,2.6,60.0,41.0,68.3,5.0,3.0,60,16.0,7.0,43.8,2.0,7.0,0.0,1.0,41.0,14.0,34.0
Yorkshire Dragons,J. Mielke,5,J. Mielke,10,29.5,294.6,88.0,8.8,32.0,82.0,39,14.0,58.0,24.1,10.0,12.0,83.3,13.0,47.0,60.0,7.0,3.0,2.0,3.0,14.0,74.2,12.5,14.9,1.2,10.2,5,93.0,9.3,15.7,7,1.8,6,5,42.7,8.2,4,-1.59,-3.61,2.02,3.8,4.6,17.0,13.0,76.5,7.0,5.0,71.4,58.0,14.0,24.1,2.0,1.0,0.0,0.0,23.0,22.0,13.0
Bristol Flyers II,A. Dyer,9,A. Dyer,10,10.5,105.2,21.0,2.1,8.0,21.0,38.1,3.0,10.0,30,2.0,9.0,22.2,7.0,6.0,13.0,6.0,1.0,1.0,11.0,10.0,27.8,13.1,9.9,2.8,6.1,0,21.0,2.1,9.9,0,0,0,0,0,0.0,0,-11.89,-10.06,-1.83,3.3,4.0,7.0,4.0,57.1,4.0,1.0,25,10.0,3.0,30,4.0,4.0,0.0,3.0,4.0,5.0,2.0
Nottingham Hoods,T. Bonsu,0/13/14/2/25,T. Bonsu,10,0.8,7.7,4.0,0.4,2.0,3.0,66.7,0.0,1.0,0,0.0,0.0,0,0.0,1.0,1.0,0.0,0.0,0.0,1.0,0.0,3.8,25.2,26.2,0.0,6.5,3,7.0,0.7,45.8,0,0,0,0,0,0.0,0,-5.09,-6.55,1.46,3.1,3.9,2.0,2.0,100,0.0,0.0,0,1.0,0.0,0,1.0,0.0,0.0,0.0,2.0,0.0,0.0
Newcastle Knights,H. Abdul,3,H. Abdul,9,35.6,320.1,183.0,20.3,55.0,115.0,47.8,28.0,75.0,37.3,45.0,58.0,77.6,7.0,44.0,51.0,14.0,6.0,4.0,20.0,22.0,147.4,22.8,28.4,2.2,7.9,2,185.0,20.6,28.7,41,8.2,25,6,74.2,30.6,5,1.01,-0.26,1.28,3.6,3.0,28.0,21.0,75,12.0,6.0,50,75.0,28.0,37.3,5.0,13.0,0.0,2.0,18.0,54.0,47.0
Bristol Flyers II,M. Dinnall,5,M. Dinnall,9,11.9,107.3,35.0,3.9,15.0,40.0,37.5,2.0,12.0,16.7,3.0,6.0,50,3.0,5.0,8.0,12.0,5.0,0.0,27.0,8.0,64.0,29.6,16.2,5.6,3.7,0,35.0,3.9,16.2,0,0,0,0,0,0.0,0,-16.43,-12.95,-3.47,1.8,3.0,15.0,7.0,46.7,13.0,6.0,46.2,12.0,2.0,16.7,16.0,7.0,0.0,4.0,3.0,7.0,7.0
Worthing Thunder,T. Mcindoe,23,T. Mcindoe,9,7.5,67.3,17.0,1.9,7.0,15.0,46.7,1.0,2.0,50,2.0,2.0,100,15.0,16.0,31.0,5.0,1.0,0.0,4.0,10.0,4.7,3.4,12.3,3.6,22.4,0,17.0,1.9,12.3,0,0,0,0,0,0.0,0,-2.64,-4.17,1.52,4.8,3.8,10.0,3.0,30,3.0,3.0,100,2.0,1.0,50,1.0,0.0,0.0,3.0,11.0,0.0,2.0
Hemel Storm,S. Lewis,12/24,S. Lewis,9,2.4,21.6,9.0,1.0,4.0,9.0,44.4,0.0,2.0,0,1.0,1.0,100,1.0,3.0,4.0,2.0,1.0,0.0,1.0,1.0,9.1,20.6,20.4,4.5,9.1,7,16.0,1.8,36.3,0,0,0,0,0,0.0,0,-2.23,-4.04,1.81,2.9,4.1,4.0,3.0,75,3.0,1.0,33.3,2.0,0.0,0,0.0,0.0,0.0,1.0,0.0,0.0,0.0
Nottingham Hoods,C. Ross,10/3/9,C. Ross,9,3.0,27.0,2.0,0.2,1.0,3.0,33.3,0.0,1.0,0,0.0,0.0,0,3.0,2.0,5.0,0.0,1.0,0.0,2.0,5.0,1.9,3.6,3.7,0.0,9.3,3,5.0,0.6,9.3,0,0,0,0,0,0.0,0,-9.07,-11.56,2.49,3.3,4.7,2.0,1.0,50,0.0,0.0,0,1.0,0.0,0,1.0,1.0,0.0,0.0,2.0,0.0,0.0
Yorkshire Dragons,J. Jefferson,4,J. Jefferson,8,35.8,286.6,187.0,23.4,70.0,143.0,49,15.0,51.0,29.4,32.0,43.0,74.4,9.0,28.0,37.0,29.0,19.0,2.0,15.0,24.0,161.2,27.9,32.6,5.0,6.4,13,200.0,25.0,34.8,25,5.0,18,13,52.7,25.7,5,5.69,0.67,5.03,2.3,1.9,59.0,34.0,57.6,33.0,21.0,63.6,51.0,15.0,29.4,2.0,7.0,0.0,6.0,30.0,47.0,37.0
Loughborough Riders,L. Ehiorobo,10/12/15/21,L. Ehiorobo,8,15.4,123.4,39.0,4.9,15.0,20.0,75,0.0,0.0,0,9.0,20.0,45,15.0,36.0,51.0,3.0,0.0,10.0,14.0,13.0,26.7,10.9,15.9,1.2,20.8,6,45.0,5.6,18.4,0,0,0,0,0,0.0,0,-2.47,-6.48,4.01,5.0,3.8,20.0,15.0,75,0.0,0.0,0,0.0,0.0,0,5.0,4.0,0.0,5.0,13.0,14.0,14.0
Essex Rebels,I. Temilola,15,I. Temilola,8,9.0,72.1,29.0,3.6,14.0,29.0,48.3,0.0,0.0,0,1.0,6.0,16.7,9.0,15.0,24.0,2.0,2.0,8.0,9.0,10.0,30.4,21.2,20.2,1.4,16.7,0,29.0,3.6,20.2,0,0,0,0,0,0.0,0,-6.21,-9.69,3.48,5.0,4.3,28.0,14.0,50,1.0,0.0,0,0.0,0.0,0,1.0,8.0,0.0,0.0,10.0,4.0,8.0
Derby Trailblazers,J. Lemon,6/9,J. Lemon,8,0.6,4.4,2.0,0.2,1.0,2.0,50,0.0,1.0,0,0.0,0.0,0,0.0,0.0,0.0,1.0,0.0,0.0,0.0,0.0,1.9,22.6,23.4,11.7,0.0,14,16.0,2.0,187.4,0,0,0,0,0,0.0,0,2.32,0.07,2.25,2.8,3.8,0.0,0.0,0,1.0,1.0,100,1.0,0.0,0,0.0,0.0,0.0,0.0,2.0,0.0,0.0
Nottingham Hoods,M. Sokoli,0/2,M. Sokoli,6,25.5,153.2,64.0,10.7,24.0,61.0,39.3,4.0,17.0,23.5,12.0,18.0,66.7,15.0,40.0,55.0,8.0,6.0,7.0,16.0,16.0,67.1,22.2,21.1,2.6,18.1,3,67.0,11.2,22.0,2,1.0,2,2,34.7,4.9,2,-3.12,-7.05,3.93,5.0,4.3,37.0,18.0,48.6,7.0,2.0,28.6,17.0,4.0,23.5,4.0,6.0,0.0,6.0,18.0,17.0,17.0
Loughborough Riders,M. Gordon,22,M. Gordon,6,27.6,165.8,44.0,7.3,19.0,48.0,39.6,5.0,19.0,26.3,1.0,5.0,20,8.0,29.0,37.0,11.0,2.0,3.0,9.0,21.0,49.2,15.0,13.4,3.3,11.3,5,49.0,8.2,14.9,7,1.8,7,3,42.1,12.3,4,-5.31,-8.07,2.76,4.1,4.4,25.0,13.0,52,4.0,1.0,25,19.0,5.0,26.3,4.0,2.0,0.0,3.0,9.0,4.0,4.0
Reading Rockets,L. Champion,7,L. Champion,6,16.1,96.4,42.0,7.0,13.0,32.0,40.6,4.0,16.0,25,12.0,15.0,80,2.0,3.0,5.0,19.0,4.0,0.0,11.0,6.0,45.7,25.2,23.1,10.5,2.8,2,44.0,7.3,24.2,0,0.0,1,0,0.0,2.0,1,1.6,-2.01,3.61,1.6,2.6,14.0,9.0,64.3,2.0,0.0,0,16.0,4.0,25,6.0,3.0,0.0,2.0,6.0,11.0,11.0
Nottingham Hoods,J. Griffith,15,J. Griffith,6,15.4,92.5,32.0,5.3,9.0,24.0,37.5,0.0,1.0,0,14.0,19.0,73.7,9.0,12.0,21.0,4.0,3.0,3.0,10.0,20.0,32.0,17.5,17.5,2.2,11.5,0,32.0,5.3,17.5,0,0,0,0,0,0.0,0,-7.08,-10.8,3.72,4.5,4.3,18.0,9.0,50,5.0,0.0,0,1.0,0.0,0,0.0,4.0,1.0,5.0,6.0,7.0,8.0
Bristol Hurricanes,H. Bligen,33,H. Bligen,6,15.5,93.1,17.0,2.8,7.0,17.0,41.2,1.0,1.0,100,2.0,6.0,33.3,4.0,5.0,9.0,2.0,4.0,1.0,6.0,10.0,20.8,11.6,9.5,1.1,5.0,0,17.0,2.8,9.5,2,1.0,2,0,50.0,2.0,2,-7.66,-9.96,2.29,3.0,4.7,13.0,5.0,38.5,3.0,1.0,33.3,1.0,1.0,100,2.0,2.0,0.0,2.0,6.0,6.0,9.0
Bristol Hurricanes,J. Claar,24,J. Claar,5,33.3,166.7,102.0,20.4,46.0,98.0,46.9,5.0,27.0,18.5,5.0,11.0,45.5,20.0,29.0,49.0,10.0,2.0,3.0,12.0,10.0,91.0,28.4,31.9,3.1,15.3,0,102.0,20.4,31.9,6,6.0,3,2,77.3,3.9,1,-0.73,-1.51,0.78,4.6,2.8,52.0,33.0,63.5,19.0,8.0,42.1,27.0,5.0,18.5,5.0,4.0,0.0,3.0,27.0,24.0,17.0
Bristol Hurricanes,C. Tucker,3,C. Tucker,5,4.7,23.6,14.0,2.8,5.0,8.0,62.5,1.0,2.0,50,3.0,3.0,100,2.0,2.0,4.0,1.0,3.0,0.0,3.0,1.0,9.9,21.8,30.9,2.2,8.8,0,14.0,2.8,30.9,0,0,0,0,0,0.0,0,8.46,0.97,7.48,2.7,3.0,5.0,3.0,60,1.0,1.0,100,2.0,1.0,50,1.0,0.0,0.0,2.0,0.0,9.0,4.0
Nottingham Hoods,S. Perry,11,S. Perry,5,3.2,16.0,10.0,2.0,4.0,7.0,57.1,0.0,1.0,0,2.0,4.0,50,2.0,0.0,2.0,1.0,0.0,0.0,2.0,2.0,8.4,26.6,31.5,3.1,6.3,0,10.0,2.0,31.5,0,0,0,0,0,0.0,0,-4.94,-5.05,0.11,3.0,3.7,4.0,4.0,100,2.0,0.0,0,1.0,0.0,0,1.0,0.0,0.0,1.0,4.0,2.0,0.0
Nottingham Hoods,A. Thomson,11/21,A. Thomson,5,7.8,39.2,5.0,1.0,2.0,8.0,25,0.0,0.0,0,1.0,2.0,50,3.0,6.0,9.0,1.0,1.0,2.0,1.0,3.0,6.6,8.5,6.4,1.3,11.6,3,8.0,1.6,10.3,0,0,0,0,0,0.0,0,-4.88,-8.26,3.38,4.2,4.7,5.0,2.0,40,3.0,0.0,0,0.0,0.0,0,1.0,0.0,0.0,0.0,4.0,0.0,1.0
Yorkshire Dragons,S. Mamuini,6,S. Mamuini,5,1.4,7.2,0.0,0.0,0.0,3.0,0,0.0,2.0,0,0.0,0.0,0,1.0,1.0,2.0,1.0,0.0,0.0,2.0,2.0,3.8,26.7,0.0,7.0,14.0,0,0.0,0.0,0.0,0,0,0,0,0,0.0,0,-32.33,-27.22,-5.11,3.2,4.0,0.0,0.0,0,1.0,0.0,0,2.0,0.0,0,0.0,1.0,0.0,1.0,0.0,0.0,0.0
Derby Trailblazers,E. Oliver,6,E. Oliver,4,31.0,124.0,100.0,25.0,33.0,62.0,53.2,16.0,26.0,61.5,18.0,24.0,75,6.0,8.0,14.0,11.0,7.0,0.0,14.0,10.0,77.3,32.4,41.7,4.6,5.8,7,107.0,26.8,44.6,19,4.8,15,6,53.9,19.6,4,7.69,4.3,3.4,2.3,1.4,28.0,16.0,57.1,8.0,1.0,12.5,26.0,16.0,61.5,8.0,2.0,0.0,4.0,13.0,39.0,21.0
Loughborough Riders,M. Wallace,22,M. Wallace,4,23.9,95.7,47.0,11.8,17.0,36.0,47.2,9.0,15.0,60,4.0,6.0,66.7,2.0,29.0,31.0,8.0,2.0,5.0,12.0,7.0,46.7,24.6,24.8,4.2,16.3,5,52.0,13.0,27.4,0,0,0,0,0,0.0,0,2.32,-3.23,5.54,4.9,2.8,20.0,8.0,40,1.0,0.0,0,15.0,9.0,60,6.0,5.0,0.0,1.0,8.0,11.0,7.0
Newcastle Knights,R. Graham-Bell,14,R. Graham-Bell,4,14.1,56.5,24.0,6.0,10.0,24.0,41.7,1.0,2.0,50,3.0,4.0,75,9.0,6.0,15.0,3.0,6.0,2.0,5.0,6.0,20.9,18.3,21.1,2.6,13.2,0,24.0,6.0,21.1,0,0,0,0,0,0.0,0,-0.7,-3.79,3.09,3.8,4.3,15.0,8.0,53.3,7.0,1.0,14.3,2.0,1.0,50,3.0,2.0,0.0,0.0,6.0,0.0,2.0
Nottingham Hoods,K. Bartholomew,25/4,K. Bartholomew,4,4.2,16.9,5.0,1.2,2.0,6.0,33.3,0.0,3.0,0,1.0,2.0,50,1.0,1.0,2.0,3.0,2.0,0.0,2.0,1.0,7.6,22.6,14.9,8.9,5.9,3,8.0,2.0,23.8,0,0,0,0,0,0.0,0,-1.27,-7.39,6.12,2.5,3.9,2.0,2.0,100,1.0,0.0,0,3.0,0.0,0,1.0,1.0,0.0,0.0,1.0,4.0,2.0
Reading Rockets,L. Bakary,11/13/15/7,L. Bakary,4,1.0,4.0,2.0,0.5,1.0,2.0,50,0.0,0.0,0,0.0,0.0,0,2.0,1.0,3.0,0.0,0.0,0.0,0.0,0.0,0.0,0.0,26.4,0.0,39.6,2,4.0,1.0,52.8,0,0,0,0,0,0.0,0,7.75,9.0,-1.25,3.4,4.1,2.0,1.0,50,0.0,0.0,0,0.0,0.0,0,0.0,0.0,0.0,0.0,2.0,0.0,0.0
Reading Rockets,N. Dent,13,N. Dent,4,2.0,8.2,0.0,0.0,0.0,1.0,0,0.0,0.0,0,0.0,0.0,0,1.0,1.0,2.0,0.0,1.0,1.0,1.0,0.0,1.0,6.3,0.0,0.0,13.0,0,0.0,0.0,0.0,0,0,0,0,0,0.0,0,1.31,-7.71,9.02,3.4,4.3,1.0,0.0,0,0.0,0.0,0,0.0,0.0,0,0.0,1.0,0.0,0.0,0.0,0.0,0.0
Loughborough Riders,V. Ndukou,21/7,V. Ndukou,3,30.6,91.8,50.0,16.7,13.0,30.0,43.3,5.0,17.0,29.4,19.0,25.0,76,1.0,11.0,12.0,6.0,1.0,2.0,7.0,5.0,45.1,24.8,27.5,3.3,6.6,8,58.0,19.3,31.9,0,0,0,0,0,0.0,0,0.17,-2.67,2.84,3.3,2.8,8.0,6.0,75,5.0,2.0,40,17.0,5.0,29.4,2.0,3.0,0.0,2.0,0.0,15.0,6.0
Derby Trailblazers,H. Beverley Jr,5,H. Beverley Jr,3,27.1,81.2,38.0,12.7,16.0,39.0,41,0.0,8.0,0,6.0,7.0,85.7,2.0,5.0,7.0,8.0,3.0,1.0,5.0,6.0,43.3,27.7,24.2,5.1,4.5,2,40.0,13.3,25.5,5,2.5,5,2,42.5,5.9,2,-5.63,-6.99,1.35,2.6,4.1,25.0,15.0,60,6.0,1.0,16.7,8.0,0.0,0,2.0,2.0,0.0,1.0,5.0,16.0,8.0
Reading Rockets,Z. Poorman,6,Z. Poorman,3,30.3,91.0,27.0,9.0,11.0,22.0,50,0.0,1.0,0,5.0,8.0,62.5,5.0,13.0,18.0,14.0,5.0,1.0,8.0,12.0,27.4,16.0,15.7,8.2,10.5,16,43.0,14.3,25.1,0,0.0,1,0,0.0,1.0,1,2.24,-5.2,7.44,2.9,3.4,21.0,11.0,52.4,0.0,0.0,0,1.0,0.0,0,5.0,1.0,0.0,2.0,8.0,4.0,5.0
Milton Keynes Breakers,C. Tawiah,25,C. Tawiah,3,9.9,29.8,15.0,5.0,5.0,9.0,55.6,0.0,0.0,0,5.0,6.0,83.3,5.0,8.0,13.0,2.0,0.0,1.0,2.0,3.0,8.3,14.4,26.1,3.5,22.7,0,15.0,5.0,26.1,0,0,0,0,0,0.0,0,3.94,-0.66,4.59,4.4,3.5,5.0,3.0,60,4.0,2.0,50,0.0,0.0,0,1.0,1.0,0.0,0.0,6.0,1.0,5.0
London Cavaliers,K. Panchal-Bedward,5/7,K. Panchal-Bedward,3,1.8,5.5,2.0,0.7,1.0,3.0,33.3,0.0,0.0,0,0.0,0.0,0,2.0,1.0,3.0,1.0,0.0,0.0,0.0,0.0,1.0,9.2,19.1,9.6,28.7,2,4.0,1.3,38.3,0,0,0,0,0,0.0,0,3.79,4.88,-1.09,3.2,3.9,2.0,1.0,50,1.0,0.0,0,0.0,0.0,0,0.0,0.0,0.0,0.0,0.0,2.0,0.0
Birmingham Rockets,A. Bonnick,10,A. Bonnick,3,1.5,4.5,0.0,0.0,0.0,2.0,0,0.0,1.0,0,0.0,0.0,0,0.0,3.0,3.0,1.0,0.0,0.0,0.0,1.0,1.9,21.5,0.0,11.2,33.5,0,0.0,0.0,0.0,0,0,0,0,0,0.0,0,-13.55,-18.41,4.87,3.3,3.9,0.0,0.0,0,1.0,0.0,0,1.0,0.0,0,0.0,0.0,0.0,0.0,0.0,0.0,0.0
Bristol Flyers II,R. Bawden,9,R. Bawden,3,5.0,14.9,0.0,0.0,0.0,3.0,0,0.0,2.0,0,0.0,0.0,0,0.0,2.0,2.0,1.0,0.0,0.0,0.0,0.0,2.9,9.6,0.0,3.3,6.7,0,0.0,0.0,0.0,0,0,0,0,0,0.0,0,-14.37,-11.84,-2.53,3.0,4.2,1.0,0.0,0,0.0,0.0,0,2.0,0.0,0,0.0,0.0,0.0,0.0,0.0,0.0,0.0
Essex Rebels,C. Briggs,4,C. Briggs,2,10.1,20.2,24.0,12.0,9.0,17.0,52.9,3.0,8.0,37.5,3.0,5.0,60,2.0,5.0,7.0,1.0,5.0,1.0,2.0,2.0,18.4,46.0,59.7,2.5,17.4,0,24.0,12.0,59.7,0,0,0,0,0,0.0,0,27.18,12.1,15.08,3.2,2.5,5.0,3.0,60,4.0,3.0,75,8.0,3.0,37.5,0.0,1.0,0.0,1.0,6.0,5.0,8.0
Loughborough Riders,V. Ndoukou,21/7,V. Ndoukou,2,29.3,58.7,24.0,12.0,5.0,18.0,27.8,4.0,12.0,33.3,10.0,12.0,83.3,3.0,18.0,21.0,3.0,1.0,2.0,3.0,4.0,22.3,19.2,20.6,2.6,18.0,8,32.0,16.0,27.5,0,0.0,1,0,0.0,1.0,1,0.33,-3.18,3.51,4.6,3.9,2.0,1.0,50,4.0,0.0,0,12.0,4.0,33.3,0.0,2.0,0.0,1.0,4.0,4.0,3.0
Reading Rockets,M. Allman,5,M. Allman,2,19.3,38.6,9.0,4.5,2.0,6.0,33.3,1.0,5.0,20,4.0,4.0,100,2.0,11.0,13.0,2.0,2.0,2.0,0.0,2.0,5.5,7.6,12.4,2.7,17.9,8,17.0,8.5,23.4,2,2.0,1,2,53.2,1.9,1,8.41,-0.34,8.75,4.2,4.2,1.0,1.0,100,0.0,0.0,0,5.0,1.0,20,0.0,0.0,0.0,0.0,4.0,2.0,2.0
Bristol Flyers II,K. Tadros,14,K. Tadros,2,11.7,23.4,6.0,3.0,3.0,11.0,27.3,0.0,4.0,0,0.0,0.0,0,1.0,4.0,5.0,0.0,0.0,0.0,2.0,7.0,11.5,24.4,12.7,0.0,10.6,0,6.0,3.0,12.7,0,0,0,0,0,0.0,0,-23.23,-19.45,-3.78,3.6,4.6,6.0,2.0,33.3,1.0,1.0,100,4.0,0.0,0,0.0,1.0,0.0,1.0,2.0,0.0,2.0
Essex Rebels,W. White,24,W. White,2,16.1,32.2,6.0,3.0,2.0,8.0,25,2.0,8.0,25,0.0,0.0,0,1.0,1.0,2.0,2.0,1.0,0.0,1.0,5.0,7.7,12.0,9.4,3.1,3.1,0,6.0,3.0,9.4,0,0,0,0,0,0.0,0,-7.4,-8.96,1.56,2.7,4.4,0.0,0.0,0,0.0,0.0,0,8.0,2.0,25,0.0,0.0,0.0,1.0,0.0,0.0,0.0
Yorkshire Dragons,J. Colon,11,J. Colon,2,6.3,12.6,3.0,1.5,1.0,5.0,20,0.0,2.0,0,1.0,2.0,50,0.0,3.0,3.0,1.0,0.0,0.0,0.0,0.0,5.6,22.2,11.9,4.0,11.9,0,3.0,1.5,11.9,0,0,0,0,0,0.0,0,-9.79,-9.67,-0.12,3.1,4.2,3.0,1.0,33.3,0.0,0.0,0,2.0,0.0,0,0.0,0.0,0.0,0.0,0.0,3.0,0.0
Newcastle Knights,M. Felletti-O'donnell,9,M. Felletti-O'donnell,2,5.6,11.1,3.0,1.5,1.0,5.0,20,1.0,5.0,20,0.0,0.0,0,0.0,1.0,1.0,0.0,0.0,0.0,0.0,2.0,4.8,21.4,13.4,0.0,4.5,2,5.0,2.5,22.3,0,0,0,0,0,0.0,0,-15.37,-11.88,-3.49,3.1,4.4,0.0,0.0,0,0.0,0.0,0,5.0,1.0,20,0.0,0.0,0.0,0.0,0.0,0.0,3.0
Birmingham Rockets,F. Mughal,7,F. Mughal,2,11.0,22.1,2.0,1.0,1.0,6.0,16.7,0.0,2.0,0,0.0,0.0,0,1.0,0.0,1.0,1.0,0.0,0.0,0.0,1.0,4.8,10.9,4.5,2.3,2.3,0,2.0,1.0,4.5,0,0,0,0,0,0.0,0,-10.82,-10.79,-0.03,2.8,4.4,1.0,1.0,100,3.0,0.0,0,2.0,0.0,0,0.0,0.0,0.0,0.0,0.0,0.0,0.0
Bristol Flyers II,D. Rowaiye,11,D. Rowaiye,2,8.4,16.9,2.0,1.0,1.0,5.0,20,0.0,2.0,0,0.0,0.0,0,2.0,1.0,3.0,1.0,1.0,0.0,1.0,3.0,3.8,11.3,5.9,2.9,8.8,0,2.0,1.0,5.9,0,0,0,0,0,0.0,0,-13.47,-12.56,-0.9,3.0,4.2,3.0,1.0,33.3,0.0,0.0,0,2.0,0.0,0,1.0,0.0,0.0,0.0,2.0,0.0,2.0
Worthing Thunder,T. Dejesus,26,T. Dejesus,2,2.6,5.3,0.0,0.0,0.0,2.0,0,0.0,0.0,0,0.0,0.0,0,0.0,0.0,0.0,0.0,1.0,0.0,0.0,0.0,1.9,17.6,0.0,0.0,0.0,0,0.0,0.0,0.0,0,0,0,0,0,0.0,0,-10.72,-14.99,4.27,2.7,4.2,2.0,0.0,0,0.0,0.0,0,0.0,0.0,0,0.0,0.0,0.0,0.0,0.0,0.0,0.0
Reading Rockets,E. Harrington,7,E. Harrington,2,0.3,0.5,0.0,0.0,0.0,0.0,0,0.0,0.0,0,0.0,0.0,0,0.0,0.0,0.0,0.0,0.0,0.0,0.0,0.0,0.0,0.0,0.0,0.0,0.0,2,2.0,1.0,205.3,0,0,0,0,0,0.0,0,-4.31,-6.77,2.46,3.0,4.0,0.0,0.0,0,0.0,0.0,0,0.0,0.0,0,0.0,0.0,0.0,0.0,0.0,0.0,0.0
Milton Keynes Breakers,G. Noel,8,G. Noel,2,0.6,1.1,0.0,0.0,0.0,0.0,0,0.0,0.0,0,0.0,0.0,0,0.0,0.0,0.0,0.0,0.0,0.0,0.0,0.0,0.0,0.0,0.0,0.0,0.0,2,2.0,1.0,90.4,0,0,0,0,0,0.0,0,-5.79,-7.94,2.15,3.0,4.0,0.0,0.0,0,0.0,0.0,0,0.0,0.0,0,0.0,0.0,0.0,0.0,0.0,0.0,0.0
Milton Keynes Breakers,B. Morris,10,B. Morris,2,0.9,1.8,0.0,0.0,0.0,0.0,0,0.0,0.0,0,0.0,0.0,0,0.0,1.0,1.0,0.0,0.0,0.0,0.0,0.0,0.0,0.0,0.0,0.0,28.9,0,0.0,0.0,0.0,0,0,0,0,0,0.0,0,-1.38,-7.82,6.44,3.1,4.1,0.0,0.0,0,0.0,0.0,0,0.0,0.0,0,0.0,0.0,0.0,0.0,0.0,0.0,0.0
Milton Keynes Breakers,T. Rice,11,T. Rice,2,0.6,1.1,0.0,0.0,0.0,0.0,0,0.0,0.0,0,0.0,0.0,0,0.0,1.0,1.0,0.0,0.0,0.0,1.0,0.0,1.0,43.2,0.0,0.0,45.2,3,3.0,1.5,135.5,0,0,0,0,0,0.0,0,-42.49,-41.29,-1.2,3.2,4.0,0.0,0.0,0,0.0,0.0,0,0.0,0.0,0,1.0,0.0,0.0,0.0,0.0,0.0,0.0
Derby Trailblazers,H. Beverly,5,H. Beverly,1,34.3,34.3,20.0,20.0,8.0,20.0,40,2.0,6.0,33.3,2.0,3.0,66.7,1.0,4.0,5.0,4.0,1.0,0.0,6.0,3.0,25.3,38.3,30.2,6.0,7.5,2,22.0,22.0,33.2,0,0,0,0,0,0.0,0,-9.45,-8.99,-0.46,2.8,3.8,8.0,6.0,75,6.0,0.0,0,6.0,2.0,33.3,1.0,3.0,0.0,2.0,5.0,8.0,2.0
Yorkshire Dragons,C. Jonhson,9,C. Jonhson,1,35.1,35.1,18.0,18.0,5.0,12.0,41.7,3.0,6.0,50,5.0,7.0,71.4,0.0,1.0,1.0,2.0,0.0,0.0,2.0,3.0,16.4,23.2,25.6,2.8,1.4,9,27.0,27.0,38.4,0,0,0,0,0,0.0,0,-2.09,-2.92,0.83,2.6,3.5,5.0,2.0,40,1.0,0.0,0,6.0,3.0,50,0.0,2.0,0.0,0.0,0.0,0.0,0.0
Milton Keynes Breakers,T. C,8,T. C,1,19.6,19.6,13.0,13.0,5.0,8.0,62.5,1.0,4.0,25,2.0,4.0,50,0.0,3.0,3.0,2.0,2.0,0.0,1.0,1.0,10.3,27.3,34.5,5.3,8.0,2,15.0,15.0,39.8,0,0,0,0,0,0.0,0,11.54,1.65,9.88,2.7,3.2,1.0,1.0,100,3.0,3.0,100,4.0,1.0,25,0.0,1.0,0.0,0.0,7.0,0.0,2.0
Loughborough Riders,T. Akinsiku,36,T. Akinsiku,1,36.9,36.9,11.0,11.0,5.0,10.0,50,0.0,0.0,0,1.0,2.0,50,2.0,8.0,10.0,4.0,0.0,0.0,1.0,1.0,9.5,13.0,15.0,5.5,13.7,0,11.0,11.0,15.0,0,0,0,0,0,0.0,0,-0.86,-3.82,2.95,3.4,3.7,9.0,5.0,55.6,1.0,0.0,0,0.0,0.0,0,0.0,1.0,0.0,0.0,0.0,6.0,0.0
Nottingham Hoods,M. Salvery-Richards,14,M. Salvery-Richards,1,18.2,18.2,8.0,8.0,3.0,6.0,50,0.0,0.0,0,2.0,4.0,50,1.0,4.0,5.0,0.0,1.0,0.0,0.0,3.0,6.5,18.0,22.1,0.0,13.8,0,8.0,8.0,22.1,0,0,0,0,0,0.0,0,-1.77,-6.45,4.68,3.4,4.2,4.0,3.0,75,2.0,0.0,0,0.0,0.0,0,0.0,0.0,0.0,0.0,2.0,2.0,0.0
Nottingham Hoods,J. Griffiths,15,J. Griffiths,1,16.6,16.6,6.0,6.0,2.0,4.0,50,0.0,0.0,0,2.0,4.0,50,0.0,1.0,1.0,1.0,0.0,0.0,1.0,3.0,6.5,19.7,18.2,3.0,3.0,0,6.0,6.0,18.2,0,0,0,0,0,0.0,0,-8.25,-10.27,2.02,2.9,4.0,3.0,2.0,66.7,1.0,0.0,0,0.0,0.0,0,0.0,1.0,0.0,0.0,0.0,3.0,3.0
Bristol Flyers II,L. Dinnall,8,L. Dinnall,1,16.4,16.4,6.0,6.0,2.0,7.0,28.6,1.0,4.0,25,1.0,2.0,50,1.0,0.0,1.0,0.0,0.0,0.0,0.0,1.0,6.6,20.1,18.3,0.0,3.0,2,8.0,8.0,24.3,0,0,0,0,0,0.0,0,-10.29,-6.13,-4.16,3.0,4.2,1.0,0.0,0,2.0,1.0,50,4.0,1.0,25,0.0,0.0,0.0,0.0,0.0,1.0,0.0
Newcastle Knights,M. Mathews,8,M. Mathews,1,18.4,18.4,4.0,4.0,2.0,8.0,25,0.0,1.0,0,0.0,0.0,0,0.0,3.0,3.0,1.0,0.0,0.0,0.0,3.0,7.7,20.7,10.8,2.7,8.1,9,13.0,13.0,35.1,0,0,0,0,0,0.0,0,-15.59,-13.48,-2.11,3.2,4.3,5.0,2.0,40,2.0,0.0,0,1.0,0.0,0,0.0,0.0,0.0,0.0,2.0,0.0,0.0
Milton Keynes Breakers,M. New Jr,15,M. New Jr,1,24.8,24.8,3.0,3.0,1.0,3.0,33.3,1.0,2.0,50,0.0,0.0,0,0.0,5.0,5.0,0.0,0.0,0.0,0.0,1.0,2.9,6.0,6.3,0.0,10.5,11,14.0,14.0,29.3,3,3.0,1,0,150.0,1.0,1,-3.33,-6.83,3.51,3.3,4.6,1.0,0.0,0,0.0,0.0,0,2.0,1.0,50,0.0,0.0,0.0,0.0,0.0,0.0,0.0
London Cavaliers,D. Delsol Lowry,21,D. Delsol Lowry,1,11.9,11.9,3.0,3.0,1.0,3.0,33.3,0.0,0.0,0,1.0,2.0,50,0.0,3.0,3.0,3.0,0.0,0.0,3.0,2.0,6.6,29.0,13.2,13.2,13.2,3,6.0,6.0,26.4,0,0,0,0,0,0.0,0,-12.12,-14.53,2.41,2.9,3.6,3.0,1.0,33.3,0.0,0.0,0,0.0,0.0,0,0.0,2.0,0.0,1.0,2.0,0.0,0.0
Yorkshire Dragons,P. Tew,14,P. Tew,1,24.6,24.6,3.0,3.0,1.0,4.0,25,0.0,0.0,0,1.0,4.0,25,2.0,3.0,5.0,4.0,2.0,0.0,0.0,3.0,3.6,7.3,6.1,8.1,10.2,0,3.0,3.0,6.1,0,0.0,1,0,0.0,1.0,1,0.73,-5.43,6.16,2.7,3.8,4.0,1.0,25,0.0,0.0,0,0.0,0.0,0,0.0,0.0,0.0,0.0,0.0,0.0,2.0
Bristol Hurricanes,J. Dang-Okodo,23,J. Dang-Okodo,1,7.2,7.2,2.0,2.0,1.0,6.0,16.7,0.0,4.0,0,0.0,0.0,0,0.0,1.0,1.0,0.0,0.0,0.0,0.0,1.0,5.8,41.9,14.6,0.0,7.3,0,2.0,2.0,14.6,2,2.0,3,0,33.3,3.0,1,-29.7,-22.52,-7.18,3.1,4.3,1.0,1.0,100,1.0,0.0,0,4.0,0.0,0,0.0,0.0,0.0,0.0,0.0,0.0,0.0
Yorkshire Dragons,R. Sulcs,13,R. Sulcs,1,3.0,3.0,0.0,0.0,0.0,1.0,0,0.0,0.0,0,0.0,0.0,0,0.0,0.0,0.0,0.0,0.0,0.0,0.0,1.0,1.0,16.2,0.0,0.0,0.0,0,0.0,0.0,0.0,0,0,0,0,0,0.0,0,-26.2,-23.1,-3.1,3.0,4.1,1.0,0.0,0,0.0,0.0,0,0.0,0.0,0,0.0,0.0,0.0,0.0,0.0,0.0,0.0
Newcastle Knights,"M. Felletti-O""donnell",9,"M. Felletti-O""donnell",1,10.4,10.4,0.0,0.0,0.0,3.0,0,0.0,1.0,0,0.0,0.0,0,1.0,0.0,1.0,0.0,1.0,0.0,0.0,2.0,1.9,9.2,0.0,0.0,4.8,2,2.0,2.0,9.6,0,0,0,0,0,0.0,0,-14.95,-14.52,-0.43,2.9,4.3,2.0,0.0,0,0.0,0.0,0,1.0,0.0,0,0.0,0.0,0.0,0.0,0.0,0.0,0.0
Bristol Hurricanes,E. Ekwegh,8,E. Ekwegh,1,4.7,4.7,0.0,0.0,0.0,1.0,0,0.0,0.0,0,0.0,0.0,0,0.0,0.0,0.0,0.0,0.0,0.0,3.0,0.0,3.8,42.3,0.0,0.0,0.0,0,0.0,0.0,0.0,0,0,0,0,0,0.0,0,-48.58,-37.66,-10.91,2.9,4.2,1.0,0.0,0,0.0,0.0,0,0.0,0.0,0,3.0,0.0,0.0,0.0,0.0,0.0,0.0
Bristol Hurricanes,A. Pierce,00,A. Pierce,1,6.5,6.5,0.0,0.0,0.0,1.0,0,0.0,1.0,0,0.0,0.0,0,0.0,2.0,2.0,0.0,0.0,0.0,1.0,2.0,1.9,15.4,0.0,0.0,16.1,0,0.0,0.0,0.0,0,0,0,0,0,0.0,0,-25.55,-25.22,-0.33,3.3,4.2,0,0,0,0,0,0,0,0,0,0,0,0,0,0,0,0
Bristol Hurricanes,L. Davies,13,L. Davies,1,4.3,4.3,0.0,0.0,0.0,0.0,0,0.0,0.0,0,0.0,0.0,0,0.0,0.0,0.0,0.0,0.0,0.0,0.0,2.0,0.0,0.0,0.0,0.0,0.0,0,0.0,0.0,0.0,0,0,0,0,0,0.0,0,-17.51,-19.45,1.94,3.0,4.2,0.0,0.0,0,0.0,0.0,0,0.0,0.0,0,0.0,0.0,0.0,0.0,0.0,0.0,0.0
Bristol Hurricanes,H. Whysall,44,H. Whysall,1,4.0,4.0,0.0,0.0,0.0,0.0,0,0.0,0.0,0,0.0,0.0,0,0.0,0.0,0.0,0.0,1.0,0.0,0.0,0.0,0.0,0.0,0.0,0.0,0.0,0,0.0,0.0,0.0,0,0,0,0,0,0.0,0,7.07,-5.92,12.99,2.7,4.1,0.0,0.0,0,0.0,0.0,0,0.0,0.0,0,0.0,0.0,0.0,0.0,0.0,0.0,0.0
