Team,Lineup,GAMES,TOTAL_TIME,VS_STARTERS_MIN,PTS,FGM,FGA,FG%,3PM,3PA,3P%,FTM,FTA,FT%,OREB,DREB,REB,AST,STL,BLK,TOV,PF,POSS,PACE,PACE_FOR,PACE_VS,APL_OFF,APL_DEF,OFF_eFG%,OFF_TS%,OFF_AST%,OFF_OREB%,OFF_DREB%,OFF_TOV%,OFF_FT_RATE,OFF_3PA_RATE,OFF_RTG,PTS_VS,FGM_VS,FGA_VS,FG%_VS,3PM_VS,3PA_VS,3P%_VS,FTM_VS,FTA_VS,FT%_VS,OREB_VS,DREB_VS,REB_VS,AST_VS,STL_VS,BLK_VS,TOV_VS,PF_VS,POSS_VS,DEF_eFG%,DEF_TS%,DEF_TOV%,DEF_OREB%_VS,DEF_3PA_RATE,DEF_RTG,RIM_ATT,RIM_MADE,RIM%,OTD_2PT_ATT,OTD_2PT_MADE,OTD_2PT%,OTD_3PT_ATT,OTD_3PT_MADE,OTD_3PT%,PASS_TO,DRIBBLE_TO,DEFENSE_TO,MISC_TO,NET_RTG,RIM_ATT_VS,RIM_MADE_VS,RIM%_VS,OTD_2PT_ATT_VS,OTD_2PT_MADE_VS,OTD_2PT%_VS,OTD_3PT_ATT_VS,OTD_3PT_MADE_VS,OTD_3PT%_VS,PASS_TO_VS,DRIBBLE_TO_VS,DEFENSE_TO_VS,MISC_TO_VS,2ND_CHANCE_PTS,FAST_BREAK_PTS,PTS_OFF_TOV,2ND_CHANCE_PTS_VS,FAST_BREAK_PTS_VS,PTS_OFF_TOV_VS
Den Helder Suns,"Bryan ANTOINE, Carter GILMORE, Drew STOVER, Reginald MESIDOR, Siem UIJTENDAAL",1,1069,12.3,27,11,34,32.4,2,13,15.4,3,4,75,6,7,13,6,1,1,5,9,34,75.8,76.4,75.2,31.4,31.9,35.3,37.8,54.5,27.3,58.3,10.7,11.8,38.2,79.3,50,18,32,56.2,2,7,28.6,12,13,92.3,5,16,21,16,1,1,2,6,33,59.4,66.3,5,41.7,21.9,149.4,2,2,100,19,7,36.8,0,0,0,1,3,0,1,-70.1,2,2,100,23,14,60.9,0,0,0,1,1,0,0,5,3,2,7,21,7
Hubo Limburg United,"Aubin GATERETSE, Jalen BLACKMON, Marijn VERVERS, Noah BAUMANN, Wout LEEMANS",1,912,12.3,42,18,30,60,1,6,16.7,5,6,83.3,5,13,18,17,3,1,5,3,32,82,83.7,80.3,28.7,29.9,61.7,64.3,94.4,45.5,72.2,9.2,20,20,132.1,27,11,29,37.9,4,12,33.3,1,2,50,5,6,11,6,4,0,6,4,31,44.8,45.2,16.7,27.8,41.4,88.4,2,2,100,22,15,68.2,0,0,0,4,1,0,0,43.6,1,1,100,16,6,37.5,0,0,0,3,2,0,1,5,20,8,3,8,4
Stella Artois Leuven Bears,"Guillaume DE MOL, Kelton TALFORD, Roel BUCUMI, Tytan ANDERSON, Wilson PRUITT",1,819,6.3,24,9,23,39.1,2,6,33.3,4,6,66.7,4,6,10,7,5,0,4,8,25,72.2,73.4,71,32.7,33.8,43.5,46.8,77.8,30.8,60,10.9,26.1,26.1,95.9,23,7,17,41.2,4,5,80,5,8,62.5,4,9,13,5,2,2,8,7,24,52.9,56,28.1,40,29.4,94.9,3,3,100,14,4,28.6,0,0,0,1,2,0,0,1,0,0,0,12,3,25,0,0,0,1,6,0,0,5,7,8,3,10,2
Okapi Aalst,"Dante Jr MADDOX, Eddie COLBERT III, Ivan MARAS, Niels VAN DEN EYNDE, Siebe LEDEGEN",1,743,5.0,33,13,18,72.2,2,4,50,5,5,100,2,10,12,6,0,1,5,7,23,76.9,74.5,79.4,32.2,30.2,77.8,81.7,46.2,40,66.7,16,27.8,22.2,143.1,27,9,26,34.6,3,11,27.3,6,6,100,5,3,8,7,3,0,2,5,25,40.4,47.1,6.5,33.3,42.3,109.9,1,1,100,13,10,76.9,0,0,0,0,4,0,1,33.2,0,0,0,15,6,40,0,0,0,0,1,0,1,2,11,0,6,5,4
Landstede Hammers,"Boyd VAN DER VUURST, Coen STOLK, Devin WHITFIELD, Jalen THOMAS, Troy Drake DOBBS",1,680,7.3,23,8,14,57.1,5,8,62.5,2,2,100,2,6,8,7,1,0,8,4,20,68.8,71.7,65.9,33.5,36.4,75,77.3,87.5,40,66.7,26.8,14.3,57.1,113.2,22,10,19,52.6,1,6,16.7,1,2,50,3,3,6,4,5,1,2,5,19,55.3,55.3,9.1,33.3,31.6,117.8,0,0,0,6,3,50,0,0,0,5,3,0,0,-4.6,2,2,100,11,7,63.6,0,0,0,2,0,0,0,4,2,2,4,7,7
Kangoeroes Basket Mechelen,"Augustas PECIUKEVICIUS, Joshua HEATH, Nick STAMPLEY, Yannick DAMMEN, Zaba BANGALA",1,654,0.0,20,7,12,58.3,1,1,100,5,8,62.5,2,6,8,2,2,4,5,5,19,65.5,69.7,61.4,34.4,39.1,62.5,64.4,28.6,28.6,46.2,22.2,66.7,8.3,105.3,16,4,21,19,1,10,10,7,8,87.5,7,5,12,2,2,0,2,6,17,21.4,32.6,7.5,53.8,47.6,95.7,1,1,100,10,5,50,0,0,0,2,2,0,1,9.6,3,2,66.7,8,1,12.5,0,0,0,1,1,0,0,3,4,2,5,0,7
Donar Groningen,"Austin LUKE, Damian FORREST, Evan TAYLOR, Malik MILLER, Wietze NOSSEK",1,569,6.8,23,9,15,60,5,9,55.6,0,0,0,1,8,9,8,4,0,5,1,19,79.4,79.8,79,30.1,30.4,76.7,76.7,88.9,16.7,80,17.9,0,60,121.5,14,5,15,33.3,2,7,28.6,2,2,100,2,5,7,4,5,0,5,4,19,40,44.1,23.9,20,46.7,74.7,1,1,100,5,3,60,0,0,0,1,4,0,0,46.8,0,0,0,8,3,37.5,0,0,0,2,3,0,0,2,9,3,3,7,7
Zorg en Zekerheid Leiden,"Dimitri MACONDA, Jibbe SICKING, Lucas KRUITHOF, Nate ROBERTS, Stan VAN DEN ELZEN",1,623,7.3,15,7,16,43.8,1,7,14.3,0,0,0,2,2,4,3,3,2,5,3,18,69.6,70.3,68.9,34.1,34.8,46.9,46.9,42.9,28.6,33.3,20.8,0,43.8,82.2,31,11,18,61.1,7,11,63.6,2,2,100,4,5,9,9,1,0,4,2,18,80.6,82.1,17.5,66.7,61.1,173.3,0,0,0,9,6,66.7,0,0,0,4,0,0,0,-91.1,0,0,0,7,4,57.1,0,0,0,1,3,0,0,2,0,2,10,5,5
Union Mons-Hainaut,"Greg MILTON III, Maks KLANJSCEK, Malik WHITAKER, Matic MIKUS, Matteo VERSTRAETE",1,562,0.0,23,6,12,50,1,3,33.3,10,12,83.3,1,5,6,1,0,1,2,5,18,74.7,78.9,70.5,30.4,34.0,54.2,66.6,16.7,12.5,71.4,9.9,100,25,124.5,21,6,14,42.9,2,7,28.6,7,9,77.8,2,7,9,4,2,1,1,9,17,50,58.5,5.3,28.6,50,127.2,0,0,0,9,5,55.6,0,0,0,1,1,0,0,-2.7,2,2,100,5,2,40,0,0,0,0,1,0,0,2,6,2,4,2,3
Union Mons-Hainaut,"Garrett HIEN, Greg MILTON III, Lual DIING, Maks KLANJSCEK, Malik WHITAKER",1,574,2.7,26,9,15,60,6,11,54.5,2,2,100,3,5,8,5,3,0,5,7,18,73.8,73.9,73.8,32.5,32.5,80,81.9,55.6,50,100,19.3,13.3,73.3,147.1,19,6,11,54.5,2,6,33.3,5,6,83.3,0,3,3,7,2,0,4,1,18,63.6,69.6,22.7,0,54.5,107.7,0,0,0,4,3,75,0,0,0,1,3,0,1,39.4,2,2,100,3,2,66.7,0,0,0,2,2,0,0,6,5,8,0,3,8
Stella Artois Leuven Bears,"Guillaume DE MOL, Roel BUCUMI, Tytan ANDERSON, Wen MUKUBU, Wilson PRUITT",1,610,0.0,15,4,20,20,1,10,10,6,7,85.7,6,5,11,3,2,0,2,5,17,67.9,65,70.8,36.9,33.9,22.5,32.5,75,50,71.4,7.1,35,50,90.8,20,7,12,58.3,1,1,100,5,8,62.5,2,6,8,2,2,3,4,4,18,62.5,64.4,20.5,28.6,8.3,111.2,2,1,50,8,2,25,0,0,0,1,1,0,0,-20.4,1,1,100,10,5,50,0,0,0,1,2,0,1,3,0,7,3,4,2
Den Helder Suns,"Carter GILMORE, Jonas VISSER, Nick THRAN, Reginald MESIDOR, Siem UIJTENDAAL",1,370,0.0,22,7,15,46.7,4,7,57.1,4,8,50,4,4,8,4,1,0,2,4,16,82.3,101.4,63.3,23.7,37.9,60,59.4,57.1,57.1,100,8.2,53.3,46.7,140.8,8,3,6,50,0,2,0,2,4,50,0,3,3,2,1,1,2,5,10,50,51.5,20.5,0,33.3,82,0,0,0,8,3,37.5,0,0,0,0,1,0,1,58.8,0,0,0,4,3,75,0,0,0,1,1,0,0,10,3,5,0,4,4
Kangoeroes Basket Mechelen,"Joshua HEATH, Leander DEDROOG, Nick STAMPLEY, Yannick DAMMEN, Zaba BANGALA",1,537,4.1,26,9,15,60,5,5,100,3,4,75,2,10,12,7,2,0,2,5,16,71.2,72.4,70.1,33.2,34.3,76.7,77.6,77.8,40,83.3,7.8,26.7,33.3,160.6,7,2,13,15.4,0,3,0,3,6,50,2,3,5,3,1,0,2,3,16,15.4,22.4,11.3,16.7,23.1,44.6,0,0,0,10,4,40,0,0,0,0,1,0,1,115.9,1,1,100,9,1,11.1,0,0,0,0,2,0,0,5,10,5,4,3,0
LWD Basket,"Maik BOUWER, Matt FRIERSON, Reinder BRANDSMA, Shakael PRYCE, Tristan DE ZWART FORSYTH",1,496,0.0,15,6,15,40,1,3,33.3,2,2,100,2,5,7,4,1,0,3,5,16,74.6,75.8,73.5,31.7,32.7,43.3,47.2,66.7,33.3,71.4,13.1,13.3,20,95.7,21,8,15,53.3,3,8,37.5,2,3,66.7,2,4,6,4,2,1,1,3,15,63.3,64.3,5.8,28.6,53.3,138.3,1,0,0,11,5,45.5,0,0,0,1,2,0,0,-42.6,1,1,100,6,4,66.7,0,0,0,1,0,0,0,0,0,0,3,7,6
Zorg en Zekerheid Leiden,"Jibbe SICKING, Lucas KRUITHOF, Nate ROBERTS, Stan VAN DEN ELZEN, Tyreek SCOTT-GRAYSON",1,328,1.3,23,8,12,66.7,0,3,0,7,9,77.8,1,3,4,3,3,0,0,6,15,104.5,110.5,98.4,21.7,24.4,66.7,72.1,37.5,20,75,0,75,25,152.3,11,2,6,33.3,1,1,100,6,8,75,1,4,5,1,0,0,5,6,13,41.7,57.8,34.4,25,16.7,81.8,0,0,0,9,8,88.9,0,0,0,0,0,0,0,70.5,1,0,0,4,1,25,0,0,0,3,2,0,0,2,6,6,0,7,0
LWD Basket,"Christopher MAIDOH, Maik BOUWER, Matt FRIERSON, Sam MAILLET, Shakael PRYCE",1,356,0.0,11,4,14,28.6,1,6,16.7,2,4,50,3,3,6,3,1,0,1,2,14,87.7,91.3,84,26.3,28.6,32.1,34.9,75,30,33.3,5.1,28.6,42.9,81.2,14,6,15,40,1,6,16.7,1,2,50,6,7,13,4,1,0,3,3,12,43.3,44.1,15.9,66.7,40,112.4,3,2,66.7,5,1,20,0,0,0,1,0,0,0,-31.2,5,3,60,4,2,50,0,0,0,2,0,0,0,4,1,5,2,12,2
Union Mons-Hainaut,"Garrett HIEN, Greg MILTON III, Lual DIING, Maks KLANJSCEK, Matteo VERSTRAETE",1,407,6.8,8,3,10,30,0,2,0,2,2,100,0,2,2,2,4,0,3,2,14,82,81.8,82.1,29.3,29.2,30,36.8,66.7,0,66.7,18.9,20,20,57.6,21,8,11,72.7,5,7,71.4,0,0,0,1,7,8,7,3,0,4,1,14,95.5,95.5,26.7,33.3,63.6,150.8,0,0,0,8,3,37.5,0,0,0,2,1,0,0,-93.1,0,0,0,4,3,75,0,0,0,1,3,0,0,0,4,4,2,9,3
Zorg en Zekerheid Leiden,"Dimitri MACONDA, Jibbe SICKING, Lucas KRUITHOF, Nate ROBERTS, Tyreek SCOTT-GRAYSON",1,417,1.3,16,7,12,58.3,1,2,50,1,2,50,2,3,5,6,3,0,2,2,13,76.6,73.3,79.9,32.7,30.0,62.5,62.1,85.7,40,100,9.6,16.7,16.7,125.6,17,6,9,66.7,3,6,50,2,2,100,0,3,3,3,0,0,4,4,14,83.3,86,28.8,0,66.7,122.5,2,2,100,8,4,50,0,0,0,1,0,0,1,3.1,1,1,100,2,2,100,0,0,0,1,2,0,0,4,4,4,0,0,8
Brussels Basketball,"Alexandre LIBERT, Arne SCHREVENS, Demetric HORTON, Louis HAZARD, Tonko VUKO",1,370,0.0,19,6,11,54.5,3,3,100,4,4,100,0,1,1,4,0,0,0,0,13,70.1,82.8,57.5,29.0,41.8,68.2,74.5,66.7,0,50,0,36.4,27.3,148.9,11,5,9,55.6,1,5,20,0,0,0,1,2,3,2,0,1,2,4,9,61.1,61.1,18.2,50,55.6,124.2,0,0,0,8,3,37.5,0,0,0,0,0,0,0,24.7,1,1,100,3,3,100,0,0,0,1,0,0,0,6,0,3,2,0,0
Brussels Basketball,"Alexandre LIBERT, Demetric HORTON, Godwin TSHIMANGA, Louis HAZARD, Tonko VUKO",1,371,1.7,17,5,8,62.5,2,3,66.7,5,7,71.4,1,2,3,3,3,0,3,3,13,90.5,86.9,94.1,27.6,25.5,75,76.7,60,20,50,17.6,87.5,37.5,126.5,18,7,13,53.8,1,4,25,3,4,75,2,4,6,2,1,0,3,4,15,57.7,61,16.9,50,30.8,123.7,0,0,0,5,3,60,0,0,0,0,3,0,0,2.8,2,1,50,7,5,71.4,0,0,0,1,2,0,0,3,5,5,1,7,2
Val-Dieu Spirou Basket,"Dontrez STYLES, Enoch BOAKYE, Eric NOTTAGE, Juwan GARY, Zeb JACKSON",1,217,0.0,16,6,12,50,1,5,20,3,4,75,1,4,5,2,1,0,1,4,13,119.9,145.5,94.2,16.5,25.5,54.2,58.1,33.3,25,100,6,33.3,41.7,121.6,9,2,3,66.7,0,1,0,5,8,62.5,0,3,3,1,1,0,2,3,9,66.7,69,23.5,0,33.3,105.6,2,1,50,5,4,80,0,0,0,1,0,0,0,16,0,0,0,2,2,100,0,0,0,0,2,0,0,1,7,2,0,5,0
LWD Basket,"Maik BOUWER, Matt FRIERSON, Sam MAILLET, Shakael PRYCE, Tristan DE ZWART FORSYTH",1,361,0.8,9,4,11,36.4,0,1,0,1,3,33.3,2,4,6,2,1,0,3,1,13,83.5,87.6,79.3,27.4,30.3,36.4,36.5,50,28.6,80,17.3,27.3,9.1,68.3,13,6,11,54.5,1,3,33.3,0,0,0,1,5,6,4,1,1,2,5,12,59.1,59.1,15.4,20,27.3,109,0,0,0,10,4,40,0,0,0,0,2,0,1,-40.7,1,1,100,7,4,57.1,0,0,0,1,0,0,1,0,1,1,2,3,5
Brussels Basketball,"Alexandre LIBERT, Demetric HORTON, Jared AMBROSE, Louis HAZARD, Tonko VUKO",1,434,4.5,8,3,11,27.3,2,6,33.3,0,0,0,1,3,4,3,1,0,2,1,12,63.1,64,62.2,37.5,38.6,36.4,36.4,100,16.7,50,12.5,0,54.5,69.1,13,6,13,46.2,1,4,25,0,0,0,3,5,8,3,1,1,2,2,11,50,50,13.3,50,30.8,115.5,0,0,0,5,1,20,0,0,0,0,2,0,0,-46.4,1,1,100,8,4,50,0,0,0,1,1,0,0,0,0,0,6,5,2
Windrose Giants Antwerp,"Andrew FUNK, Enoch CHEEKS, Niels DE RIDDER, Rasheed BELLO, Yoeri SCHOEPEN",1,274,2.6,15,7,9,77.8,1,3,33.3,0,0,0,0,3,3,4,3,0,3,3,12,102.1,105.1,99.2,22.8,24.2,83.3,83.3,57.1,0,100,18.8,0,33.3,125,10,4,7,57.1,0,1,0,2,3,66.7,0,2,2,3,2,0,3,0,11,57.1,60.1,26.5,0,14.3,88.3,1,1,100,5,5,100,0,0,0,2,1,0,0,36.7,0,0,0,6,4,66.7,0,0,0,0,3,0,0,0,7,5,0,3,3
Kangoeroes Basket Mechelen,"Joshua HEATH, Mojeed EWUOSHO, Nick STAMPLEY, Yannick DAMMEN, Zaba BANGALA",1,380,6.3,9,4,9,44.4,1,1,100,0,0,0,3,3,6,1,2,2,5,3,11,74.1,68.1,80,35.2,30.0,50,50,25,60,50,33.3,0,11.1,83.4,14,6,12,50,1,3,33.3,1,2,50,3,2,5,2,2,0,3,0,13,54.2,54.3,18.9,50,25,110.5,0,0,0,8,3,37.5,0,0,0,1,3,0,0,-27.1,2,2,100,7,3,42.9,0,0,0,1,2,0,0,3,5,2,5,2,6
Hubo Limburg United,"Jalen BLACKMON, Marijn VERVERS, Nicholas MUSZYNSKI, Noah BAUMANN, Wout LEEMANS",1,291,4.8,12,3,7,42.9,1,2,50,5,6,83.3,1,5,6,2,0,0,1,1,10,76.5,78.9,74.1,30.4,32.4,50,62.2,66.7,25,62.5,7.9,85.7,28.6,125.4,4,2,12,16.7,0,3,0,0,0,0,3,3,6,1,0,1,1,5,9,16.7,16.7,7.7,37.5,25,44.5,0,0,0,5,2,40,0,0,0,0,0,0,1,80.9,0,0,0,9,2,22.2,0,0,0,0,1,0,0,2,5,3,2,0,0
Den Helder Suns,"Bryan ANTOINE, Carter GILMORE, Jonas VISSER, Nick THRAN, Siem UIJTENDAAL",1,276,2.2,12,4,8,50,2,3,66.7,2,2,100,0,2,2,3,4,0,1,1,10,85.7,85.9,85.5,27.9,28.1,62.5,67.6,75,0,50,7.8,25,37.5,121.5,6,3,6,50,0,2,0,0,1,0,2,3,5,2,1,0,5,2,10,50,46.6,43.7,50,33.3,61,0,0,0,5,2,40,0,0,0,1,0,0,0,60.5,0,0,0,4,3,75,0,0,0,5,0,0,0,2,5,4,2,2,2
PrismaWorx BAL,"Kenyuoe ONDAAN, Kjell DE GRAAF, Niels VAN HOLST, Roel VAN OVERBEEK, Romano SIBILO",1,349,1.9,16,4,10,40,2,4,50,6,6,100,3,3,6,3,2,0,2,3,10,68.6,67.6,69.7,35.5,34.5,50,63.3,75,75,75,11.3,60,40,162.8,11,3,7,42.9,1,5,20,4,5,80,1,1,2,0,0,0,2,4,10,50,59.8,17.9,25,71.4,108.6,0,0,0,6,2,33.3,0,0,0,0,2,0,0,54.3,0,0,0,2,2,100,0,0,0,0,2,0,0,6,5,2,2,1,5
PrismaWorx BAL,"Kenyuoe ONDAAN, Kjell DE GRAAF, Roel VAN OVERBEEK, Romano SIBILO, Ryan MUHR",1,240,2.9,9,2,9,22.2,2,7,28.6,3,4,75,1,4,5,2,1,0,0,1,10,99.4,95.1,103.7,25.2,23.1,33.3,41.8,100,16.7,80,0,44.4,77.8,94.6,11,5,10,50,0,2,0,1,1,100,1,5,6,2,0,1,1,4,10,50,52.7,8.7,20,20,106.1,0,0,0,2,0,0,0,0,0,0,0,0,0,-11.5,0,0,0,8,5,62.5,0,0,0,0,1,0,0,6,4,0,0,6,0
Landstede Hammers,"Coen STOLK, Devin WHITFIELD, Erik SAJANTILA, Jalen THOMAS, Leon WILLIAMS",1,162,0.0,9,1,3,33.3,1,3,33.3,6,8,75,0,3,3,0,0,0,3,4,10,152.6,141,164.1,17.0,14.6,50,69,0,0,100,31.5,266.7,100,94.5,17,6,8,75,1,2,50,4,7,57.1,0,1,1,3,3,0,0,6,11,81.2,76.7,0,0,25,153.4,0,0,0,0,0,0,0,0,0,2,1,0,0,-58.9,0,0,0,6,5,83.3,0,0,0,0,0,0,0,0,5,0,0,5,4
Filou Oostende,"Andre GUSTAVSON, Haris BRATANOVIC, Noam YAACOV, Pierre-Antoine GILLET, Simon BUYSSE",1,297,4.1,6,3,10,30,0,2,0,0,2,0,3,4,7,1,3,0,2,3,10,87.7,81.4,94.1,29.5,25.5,30,27.6,33.3,37.5,100,14.4,20,20,59.6,7,1,5,20,0,0,0,5,6,83.3,0,5,5,0,1,2,4,3,12,20,45.8,34.4,0,0,60.1,2,2,100,6,1,16.7,0,0,0,1,1,0,0,-0.6,0,0,0,5,1,20,0,0,0,2,2,0,0,4,0,2,0,4,0
Filou Oostende,"Andre GUSTAVSON, Moussa SYLLA, Noam YAACOV, Pierre-Antoine GILLET, Simon BUYSSE",1,272,0.0,15,6,11,54.5,3,6,50,0,2,0,2,6,8,4,3,0,1,1,10,84.7,90,79.4,26.7,30.2,68.2,63.1,66.7,50,100,5.9,18.2,54.5,147,0,0,6,0,0,3,0,0,0,0,0,2,2,0,0,0,3,2,9,0,0,33.3,0,50,0,0,0,0,5,3,60,0,0,0,0,1,0,0,147,0,0,0,3,0,0,0,0,0,1,2,0,0,6,6,4,0,0,0
Val-Dieu Spirou Basket,"Dontrez STYLES, Eric NOTTAGE, Juwan GARY, Njegos SIKIRAS, Zeb JACKSON",1,323,0.3,7,2,9,22.2,0,5,0,3,6,50,2,0,2,1,1,0,1,4,10,73,75.4,70.6,31.8,34.0,22.2,30.1,50,33.3,0,7.3,66.7,55.6,69,13,3,5,60,2,4,50,5,6,83.3,1,4,5,4,1,0,4,5,10,80,85.1,34.4,100,80,136.8,0,0,0,4,2,50,0,0,0,0,1,0,0,-67.8,0,0,0,1,1,100,0,0,0,2,1,0,1,2,2,2,0,5,3
Windrose Giants Antwerp,"Elias LASISI, Joel MURRAY, Kaden ANDERSON, Kevin TUMBA, Vincent KESTELOOT",1,278,0.0,5,2,7,28.6,0,1,0,1,2,50,0,3,3,1,1,2,2,0,10,81.5,85.3,77.7,28.1,30.9,28.6,31.7,50,0,60,18.4,28.6,14.3,50.6,7,3,10,30,1,4,25,0,0,0,2,2,4,3,1,0,2,1,9,35,35,16.7,40,40,77.7,0,0,0,6,2,33.3,0,0,0,2,0,0,0,-27.1,2,1,50,4,1,25,0,0,0,1,0,0,1,0,4,2,0,2,2
PrismaWorx BAL,"Kenyuoe ONDAAN, Kjell DE GRAAF, Niels VAN HOLST, Roel VAN OVERBEEK, Ryan MUHR",1,300,5.0,12,5,9,55.6,2,5,40,0,0,0,1,1,2,4,0,0,1,2,9,71,71.4,70.5,33.6,34.1,66.7,66.7,80,25,50,7.1,0,55.6,134.4,13,5,7,71.4,1,2,50,2,2,100,1,3,4,2,0,0,2,1,9,78.6,82.5,20.2,50,28.6,147.6,0,0,0,4,3,75,0,0,0,0,0,0,1,-13.2,1,1,100,4,3,75,0,0,0,0,1,0,1,0,3,0,2,5,0
Okapi Aalst,"Dante Jr MADDOX, Mattias PALINCKX, Niels VAN DEN EYNDE, Ozzy MASSEY, Siebe LEDEGEN",1,198,0.0,13,4,5,80,1,1,100,4,4,100,0,3,3,2,2,0,2,1,9,100,106.2,93.8,22.6,25.6,90,96.2,50,0,60,18.6,80,20,148.4,6,2,7,28.6,1,4,25,1,2,50,2,1,3,2,2,0,2,3,8,35.7,38.1,20.2,40,57.1,77.5,0,0,0,4,3,75,0,0,0,2,0,0,0,70.9,0,0,0,3,1,33.3,0,0,0,1,1,0,0,0,6,5,0,2,2
Rotterdam City Basketball,"Chermano VAN LA PARRA, Jakari SPENCE, James GRAHAM, Tjall DE VAAL, Tydus VERHOEVEN",1,248,4.1,5,1,5,20,0,0,0,3,3,100,0,3,3,0,1,1,3,3,9,84.8,90.2,79.4,26.6,30.2,20,39.6,0,0,50,32.2,60,0,53.6,6,3,8,37.5,0,1,0,0,2,0,3,4,7,1,2,0,2,2,8,37.5,33.8,18.4,50,12.5,73.1,0,0,0,5,1,20,0,0,0,2,1,0,0,-19.5,2,2,100,5,1,20,0,0,0,1,1,0,0,0,2,0,4,0,2
Rotterdam City Basketball,"Chukwuzinife NWOKEJI, Jakari SPENCE, James GRAHAM, Lars NILSEN, Tydus VERHOEVEN",1,278,0.0,2,1,6,16.7,0,2,0,0,0,0,0,3,3,1,1,1,3,4,9,78.4,77.7,79,30.9,30.4,16.7,16.7,100,0,75,30,0,33.3,22.2,6,2,8,25,1,4,25,1,4,25,1,5,6,1,3,0,1,3,9,31.2,30.7,9.3,25,50,65.5,0,0,0,4,1,25,0,0,0,2,1,0,0,-43.3,0,0,0,4,1,25,0,0,0,1,0,0,0,0,0,0,3,3,2
Rotterdam City Basketball,"Jakari SPENCE, James GRAHAM, Lars NILSEN, Tjall DE VAAL, Tydus VERHOEVEN",1,286,0.0,0,0,5,0,0,2,0,0,0,0,0,1,1,0,0,0,4,1,9,78.8,75.5,82.2,31.8,29.2,0,0,0,0,25,44.4,0,40,0,18,8,12,66.7,2,4,50,0,0,0,3,4,7,7,4,1,1,2,10,75,75,7.7,75,33.3,183.9,0,0,0,3,0,0,0,0,0,0,4,0,0,-183.9,0,0,0,8,6,75,0,0,0,0,1,0,0,0,0,0,5,6,4
Windrose Giants Antwerp,"Andrew FUNK, Enoch CHEEKS, Niels DE RIDDER, Rasheed BELLO, Vincent KESTELOOT",1,286,0.8,15,6,8,75,2,3,66.7,1,2,50,0,1,1,5,3,2,0,1,9,76.7,74.5,78.8,32.2,30.4,87.5,84.5,83.3,0,50,0,25,37.5,168.9,8,3,6,50,2,3,66.7,0,0,0,1,3,4,1,0,1,5,3,9,66.7,66.7,45.5,50,50,85.2,1,1,100,4,3,75,0,0,0,0,0,0,0,83.8,0,0,0,3,1,33.3,0,0,0,2,3,0,0,3,5,8,0,3,0
Donar Groningen,"Dane ERIKSTRUP, Dele ADETUNJI, Evan TAYLOR, Tim HOEVE, Wietze NOSSEK",1,311,0.0,5,2,7,28.6,0,2,0,1,2,50,1,3,4,0,0,0,2,1,9,64.9,68,61.7,35.3,38.9,28.6,31.7,0,20,100,20.2,28.6,28.6,56.8,10,4,7,57.1,2,4,50,0,0,0,0,4,4,1,1,0,1,2,8,71.4,71.4,12.5,0,57.1,125,1,1,100,4,1,25,0,0,0,1,0,0,1,-68.2,0,0,0,3,2,66.7,0,0,0,0,1,0,0,2,0,0,0,2,5
PrismaWorx BAL,"Gido NANNINGA, Kenyuoe ONDAAN, Kjell DE GRAAF, Roel VAN OVERBEEK, Romano SIBILO",1,169,0.0,8,3,6,50,1,2,50,1,2,50,0,2,2,3,2,0,1,1,8,105.7,111.9,99.4,21.4,24.1,58.3,58.1,100,0,100,9.2,33.3,33.3,101.5,5,2,4,50,1,2,50,0,0,0,0,2,2,2,1,0,3,2,7,62.5,62.5,42.9,0,50,71.4,0,0,0,4,2,50,0,0,0,1,0,0,0,30.1,1,1,100,1,0,0,0,0,0,2,1,0,0,0,2,2,0,2,3
Zorg en Zekerheid Leiden,"Dimitri MACONDA, Lucas KRUITHOF, Nate ROBERTS, Sam HUURMAN, Tyreek SCOTT-GRAYSON",1,201,0.0,14,4,6,66.7,2,3,66.7,4,5,80,0,3,3,2,1,0,0,1,8,90.7,97.9,83.6,24.5,28.7,83.3,85.4,50,0,100,0,83.3,50,170.7,6,2,6,33.3,2,5,40,0,0,0,0,1,1,2,0,0,1,3,7,50,50,14.3,0,83.3,85.7,0,0,0,3,2,66.7,0,0,0,0,0,0,0,85,0,0,0,1,0,0,0,0,0,1,0,0,0,0,6,0,0,0,3
Zorg en Zekerheid Leiden,"Jibbe SICKING, Lucas KRUITHOF, Roeland SCHAFTENAAR, Stan VAN DEN ELZEN, Tyreek SCOTT-GRAYSON",1,234,0.9,9,3,8,37.5,0,2,0,3,5,60,4,1,5,2,2,0,1,1,8,74.6,83.5,65.6,28.7,36.6,37.5,44.1,66.7,57.1,50,7.6,62.5,25,110.5,5,2,5,40,1,4,25,0,0,0,1,3,4,1,1,1,3,3,6,50,50,37.5,50,80,78.2,0,0,0,6,3,50,0,0,0,1,0,0,0,32.3,1,1,100,0,0,0,0,0,0,0,3,0,0,1,3,3,0,0,3
Stella Artois Leuven Bears,"James BLACKMON, Kelton TALFORD, Roel BUCUMI, Tytan ANDERSON, Wilson PRUITT",1,263,0.0,6,3,6,50,0,2,0,0,2,0,1,0,1,2,2,0,2,1,8,63.9,73.7,54.1,32.6,44.4,50,43.6,66.7,25,0,18.4,33.3,33.3,74.3,8,3,4,75,2,2,100,0,0,0,1,3,4,3,2,0,3,3,6,100,100,42.9,100,50,134.9,0,0,0,4,3,75,0,0,0,1,1,0,0,-60.6,0,0,0,2,1,50,0,0,0,1,1,0,1,2,0,2,3,0,3
Rotterdam City Basketball,"Chukwuzinife NWOKEJI, Jakari SPENCE, James GRAHAM, Liam VAN DER SCHALIE, Tydus VERHOEVEN",1,234,0.0,6,3,6,50,0,1,0,0,0,0,0,0,0,0,0,0,2,1,8,65.3,82.1,48.6,29.2,49.4,50,50,0,0,0,25,0,16.7,75,11,4,6,66.7,1,2,50,2,2,100,2,2,4,3,0,1,0,0,5,75,79.9,0,100,33.3,232.1,0,0,0,5,3,60,0,0,0,1,1,0,0,-157.1,1,1,100,3,2,66.7,0,0,0,0,0,0,0,0,0,0,4,2,3
Val-Dieu Spirou Basket,"Adedayo POLET, Dontrez STYLES, Enoch BOAKYE, Eric NOTTAGE, Juwan GARY",1,372,4.5,10,5,10,50,0,2,0,0,0,0,3,3,6,1,0,1,1,2,8,55.4,50.3,60.6,47.8,39.6,50,50,20,60,75,8.3,0,20,128.4,14,5,11,45.5,4,5,80,0,0,0,1,2,3,5,1,0,0,0,9,63.6,63.6,0,25,45.5,149,1,1,100,7,4,57.1,0,0,0,0,1,0,0,-20.6,0,0,0,6,1,16.7,0,0,0,0,0,0,0,6,0,0,3,0,3
Windrose Giants Antwerp,"Elias LASISI, Enoch CHEEKS, Joel MURRAY, Niels DE RIDDER, Yoeri SCHOEPEN",1,226,0.0,12,5,6,83.3,2,2,100,0,0,0,0,5,5,4,1,0,2,1,8,78.3,85,71.7,28.2,33.5,100,100,80,0,83.3,16.7,0,33.3,150,0,0,7,0,0,4,0,0,0,0,1,1,2,0,1,0,1,0,7,0,0,12.5,16.7,57.1,0,2,2,100,2,1,50,0,0,0,2,0,0,0,150,1,0,0,2,0,0,0,0,0,1,0,0,0,0,9,2,0,0,0
Donar Groningen,"Austin LUKE, Damian FORREST, Dane ERIKSTRUP, Evan TAYLOR, Tim HOEVE",1,245,0.0,11,3,5,60,2,4,50,3,4,75,0,2,2,3,1,0,1,3,8,76.3,76,76.5,31.6,31.4,80,81.4,100,0,66.7,9.3,80,80,141.8,9,4,7,57.1,0,3,0,1,2,50,1,2,3,2,0,0,1,2,8,57.1,57.1,11.3,33.3,42.9,115.2,0,0,0,1,1,100,0,0,0,1,0,0,0,26.5,0,0,0,4,4,100,0,0,0,1,0,0,0,0,0,5,2,1,2
Union Mons-Hainaut,"Greg MILTON III, Lual DIING, Maks KLANJSCEK, Malik WHITAKER, Matic MIKUS",1,181,0.0,4,2,7,28.6,0,1,0,0,0,0,0,3,3,0,0,0,1,2,8,99.3,106.1,92.6,22.6,25.9,28.6,28.6,0,0,75,12.5,0,14.3,50,7,2,7,28.6,0,3,0,3,3,100,1,4,5,1,0,1,0,1,7,28.6,42.1,0,25,42.9,100.3,0,0,0,6,2,33.3,0,0,0,1,0,0,0,-50.3,0,0,0,4,2,50,0,0,0,0,0,0,0,0,0,0,2,2,2
Hubo Limburg United,"Aubin GATERETSE, Jalen BLACKMON, Noah BAUMANN, Oshean BRATHWAITE, Wout LEEMANS",1,241,0.0,7,3,6,50,0,2,0,1,1,100,1,3,4,1,1,0,2,3,7,85.1,73.4,96.7,32.7,24.8,50,54.3,33.3,33.3,75,21.2,16.7,33.3,95,6,2,8,25,0,3,0,2,3,66.7,1,2,3,1,1,0,2,1,10,25,32.2,17.7,25,37.5,61.8,0,0,0,4,3,75,0,0,0,2,0,0,0,33.2,0,0,0,5,2,40,0,0,0,0,1,0,1,2,5,4,2,0,2
Okapi Aalst,"Eddie COLBERT III, Ivan MARAS, Malcolm CARREIRA KREPS, Niels VAN DEN EYNDE, Siebe LEDEGEN",1,223,0.0,10,4,9,44.4,1,4,25,1,1,100,2,2,4,1,1,0,0,1,7,77,78.6,75.3,30.5,31.9,50,53,25,40,100,0,11.1,44.4,137,8,3,5,60,2,4,50,0,0,0,0,3,3,2,0,0,2,1,7,80,80,28.6,0,80,114.3,0,0,0,5,3,60,0,0,0,0,0,0,0,22.7,0,0,0,1,1,100,0,0,0,1,1,0,0,5,2,3,0,3,0
Okapi Aalst,"Dante Jr MADDOX, Eddie COLBERT III, Mattias PALINCKX, Niels VAN DEN EYNDE, Siebe LEDEGEN",1,156,0.0,5,2,5,40,0,1,0,1,2,50,1,2,3,1,0,0,2,5,7,100.2,104.8,95.6,22.9,25.1,40,42.5,50,33.3,66.7,22.5,40,20,73.4,7,1,5,20,1,4,25,4,6,66.7,1,2,3,0,0,0,0,1,6,30,45.8,0,33.3,80,112.7,1,1,100,3,1,33.3,0,0,0,0,1,0,0,-39.2,0,0,0,1,0,0,0,0,0,0,0,0,0,0,2,1,6,3,0
Okapi Aalst,"Eddie COLBERT III, Jasper UNAL, Joseph ERUKA, Malcolm CARREIRA KREPS, Niels VAN DEN EYNDE",1,142,0.0,4,1,3,33.3,0,1,0,2,2,100,0,2,2,0,1,0,3,2,7,115.3,116.3,114.3,20.6,21.0,33.3,51.5,0,0,100,43.6,66.7,33.3,58.1,6,1,4,25,0,1,0,4,4,100,0,2,2,0,2,0,1,1,7,25,52.1,14.8,0,25,88.8,0,0,0,2,1,50,0,0,0,2,0,0,1,-30.6,1,1,100,2,0,0,0,0,0,1,0,0,0,2,2,0,0,6,4
Landstede Hammers,"Boyd VAN DER VUURST, Coen STOLK, Devin WHITFIELD, Jalen THOMAS, Leon WILLIAMS",1,192,0.0,9,4,6,66.7,1,3,33.3,0,0,0,0,1,1,2,0,0,1,2,7,80.1,87.5,72.6,27.4,33.0,75,75,50,0,50,11.1,0,50,128.6,10,4,6,66.7,1,2,50,1,2,50,1,2,3,5,1,0,0,0,6,75,72.7,0,50,33.3,172.1,1,1,100,2,2,100,0,0,0,0,1,0,0,-43.5,1,1,100,3,2,66.7,0,0,0,0,0,0,0,0,0,0,2,2,0
Kangoeroes Basket Mechelen,"Augustas PECIUKEVICIUS, Joshua HEATH, Leander DEDROOG, Nick STAMPLEY, Seppe WILLEMS",1,303,0.0,4,2,5,40,0,1,0,0,0,0,0,3,3,0,0,0,2,2,7,64.6,55.4,73.8,43.3,32.5,40,40,0,0,100,28.6,0,20,57.1,9,4,7,57.1,0,1,0,1,3,33.3,0,2,2,2,2,0,1,4,9,57.1,54.1,10.7,0,14.3,96.6,0,0,0,4,2,50,0,0,0,2,0,0,0,-39.4,0,0,0,6,4,66.7,0,0,0,0,0,0,0,0,0,0,2,0,4
Stella Artois Leuven Bears,"Guillaume DE MOL, Kelton TALFORD, Tytan ANDERSON, Wen MUKUBU, Wilson PRUITT",1,240,0.0,7,2,5,40,0,0,0,3,4,75,2,3,5,1,0,0,2,2,7,70.8,71.5,70,33.5,34.3,40,51.8,50,50,100,20.5,80,0,97.8,4,2,6,33.3,0,1,0,0,0,0,0,2,2,0,1,1,1,4,7,33.3,33.3,14.3,0,16.7,57.1,1,1,100,4,1,25,0,0,0,0,1,0,0,40.7,0,0,0,5,2,40,0,0,0,1,0,0,0,3,0,2,0,2,2
Filou Oostende,"Aleksandre MERKVILADZE, Joppe MENNES, Max FIEDLER, Pierre-Antoine GILLET, Simon BUYSSE",1,220,0.0,15,6,6,100,2,2,100,1,2,50,0,2,2,6,2,1,0,1,7,67.9,75.1,60.8,32.0,39.5,116.7,109,100,0,66.7,0,33.3,33.3,218,2,1,5,20,0,1,0,0,0,0,1,0,1,1,0,0,2,2,6,20,20,28.6,33.3,20,35.9,0,0,0,4,4,100,0,0,0,0,0,0,0,182.1,0,0,0,4,1,25,0,0,0,1,1,0,0,0,3,5,0,0,0
Val-Dieu Spirou Basket,"Adedayo POLET, Dontrez STYLES, Eric NOTTAGE, Njegos SIKIRAS, Zeb JACKSON",1,189,2.4,5,2,4,50,1,2,50,0,0,0,0,3,3,2,1,0,3,1,7,82.1,88.9,75.3,27.0,31.9,62.5,62.5,100,0,75,33.3,0,50,71.4,3,1,5,20,1,4,25,0,0,0,1,1,2,1,1,0,2,1,6,30,30,28.6,25,80,50.6,0,0,0,2,1,50,0,0,0,1,1,0,0,20.8,0,0,0,1,0,0,0,0,0,0,2,0,0,0,5,2,0,0,0
LWD Basket,"Bram TER WEEME, Maik BOUWER, Sam MAILLET, Shakael PRYCE, Tristan DE ZWART FORSYTH",1,194,2.2,3,1,4,25,1,2,50,0,0,0,1,2,3,0,0,0,4,2,7,85.4,85.7,85.1,28.0,28.2,37.5,37.5,0,33.3,100,50,0,50,43.3,11,5,6,83.3,0,1,0,1,2,50,0,2,2,5,4,1,0,1,7,83.3,79.9,0,0,16.7,159.9,0,0,0,2,0,0,0,0,0,2,2,0,0,-116.6,1,1,100,4,4,100,0,0,0,0,0,0,0,0,0,0,0,9,5
Windrose Giants Antwerp,"Andrew FUNK, Enoch CHEEKS, Joel MURRAY, Kevin TUMBA, Vincent KESTELOOT",1,194,0.0,5,2,10,20,0,5,0,1,2,50,5,3,8,0,0,0,1,2,7,76.3,80.8,71.9,29.7,33.4,20,23,0,62.5,75,8.4,20,50,76.6,5,2,6,33.3,0,2,0,1,2,50,1,3,4,2,0,0,0,1,6,33.3,36.3,0,25,33.3,86.1,3,1,33.3,2,1,50,0,0,0,0,0,0,0,-9.5,1,1,100,3,1,33.3,0,0,0,0,0,0,0,2,3,0,2,0,0
Union Mons-Hainaut,"Fortune KATIKI, Greg MILTON III, Lual DIING, Maks KLANJSCEK, Malik WHITAKER",1,278,0.0,9,3,5,60,1,2,50,2,2,100,0,0,0,1,2,0,1,2,7,62.9,59.4,66.4,40.4,36.2,70,76.5,33.3,0,0,12.7,40,40,130.8,11,4,5,80,1,1,100,2,4,50,1,2,3,3,0,0,2,2,8,90,81.4,22.8,100,20,143,0,0,0,3,2,66.7,0,0,0,0,1,0,0,-12.2,1,1,100,3,2,66.7,0,0,0,1,1,0,0,0,2,4,2,1,0
Hubo Limburg United,"Jalen BLACKMON, Nicolas TIMBERLAKE, Noah BAUMANN, Quentin SERRON, Thibault VANDERHAEGEN",1,166,0.0,4,0,3,0,0,2,0,4,4,100,1,3,4,0,1,1,2,1,6,87.7,82.3,93.1,29.2,25.8,0,42,0,33.3,100,29.6,133.3,66.7,70.3,5,2,5,40,0,1,0,1,1,100,0,2,2,1,1,0,1,2,6,40,46,15.5,0,20,77.6,0,0,0,1,0,0,0,0,0,0,2,0,0,-7.3,2,2,100,2,0,0,0,0,0,1,0,0,0,2,0,0,0,2,2
Stella Artois Leuven Bears,"James BLACKMON, Stef SCHAUVLIEGER, Tytan ANDERSON, Victor VANDERSTRAETEN, Wen MUKUBU",1,224,0.0,2,1,4,25,0,2,0,0,2,0,0,2,2,0,1,1,1,3,6,59.4,63,55.9,38.1,42.9,25,20.5,0,0,66.7,17,50,50,34,2,1,6,16.7,0,2,0,0,0,0,1,3,4,0,0,0,1,1,5,16.7,16.7,14.3,33.3,33.3,38.3,0,0,0,2,1,50,0,0,0,0,0,0,0,-4.3,1,0,0,3,1,33.3,0,0,0,1,0,0,0,0,0,0,0,0,0
Kangoeroes Basket Mechelen,"Joshua HEATH, Leander DEDROOG, Nick STAMPLEY, Seppe WILLEMS, Yannick DAMMEN",1,234,0.0,10,4,6,66.7,2,3,66.7,0,0,0,0,2,2,2,1,0,0,3,6,61.2,61.5,60.8,39.0,39.5,83.3,83.3,50,0,66.7,0,0,50,166.7,6,3,6,50,0,1,0,0,0,0,1,2,3,2,0,1,1,0,6,50,50,14.3,33.3,16.7,101.2,0,0,0,3,2,66.7,0,0,0,0,0,0,0,65.5,0,0,0,5,3,60,0,0,0,0,1,0,0,0,5,3,0,0,0
Filou Oostende,"Aleksandre MERKVILADZE, Joppe MENNES, Max FIEDLER, Simon BUYSSE, Tim WAERNIERS",1,245,0.0,8,3,5,60,1,2,50,1,3,33.3,0,0,0,2,1,1,0,2,6,64.7,61.9,67.4,38.8,35.6,70,63.3,66.7,0,0,0,60,40,126.6,6,2,4,50,1,2,50,1,2,50,0,3,3,1,0,1,2,2,7,62.5,61.5,29.1,0,50,87.2,0,0,0,3,2,66.7,0,0,0,0,0,0,0,39.4,0,0,0,2,1,50,0,0,0,0,2,0,0,0,0,5,0,3,0
Brussels Basketball,"Arne SCHREVENS, Demetric HORTON, Jomaru BROWN, Louis HAZARD, Tonko VUKO",1,229,0.0,9,4,6,66.7,0,0,0,1,1,100,0,1,1,2,0,0,0,1,6,72.7,67.5,78,35.6,30.8,66.7,69.9,50,0,100,0,16.7,0,139.8,11,5,6,83.3,1,2,50,0,1,0,0,1,1,2,0,0,1,2,7,91.7,85.4,13.4,0,33.3,147.8,0,0,0,6,4,66.7,0,0,0,0,0,0,0,-8.1,0,0,0,4,4,100,0,0,0,1,0,0,0,0,2,0,0,2,0
Val-Dieu Spirou Basket,"Adedayo POLET, Dontrez STYLES, Eric NOTTAGE, Juwan GARY, Njegos SIKIRAS",1,268,0.0,8,4,5,80,0,1,0,0,0,0,0,3,3,2,0,1,1,2,6,58.2,53.7,62.7,44.7,38.3,80,80,50,0,100,12.5,0,20,133.3,7,3,7,42.9,1,1,100,0,0,0,0,2,2,2,0,0,0,0,7,50,50,0,0,14.3,100,0,0,0,4,4,100,0,0,0,1,0,0,0,33.3,0,0,0,6,2,33.3,0,0,0,0,0,0,0,0,2,0,0,2,0
LWD Basket,"Christopher MAIDOH, Maik BOUWER, Matt FRIERSON, Reinder BRANDSMA, Shakael PRYCE",1,166,0.0,4,1,5,20,0,1,0,2,2,100,2,2,4,2,0,0,2,3,6,95.3,83,107.6,28.9,22.3,20,34,200,50,100,20.2,40,20,69.7,9,4,6,66.7,1,1,100,0,1,0,0,2,2,3,0,1,1,1,7,75,69.9,13.4,0,16.7,121,2,1,50,2,0,0,0,0,0,1,0,0,0,-51.3,1,1,100,4,2,50,0,0,0,1,0,0,0,2,2,0,0,2,3
Donar Groningen,"Damian FORREST, Dane ERIKSTRUP, Evan TAYLOR, Malik MILLER, Tim HOEVE",1,179,0.0,8,3,4,75,1,2,50,1,2,50,0,2,2,3,1,0,1,0,6,79.6,78.8,80.4,30.4,29.8,87.5,82,100,0,100,11.3,50,50,136.1,8,3,5,60,2,3,66.7,0,0,0,0,1,1,2,1,0,1,2,6,80,80,16.7,0,60,133.3,1,1,100,1,1,100,0,0,0,0,1,0,0,2.7,0,0,0,2,1,50,0,0,0,1,0,0,0,0,0,2,0,2,2
PrismaWorx BAL,"Kenyuoe ONDAAN, Kjell DE GRAAF, Lon LICAN, Niels VAN HOLST, Ryan MUHR",1,129,0.8,2,1,5,20,0,3,0,0,0,0,2,1,3,0,0,0,2,1,5,90,90.4,89.5,26.5,26.8,20,20,0,50,50,28.6,0,60,41.2,6,2,4,50,0,1,0,2,2,100,1,2,3,0,1,0,1,0,5,50,61.5,17,50,25,124.7,0,0,0,2,1,50,0,0,0,0,2,0,0,-83.6,0,0,0,3,2,66.7,0,0,0,0,1,0,0,0,0,2,0,6,2
PrismaWorx BAL,"Kara SENE, Kenyuoe ONDAAN, Milo HAUTEKEET, Niels VAN HOLST, Roel VAN OVERBEEK",1,163,0.0,8,4,4,100,0,0,0,0,0,0,0,2,2,3,0,0,1,1,5,80,73.6,86.3,32.6,27.8,100,100,75,0,50,12.5,0,0,160,7,3,7,42.9,1,3,33.3,0,0,0,2,0,2,1,0,0,1,1,6,50,50,12.5,50,42.9,119.5,1,1,100,3,3,100,0,0,0,1,0,0,0,40.5,0,0,0,4,2,50,0,0,0,0,1,0,0,0,4,0,2,0,0
PrismaWorx BAL,"Kenyuoe ONDAAN, Kjell DE GRAAF, Lon LICAN, Roel VAN OVERBEEK, Ryan MUHR",1,215,0.0,8,3,5,60,2,3,66.7,0,0,0,0,0,0,2,0,0,0,3,5,42.7,55.8,29.6,43.0,81.1,80,80,66.7,0,0,0,0,60,160,8,3,8,37.5,2,7,28.6,0,0,0,3,1,4,2,0,1,0,0,3,50,50,0,100,87.5,301.9,0,0,0,2,1,50,0,0,0,0,0,0,0,-141.9,0,0,0,1,1,100,0,0,0,0,0,0,0,0,0,2,8,0,0
Rotterdam City Basketball,"Chermano VAN LA PARRA, Chukwuzinife NWOKEJI, Jakari SPENCE, James GRAHAM, Tydus VERHOEVEN",1,162,0.8,7,2,3,66.7,1,2,50,2,3,66.7,0,2,2,2,0,1,1,1,5,76.4,78.8,74.1,30.5,32.4,83.3,81,100,0,100,13.7,100,66.7,131.6,6,3,5,60,0,1,0,0,0,0,0,1,1,1,1,0,0,1,5,60,60,0,0,20,120,0,0,0,1,1,100,0,0,0,0,1,0,0,11.6,0,0,0,4,3,75,0,0,0,0,0,0,0,0,2,0,0,0,0
Rotterdam City Basketball,"Jakari SPENCE, James GRAHAM, Noah SLINGERLAND, Tjall DE VAAL, Tydus VERHOEVEN",1,179,0.0,4,2,3,66.7,0,0,0,0,2,0,0,1,1,0,0,0,1,0,5,65.8,65.4,66.1,36.7,36.3,66.7,51.5,0,0,50,20.5,66.7,0,82,6,3,5,60,0,0,0,0,0,0,1,2,3,3,0,0,1,1,5,60,60,16.7,50,0,121.7,0,0,0,3,2,66.7,0,0,0,0,1,0,0,-39.7,0,0,0,5,3,60,0,0,0,1,0,0,0,0,0,0,2,0,2
Rotterdam City Basketball,"Chermano VAN LA PARRA, Lars NILSEN, Nino VRENCKEN, Noah SLINGERLAND, Tjall DE VAAL",1,117,0.0,7,2,3,66.7,1,2,50,2,2,100,0,1,1,2,0,0,1,2,5,99.1,100.1,98.2,24.0,24.5,83.3,90.2,100,0,50,14.5,66.7,66.7,143.4,9,3,4,75,1,1,100,2,3,66.7,1,1,2,3,0,0,0,1,5,87.5,84.6,0,50,25,188.1,0,0,0,1,1,100,0,0,0,0,0,0,1,-44.6,0,0,0,3,2,66.7,0,0,0,0,0,0,0,0,2,0,0,2,3
Filou Oostende,"Andre GUSTAVSON, Joppe MENNES, Max FIEDLER, Noam YAACOV, Pierre-Antoine GILLET",1,117,0.0,9,3,4,75,1,1,100,2,3,66.7,1,1,2,3,0,0,0,1,5,99.1,98.2,100.1,24.5,24.0,87.5,84.6,100,50,100,0,75,25,188.1,7,2,3,66.7,1,2,50,2,2,100,0,1,1,2,0,0,1,2,5,83.3,90.2,20.5,0,66.7,143.4,0,0,0,3,2,66.7,0,0,0,0,0,0,0,44.6,0,0,0,1,1,100,0,0,0,0,0,0,1,0,2,3,0,2,0
Val-Dieu Spirou Basket,"Dontrez STYLES, Eric NOTTAGE, Juwan GARY, Njegos SIKIRAS, Quinten SMOUT",1,134,0.0,9,4,5,80,1,2,50,0,1,0,0,0,0,1,0,0,0,2,5,88.5,97.4,79.5,24.6,30.2,90,82.7,25,0,0,0,20,40,165.4,7,3,4,75,0,0,0,1,1,100,0,0,0,2,0,0,0,1,4,75,78.8,0,0,0,157.7,0,0,0,3,3,100,0,0,0,0,0,0,0,7.8,0,0,0,4,3,75,0,0,0,0,0,0,0,0,0,0,0,0,0
LWD Basket,"Christopher MAIDOH, Dyami JANECK, Matt FRIERSON, Reinder BRANDSMA, Sam MAILLET",1,133,0.0,2,1,4,25,0,2,0,0,0,0,0,1,1,1,1,0,1,1,5,89.1,90.2,88.1,26.6,27.3,25,25,100,0,100,16.7,0,50,40,5,2,3,66.7,0,0,0,1,2,50,0,3,3,1,1,1,1,0,5,66.7,64.4,20.5,0,0,102.5,1,1,100,1,0,0,0,0,0,1,0,0,0,-62.5,0,0,0,3,2,66.7,0,0,0,1,0,0,0,0,2,2,0,4,2
Windrose Giants Antwerp,"Elias LASISI, Joel MURRAY, Kevin TUMBA, Vincent KESTELOOT, Yoeri SCHOEPEN",1,137,0.0,9,4,4,100,1,1,100,0,1,0,0,2,2,3,0,0,1,2,5,89.2,95.3,83,25.2,28.9,112.5,101.4,75,0,50,11.8,25,25,165.4,4,1,5,20,0,1,0,2,2,100,2,1,3,2,0,0,1,1,5,20,34,14.5,50,20,84.4,1,1,100,2,2,100,0,0,0,1,0,0,0,81.1,2,1,50,2,0,0,0,0,0,1,0,0,0,0,2,3,2,2,0
Donar Groningen,"Austin LUKE, Dane ERIKSTRUP, Dele ADETUNJI, Malik MILLER, Tim HOEVE",1,126,0.0,9,2,4,50,0,2,0,5,5,100,1,1,2,1,0,1,0,2,5,84.7,97.7,71.6,24.6,33.5,50,72.6,50,50,100,0,125,50,175.4,6,1,2,50,0,0,0,4,4,100,0,1,1,0,0,0,0,3,4,50,79.8,0,0,0,159.6,1,1,100,1,1,100,0,0,0,0,0,0,0,15.9,0,0,0,2,1,50,0,0,0,0,0,0,0,2,2,0,0,2,0
Donar Groningen,"Austin LUKE, Damian FORREST, Evan TAYLOR, Tim HOEVE, Wietze NOSSEK",1,167,0.0,5,1,3,33.3,1,3,33.3,2,2,100,0,1,1,2,0,0,1,0,5,77.7,70.1,85.2,34.2,28.2,50,64.4,200,0,50,14.5,66.7,100,102.5,7,3,5,60,1,2,50,0,0,0,1,2,3,0,1,0,2,2,6,70,70,28.6,50,40,118,0,0,0,0,0,0,0,0,0,1,0,0,0,-15.6,0,0,0,3,2,66.7,0,0,0,1,0,0,1,0,3,2,3,0,3
Hubo Limburg United,"Aubin GATERETSE, Jalen BLACKMON, Marijn VERVERS, Thibault VANDERHAEGEN, Wout LEEMANS",1,83,0.0,2,1,3,33.3,0,0,0,0,0,0,0,2,2,1,0,0,1,2,4,99.5,115.7,83.3,20.8,28.8,33.3,33.3,100,0,100,20,0,0,50,2,0,2,0,0,0,0,2,2,100,0,1,1,0,1,1,0,1,3,0,34.7,0,0,0,69.4,0,0,0,3,1,33.3,0,0,0,0,1,0,0,-19.4,0,0,0,2,0,0,0,0,0,0,0,0,0,0,0,0,0,2,2
Hubo Limburg United,"Marijn VERVERS, Nicholas MUSZYNSKI, Nicolas TIMBERLAKE, Quentin SERRON, Thibault VANDERHAEGEN",1,119,0.0,3,1,2,50,0,1,0,1,2,50,0,0,0,1,0,1,1,1,4,77.5,78.3,76.8,30.7,31.2,50,52.1,100,0,0,20.5,100,50,77.3,11,3,4,75,3,3,100,2,2,100,1,2,3,1,1,0,0,2,4,112.5,112.7,0,100,75,288.7,0,0,0,1,1,100,0,0,0,0,1,0,0,-211.4,0,0,0,1,0,0,0,0,0,0,0,0,0,0,0,0,5,3,5
PrismaWorx BAL,"Kara SENE, Lon LICAN, Milo HAUTEKEET, Niels VAN HOLST, Roel VAN OVERBEEK",1,153,0.0,0,0,3,0,0,1,0,0,0,0,0,0,0,0,1,0,1,1,4,60.7,62.7,58.7,38.2,40.9,0,0,0,0,0,25,0,33.3,0,7,2,4,50,1,2,50,2,2,100,2,1,3,2,1,1,1,1,4,62.5,71.7,17,100,50,187.2,0,0,0,2,0,0,0,0,0,1,0,0,0,-187.2,0,0,0,2,1,50,0,0,0,1,0,0,0,0,0,0,3,2,7
Okapi Aalst,"Dante Jr MADDOX, Eddie COLBERT III, Glenn TEMMERMAN, Ivan MARAS, Niels VAN DEN EYNDE",1,102,0.0,7,3,5,60,1,3,33.3,0,0,0,1,0,1,1,0,0,0,0,4,93.3,92.5,94.1,26.0,25.5,70,70,33.3,50,0,0,0,60,178.1,6,3,3,100,0,0,0,0,0,0,0,1,1,2,0,0,1,0,4,100,100,25,0,0,150,0,0,0,2,2,100,0,0,0,0,0,0,0,28.1,1,1,100,2,2,100,0,0,0,1,0,0,0,2,0,0,0,4,0
Okapi Aalst,"Dante Jr MADDOX, Eddie COLBERT III, Joseph ERUKA, Niels VAN DEN EYNDE, Siebe LEDEGEN",1,88,0.0,2,1,4,25,0,2,0,0,0,0,0,2,2,0,0,0,0,0,4,109.1,109.1,109.1,22.0,22.0,25,25,0,0,100,0,0,50,50,3,1,4,25,1,4,25,0,0,0,0,3,3,1,0,0,0,0,4,37.5,37.5,0,0,100,75,2,1,50,0,0,0,0,0,0,0,0,0,0,-25,0,0,0,0,0,0,0,0,0,0,0,0,0,0,2,0,3,3,0
PrismaWorx BAL,"Kenyuoe ONDAAN, Lon LICAN, Milo HAUTEKEET, Roel VAN OVERBEEK, Ryan MUHR",1,98,0.0,4,1,2,50,0,1,0,2,2,100,0,1,1,0,2,0,1,1,4,107.3,95,119.5,25.3,20.1,50,69.4,0,0,100,25.8,100,50,103.1,2,0,1,0,0,1,0,2,2,100,0,1,1,0,1,0,3,1,5,0,53.2,61.5,0,100,41,1,1,100,0,0,0,0,0,0,1,0,0,0,62.1,0,0,0,0,0,0,0,0,0,2,0,0,1,0,4,4,0,2,0
Okapi Aalst,"Dante Jr MADDOX, Ivan MARAS, Malcolm CARREIRA KREPS, Niels VAN DEN EYNDE, Ozzy MASSEY",1,235,0.0,12,3,7,42.9,2,6,33.3,4,4,100,3,1,4,2,0,1,0,0,4,48.4,45.8,51.1,52.5,47.0,57.1,68.5,66.7,100,100,0,57.1,85.7,267.9,8,3,5,60,2,3,66.7,0,0,0,0,0,0,2,0,0,0,5,5,80,80,0,0,60,160,0,0,0,1,1,100,0,0,0,0,0,0,0,107.9,0,0,0,2,1,50,0,0,0,0,0,0,0,8,0,0,0,0,0
Landstede Hammers,"Coen STOLK, Devin WHITFIELD, Erik SAJANTILA, Grayson Alexander CARTER, Leon WILLIAMS",1,94,0.0,6,2,3,66.7,2,2,100,0,0,0,0,0,0,1,0,0,1,3,4,76.6,102.1,51.1,23.5,47.0,100,100,50,0,0,20,0,66.7,150,0,0,1,0,0,1,0,0,0,0,0,1,1,0,0,0,1,0,2,0,0,50,0,100,0,0,0,0,1,0,0,0,0,0,0,0,0,0,150,0,0,0,0,0,0,0,0,0,0,0,0,1,0,0,6,0,0,0
Landstede Hammers,"Boyd VAN DER VUURST, Erik SAJANTILA, Grayson Alexander CARTER, Leon WILLIAMS, Nelson Ellis HASKIN",1,109,0.0,5,2,2,100,1,1,100,0,0,0,0,1,1,0,0,2,2,1,4,59.4,88.1,30.7,27.2,78.1,125,125,0,0,50,50,0,50,125,0,0,3,0,0,0,0,0,0,0,1,0,1,0,0,0,0,0,1,0,0,0,50,0,0,0,0,0,1,1,100,0,0,0,0,2,0,0,125,0,0,0,3,0,0,0,0,0,0,0,0,0,0,0,0,0,0,0
Landstede Hammers,"Boyd VAN DER VUURST, Coen STOLK, Erik SAJANTILA, Jalen THOMAS, Leon WILLIAMS",1,169,2.1,5,2,5,40,1,2,50,0,0,0,2,3,5,1,0,0,2,1,4,68.7,53.8,83.5,44.6,28.7,50,50,50,100,100,25,0,40,131.9,3,1,3,33.3,0,2,0,1,2,50,0,0,0,0,1,1,2,1,6,33.3,38.7,34,0,66.7,51,0,0,0,3,1,33.3,0,0,0,0,2,0,0,80.9,0,0,0,1,1,100,0,0,0,1,0,0,0,3,0,3,0,1,2
Landstede Hammers,"Boyd VAN DER VUURST, Coen STOLK, Devin WHITFIELD, Grayson Alexander CARTER, Troy Drake DOBBS",1,146,0.0,8,2,5,40,2,4,50,2,2,100,1,0,1,2,1,0,0,2,4,71.6,70.3,73,34.2,32.9,60,68,100,50,0,0,40,80,187.1,5,2,2,100,0,0,0,1,1,100,0,1,1,0,0,1,2,1,4,100,102.5,45,0,0,112.6,0,0,0,1,0,0,0,0,0,0,0,0,0,74.5,0,0,0,2,2,100,0,0,0,2,0,0,0,0,0,5,0,0,0
Stella Artois Leuven Bears,"Kelton TALFORD, Roel BUCUMI, Tytan ANDERSON, Wen MUKUBU, Wilson PRUITT",1,129,0.0,7,3,4,75,0,0,0,1,1,100,0,1,1,2,1,0,0,1,4,69.2,82.6,55.8,29.1,43.0,75,78.8,66.7,0,100,0,25,0,157.7,2,1,2,50,0,0,0,0,0,0,0,1,1,0,0,0,1,1,3,50,50,33.3,0,0,66.7,0,0,0,4,3,75,0,0,0,0,0,0,0,91,0,0,0,2,1,50,0,0,0,1,0,0,0,2,0,4,0,0,0
Kangoeroes Basket Mechelen,"Augustas PECIUKEVICIUS, Leander DEDROOG, Mojeed EWUOSHO, Zaba BANGALA, Zan KOSIC",1,96,0.0,2,1,2,50,0,0,0,0,1,0,1,1,2,0,1,0,2,0,4,86.3,97.6,75,24.6,32.0,50,41,0,50,100,45,50,0,51.2,2,1,2,50,0,0,0,0,0,0,0,1,1,0,2,0,1,1,3,50,50,33.3,0,0,66.7,1,1,100,1,0,0,0,0,0,1,1,0,0,-15.5,0,0,0,2,1,50,0,0,0,1,0,0,0,2,0,2,0,0,2
Filou Oostende,"Aleksandre MERKVILADZE, Andre GUSTAVSON, Max FIEDLER, Noam YAACOV, Simon BUYSSE",1,139,0.0,6,3,4,75,0,0,0,0,0,0,0,1,1,1,1,0,0,0,4,69.1,69.1,69.1,34.8,34.8,75,75,33.3,0,100,0,0,0,150,5,2,3,66.7,1,2,50,0,0,0,0,1,1,2,0,1,1,1,4,83.3,83.3,25,0,66.7,125,0,0,0,4,3,75,0,0,0,0,0,0,0,25,0,0,0,1,1,100,0,0,0,1,0,0,0,0,0,0,0,0,0
Filou Oostende,"Aleksandre MERKVILADZE, Andre GUSTAVSON, Joppe MENNES, Max FIEDLER, Noam YAACOV",1,91,0.0,3,1,4,25,0,2,0,1,1,100,0,2,2,1,0,0,0,0,4,98.1,117.1,79.1,20.5,30.3,25,33.8,100,0,100,0,25,50,67.6,3,1,3,33.3,1,1,100,0,0,0,0,3,3,1,0,0,0,1,3,50,50,0,0,33.3,100,0,0,0,2,1,50,0,0,0,0,0,0,0,-32.4,0,0,0,2,0,0,0,0,0,0,0,0,0,0,2,0,0,0,0
Filou Oostende,"Aleksandre MERKVILADZE, Haris BRATANOVIC, Noam YAACOV, Simon BUYSSE, Tim WAERNIERS",1,148,0.0,8,3,5,60,0,1,0,2,2,100,2,2,4,3,0,0,0,0,4,70.9,60.6,81.1,39.6,29.6,60,68,100,100,100,0,40,20,213.9,4,2,4,50,0,1,0,0,0,0,0,0,0,0,0,0,1,1,5,50,50,20,0,25,80,1,1,100,3,2,66.7,0,0,0,0,0,0,0,133.9,0,0,0,3,2,66.7,0,0,0,1,0,0,0,4,2,0,0,0,0
Filou Oostende,"Andre GUSTAVSON, Haris BRATANOVIC, Joppe MENNES, Moussa SYLLA, Tim WAERNIERS",1,156,0.0,9,4,4,100,1,1,100,0,1,0,0,3,3,4,0,0,0,0,4,72.6,68.3,76.9,35.1,31.2,112.5,101.4,100,0,100,0,25,25,202.7,2,1,4,25,0,1,0,0,0,0,0,1,1,0,0,0,1,1,5,25,25,20,0,25,40,2,2,100,1,1,100,0,0,0,0,0,0,0,162.7,0,0,0,3,1,33.3,0,0,0,0,1,0,0,2,0,4,0,0,0
Brussels Basketball,"Arne SCHREVENS, Jamison OVERTON, Jomaru BROWN, Louis HAZARD, Tonko VUKO",1,145,0.0,0,0,2,0,0,1,0,0,0,0,0,1,1,0,0,0,2,2,4,64.6,66.2,63.1,36.2,38.1,0,0,0,0,50,50,0,50,0,4,1,3,33.3,0,2,0,2,2,100,1,2,3,0,0,0,1,2,4,33.3,51.5,20.5,50,66.7,105,0,0,0,1,0,0,0,0,0,0,1,0,0,-105,0,0,0,1,1,100,0,0,0,0,0,0,0,0,0,0,2,2,0
Val-Dieu Spirou Basket,"Adedayo POLET, Dontrez STYLES, Eric NOTTAGE, Lukijan ZECEVIC, Njegos SIKIRAS",1,163,0.0,4,0,2,0,0,0,0,4,4,100,1,1,2,0,0,0,2,2,4,55.6,53.3,57.9,45.0,41.5,0,53.2,0,100,50,34.7,200,0,110.5,2,1,3,33.3,0,0,0,0,0,0,1,0,1,0,1,1,2,5,4,33.3,33.3,40,50,0,50.9,0,0,0,2,0,0,0,0,0,1,1,0,0,59.6,0,0,0,3,1,33.3,0,0,0,0,0,0,1,0,4,0,0,0,2
Windrose Giants Antwerp,"Andrew FUNK, Enoch CHEEKS, Kaden ANDERSON, Rasheed BELLO, Vincent KESTELOOT",1,116,0.3,8,3,4,75,2,2,100,0,0,0,0,2,2,2,0,0,0,1,4,82.8,82.8,82.8,29.0,29.0,100,100,66.7,0,100,0,0,50,200,4,2,4,50,0,0,0,0,0,0,0,1,1,1,0,0,0,2,4,50,50,0,0,0,100,0,0,0,2,1,50,0,0,0,0,0,0,0,100,0,0,0,4,2,50,0,0,0,0,0,0,0,0,3,0,0,0,0
LWD Basket,"Bram TER WEEME, Maik BOUWER, Reinder BRANDSMA, Shakael PRYCE, Tristan DE ZWART FORSYTH",1,121,0.0,4,2,4,50,0,0,0,0,0,0,1,0,1,0,0,0,1,1,4,88.6,78,99.2,30.8,24.2,50,50,0,50,0,20,0,0,101.8,8,3,4,75,2,2,100,0,0,0,0,1,1,3,0,1,1,0,5,100,100,20,0,50,160,1,1,100,3,1,33.3,0,0,0,0,0,0,1,-58.2,0,0,0,2,1,50,0,0,0,0,1,0,0,2,0,2,3,0,0
LWD Basket,"Maik BOUWER, Matt FRIERSON, Reinder BRANDSMA, Sam MAILLET, Shakael PRYCE",1,129,0.0,4,1,3,33.3,0,2,0,2,3,66.7,0,2,2,1,1,0,0,0,4,77.4,80.4,74.4,29.9,32.2,33.3,46.3,100,0,100,0,100,66.7,92.6,2,1,3,33.3,0,1,0,0,0,0,0,2,2,0,0,0,1,3,4,33.3,33.3,25,0,33.3,50,0,0,0,1,1,100,0,0,0,0,0,0,0,42.6,0,0,0,2,1,50,0,0,0,1,0,0,0,0,2,2,0,0,0
LWD Basket,"Dyami JANECK, Maik BOUWER, Sam MAILLET, Shakael PRYCE, Tristan DE ZWART FORSYTH",1,110,1.8,5,2,3,66.7,1,1,100,0,0,0,0,1,1,1,0,1,1,1,4,87.3,87.3,87.3,27.5,27.5,83.3,83.3,50,0,100,20,0,33.3,125,8,3,4,75,2,2,100,0,0,0,0,1,1,2,0,1,0,0,4,100,100,0,0,50,200,0,0,0,2,1,50,0,0,0,0,1,0,0,-75,1,1,100,1,0,0,0,0,0,0,0,0,0,0,3,0,3,0,5
Windrose Giants Antwerp,"Christian ELOCOBE, Elias LASISI, Kaden ANDERSON, Rasheed BELLO, Yoeri SCHOEPEN",1,102,0.0,3,1,4,25,0,2,0,1,2,50,1,1,2,1,1,0,0,0,4,95,95.9,94.1,25.0,25.5,25,30.7,100,25,100,0,50,50,73.6,5,2,3,66.7,1,2,50,0,0,0,0,3,3,1,0,0,1,1,4,83.3,83.3,25,0,66.7,125,1,1,100,1,0,0,0,0,0,0,0,0,0,-51.4,0,0,0,1,1,100,0,0,0,0,1,0,0,1,2,2,0,0,0
Donar Groningen,"Austin LUKE, Coen GELLING, Damian FORREST, Malik MILLER, Tim HOEVE",1,149,0.0,3,1,6,16.7,1,5,20,0,0,0,2,1,3,1,2,0,1,2,4,66.1,69.7,62.5,34.5,38.4,25,25,100,50,100,12.5,0,83.3,69.4,2,0,1,0,0,0,0,2,2,100,0,2,2,0,0,1,2,1,4,0,53.2,51.5,0,0,51.5,0,0,0,1,0,0,0,0,0,0,1,0,0,17.8,0,0,0,1,0,0,0,0,0,1,1,0,0,0,0,0,0,0,0
Den Helder Suns,"Bryan ANTOINE, Carter GILMORE, Drew STOVER, Nick THRAN, Reginald MESIDOR",1,107,0.0,0,0,4,0,0,1,0,0,0,0,1,3,4,0,0,0,0,1,3,76.4,65.7,87,36.5,27.6,0,0,0,25,100,0,0,25,0,1,0,3,0,0,1,0,1,2,50,0,3,3,1,0,0,0,1,4,0,12.9,0,0,33.3,25.8,0,0,0,3,0,0,0,0,0,0,0,0,0,-25.8,0,0,0,2,0,0,0,0,0,0,0,0,0,0,0,0,0,1,0
Den Helder Suns,"Bryan ANTOINE, Carter GILMORE, Jonas VISSER, Nick THRAN, Thijs BEENS",1,124,0.0,1,0,4,0,0,1,0,1,2,50,3,0,3,0,0,0,1,0,3,34.8,51.7,18,46.4,133.3,0,10.2,0,75,0,17,50,25,37.5,2,1,2,50,0,0,0,0,0,0,1,1,2,0,0,0,0,2,1,50,50,0,100,0,215.1,0,0,0,3,0,0,0,0,0,0,1,0,0,-177.6,0,0,0,2,1,50,0,0,0,0,0,0,0,1,0,0,2,0,2
Hubo Limburg United,"Aubin GATERETSE, Marijn VERVERS, Quentin SERRON, Thibault VANDERHAEGEN, Wout LEEMANS",1,83,0.0,4,1,1,100,0,0,0,2,2,100,0,1,1,1,0,0,1,2,3,88.6,83.3,94,28.8,25.5,100,106.4,100,0,50,25.8,200,0,138.9,5,1,3,33.3,1,1,100,2,3,66.7,1,0,1,1,1,0,0,1,3,50,57.9,0,50,33.3,153.8,0,0,0,1,1,100,0,0,0,0,1,0,0,-15,0,0,0,2,0,0,0,0,0,0,0,0,0,0,2,0,0,0,1
Den Helder Suns,"Bryan ANTOINE, Drew STOVER, Noah VAN DER HEIDEN, Reginald MESIDOR, Siem UIJTENDAAL",1,82,0.7,2,0,2,0,0,0,0,2,2,100,1,2,3,0,1,0,1,1,3,99.7,82.2,117.1,29.2,20.5,0,34.7,0,50,100,25.8,100,0,71.2,2,1,3,33.3,0,0,0,0,0,0,0,1,1,1,1,0,1,1,4,33.3,33.3,25,0,0,50,0,0,0,2,0,0,0,0,0,1,0,0,0,21.2,0,0,0,3,1,33.3,0,0,0,0,1,0,0,0,2,2,0,2,2
Den Helder Suns,"Bryan ANTOINE, Carter GILMORE, Jonas VISSER, Reginald MESIDOR, Siem UIJTENDAAL",1,71,0.0,5,1,3,33.3,1,1,100,2,3,66.7,1,0,1,1,1,0,0,1,3,103.6,109.9,97.4,21.8,24.7,50,57.9,100,50,0,0,100,33.3,153.8,4,1,1,100,0,0,0,2,2,100,0,1,1,1,0,0,1,2,3,100,106.4,34.7,0,0,138.9,0,0,0,2,0,0,0,0,0,0,0,0,0,15,0,0,0,1,1,100,0,0,0,0,1,0,0,0,0,1,0,2,0
Okapi Aalst,"Dante Jr MADDOX, Eddie COLBERT III, Jasper UNAL, Malcolm CARREIRA KREPS, Mattias PALINCKX",1,81,0.0,2,0,1,0,0,1,0,2,2,100,1,0,1,1,1,1,2,1,3,71.3,83.3,59.3,28.8,40.5,0,53.2,0,100,0,41,200,100,71.2,0,0,1,0,0,0,0,0,0,0,0,0,0,0,1,0,1,1,2,0,0,50,0,0,0,0,0,0,0,0,0,0,0,0,1,1,0,0,71.2,0,0,0,1,0,0,0,0,0,1,0,0,0,0,0,2,0,0,0
Okapi Aalst,"Dante Jr MADDOX, Eddie COLBERT III, Jasper UNAL, Joseph ERUKA, Siebe LEDEGEN",1,117,0.0,7,2,3,66.7,2,2,100,1,2,50,1,2,3,2,0,0,0,0,3,75.3,68.6,82.1,35.0,29.2,100,90.2,100,50,100,0,66.7,66.7,209.3,2,1,4,25,0,1,0,0,0,0,0,1,1,0,0,0,0,2,4,25,25,0,0,25,50,0,0,0,1,0,0,0,0,0,0,0,0,0,159.3,0,0,0,3,1,33.3,0,0,0,0,0,0,0,0,0,0,0,0,0
PrismaWorx BAL,"Kara SENE, Lon LICAN, Milo HAUTEKEET, Roel VAN OVERBEEK, Ryan MUHR",1,44,0.0,2,0,2,0,0,0,0,2,2,100,0,1,1,0,0,0,0,0,3,133.1,157.1,109.1,15.3,22.0,0,34.7,0,0,100,0,100,0,69.4,2,1,2,50,0,0,0,0,0,0,0,1,1,0,0,0,0,1,2,50,50,0,0,0,100,0,0,0,2,0,0,0,0,0,0,0,0,0,-30.6,0,0,0,2,1,50,0,0,0,0,0,0,0,0,2,0,2,0,0
PrismaWorx BAL,"Kenyuoe ONDAAN, Kjell DE GRAAF, Lon LICAN, Niels VAN HOLST, Roel VAN OVERBEEK",1,79,0.0,2,1,1,100,0,0,0,0,0,0,0,0,0,0,0,0,2,2,3,87.5,91.1,83.8,26.3,28.6,100,100,0,0,0,66.7,0,0,66.7,6,1,1,100,0,0,0,4,4,100,0,0,0,0,1,0,0,0,3,100,108.7,0,0,0,217.4,0,0,0,1,1,100,0,0,0,2,0,0,0,-150.7,0,0,0,1,1,100,0,0,0,0,0,0,0,0,0,0,0,2,2
PrismaWorx BAL,"Kenyuoe ONDAAN, Kjell DE GRAAF, Lon LICAN, Niels VAN HOLST, Romano SIBILO",1,58,0.0,4,1,3,33.3,1,3,33.3,1,2,50,1,0,1,0,0,0,0,0,3,99.5,116.3,82.8,20.6,29.0,50,51.5,0,50,0,0,66.7,100,142.3,2,1,1,100,0,0,0,0,0,0,0,1,1,0,0,0,1,2,2,100,100,50,0,0,100,0,0,0,0,0,0,0,0,0,0,0,0,0,42.3,0,0,0,1,1,100,0,0,0,0,0,0,0,3,0,0,0,0,0
PrismaWorx BAL,"Kenyuoe ONDAAN, Kjell DE GRAAF, Lon LICAN, Romano SIBILO, Ryan MUHR",1,108,1.8,2,1,3,33.3,0,0,0,0,0,0,0,0,0,1,0,0,0,0,3,66.7,66.7,66.7,36.0,36.0,33.3,33.3,100,0,0,0,0,0,66.7,7,3,3,100,1,1,100,0,0,0,0,2,2,2,0,0,0,1,3,116.7,116.7,0,0,33.3,233.3,0,0,0,3,1,33.3,0,0,0,0,0,0,0,-166.7,0,0,0,2,2,100,0,0,0,0,0,0,0,0,2,0,0,0,0
Landstede Hammers,"Coen STOLK, Erik SAJANTILA, Grayson Alexander CARTER, Leon WILLIAMS, Nelson Ellis HASKIN",1,86,0.0,5,2,2,100,1,1,100,0,0,0,0,1,1,1,1,0,1,0,3,83.7,83.7,83.7,28.7,28.7,125,125,50,0,100,25,0,50,166.7,0,0,1,0,0,0,0,0,0,0,0,0,0,0,0,0,2,0,3,0,0,66.7,0,0,0,0,0,0,1,1,100,0,0,0,0,1,0,0,166.7,0,0,0,1,0,0,0,0,0,0,2,0,0,0,0,5,0,0,0
Zorg en Zekerheid Leiden,"Lucas KRUITHOF, Roeland SCHAFTENAAR, Sam HUURMAN, Stan VAN DEN ELZEN, Tyreek SCOTT-GRAYSON",1,156,0.0,4,2,4,50,0,0,0,0,0,0,1,1,2,1,0,0,0,0,3,52.2,45.1,59.4,53.2,40.4,50,50,50,50,33.3,0,0,0,136.5,7,3,6,50,1,2,50,0,0,0,2,1,3,1,0,1,0,3,4,58.3,58.3,0,66.7,33.3,181.3,0,0,0,4,2,50,0,0,0,0,0,0,0,-44.8,1,1,100,3,1,33.3,0,0,0,0,0,0,0,2,2,2,4,0,0
Landstede Hammers,"Coen STOLK, Erik SAJANTILA, Jalen THOMAS, Leon WILLIAMS, Nelson Ellis HASKIN",1,108,0.0,4,2,5,40,0,1,0,0,0,0,2,1,3,1,0,0,0,1,3,65.1,63.6,66.7,37.8,36.0,40,40,50,66.7,100,0,0,20,139.9,4,2,3,66.7,0,0,0,0,0,0,0,1,1,1,0,0,0,0,3,66.7,66.7,0,0,0,133.3,1,1,100,3,1,33.3,0,0,0,0,0,0,0,6.5,0,0,0,3,2,66.7,0,0,0,0,0,0,0,4,0,0,2,2,2
Landstede Hammers,"Coen STOLK, Devin WHITFIELD, Jalen THOMAS, Nelson Ellis HASKIN, Troy Drake DOBBS",1,120,0.0,2,1,2,50,0,1,0,0,0,0,0,1,1,0,1,1,1,1,3,74.6,60,89.1,40.0,26.9,50,50,0,0,20,33.3,0,50,66.7,5,2,6,33.3,0,2,0,1,2,50,4,1,5,2,1,0,1,0,4,33.3,36.3,12.7,80,33.3,112.2,1,1,100,0,0,0,0,0,0,0,1,0,0,-45.5,0,0,0,4,2,50,0,0,0,1,0,0,0,0,0,0,1,2,2
Landstede Hammers,"Boyd VAN DER VUURST, Coen STOLK, Devin WHITFIELD, Grayson Alexander CARTER, Leon WILLIAMS",1,130,0.0,3,1,2,50,1,2,50,0,0,0,0,4,4,1,0,0,1,0,3,73.2,55.4,91,43.3,26.4,75,75,100,0,80,25,0,100,100,2,1,6,16.7,0,1,0,0,0,0,1,1,2,0,1,0,0,2,5,16.7,16.7,0,20,16.7,40.6,0,0,0,0,0,0,0,0,0,0,1,0,0,59.4,1,1,100,4,0,0,0,0,0,0,0,0,0,0,0,0,0,0,2
Zorg en Zekerheid Leiden,"Dimitri MACONDA, Lucas KRUITHOF, Roeland SCHAFTENAAR, Sam HUURMAN, Stan VAN DEN ELZEN",1,120,0.0,2,1,4,25,0,1,0,0,0,0,1,1,2,0,1,0,0,1,3,59.3,58.6,60,41.0,40.0,25,25,0,33.3,100,0,0,25,68.3,3,1,2,50,1,1,100,0,0,0,0,2,2,1,0,0,1,0,3,75,75,33.3,0,50,100,1,1,100,2,0,0,0,0,0,0,0,0,0,-31.7,0,0,0,1,0,0,0,0,0,0,1,0,0,0,0,2,0,0,0
Landstede Hammers,"Coen STOLK, Devin WHITFIELD, Jalen THOMAS, Leon WILLIAMS, Troy Drake DOBBS",1,96,0.0,2,1,3,33.3,0,0,0,0,0,0,1,1,2,1,0,0,1,1,3,71.7,73.2,70.2,32.8,34.2,33.3,33.3,100,50,50,20,0,0,68.3,4,1,3,33.3,0,1,0,2,2,100,1,1,2,1,1,0,0,0,3,33.3,51.5,0,50,33.3,142.3,1,0,0,2,1,50,0,0,0,0,1,0,0,-74.1,0,0,0,2,1,50,0,0,0,0,0,0,0,0,2,0,2,0,2
Kangoeroes Basket Mechelen,"Augustas PECIUKEVICIUS, Leander DEDROOG, Nick STAMPLEY, Seppe WILLEMS, Zan KOSIC",1,70,0.0,0,0,4,0,0,2,0,0,0,0,1,1,2,0,0,0,0,1,3,61.3,88.2,34.3,27.2,70.0,0,0,0,33.3,100,0,0,50,0,0,0,1,0,0,1,0,0,0,0,0,2,2,0,0,1,0,0,1,0,0,0,0,100,0,1,0,0,1,0,0,0,0,0,0,0,0,0,0,0,0,0,0,0,0,0,0,0,0,0,0,0,0,0,0,0,0,0
Kangoeroes Basket Mechelen,"Joshua HEATH, Leander DEDROOG, Yannick DAMMEN, Zaba BANGALA, Zan KOSIC",1,81,1.4,3,1,2,50,1,2,50,0,0,0,0,0,0,1,0,0,1,1,3,74.1,88.9,59.3,27.0,40.5,75,75,100,0,0,25,0,100,100,4,2,2,100,0,0,0,0,0,0,0,1,1,2,1,0,0,0,2,100,100,0,0,0,200,0,0,0,0,0,0,0,0,0,0,1,0,0,-100,1,1,100,1,1,100,0,0,0,0,0,0,0,0,0,0,0,2,2
Stella Artois Leuven Bears,"Guillaume DE MOL, Tytan ANDERSON, Victor VANDERSTRAETEN, Wen MUKUBU, Wilson PRUITT",1,75,0.0,4,2,2,100,0,0,0,0,0,0,0,2,2,1,0,0,1,1,3,94.1,96,92.2,25.0,26.0,100,100,50,0,100,25,0,0,133.3,1,0,2,0,0,1,0,1,2,50,0,0,0,0,1,0,0,0,3,0,17.4,0,0,50,34.7,0,0,0,2,2,100,0,0,0,0,1,0,0,98.6,0,0,0,1,0,0,0,0,0,0,0,0,0,0,0,0,0,1,1
Stella Artois Leuven Bears,"Guillaume DE MOL, Roel BUCUMI, Victor VANDERSTRAETEN, Wen MUKUBU, Wilson PRUITT",1,136,0.0,2,1,2,50,0,0,0,0,0,0,0,1,1,1,0,1,1,0,3,61.8,52.9,70.6,45.3,34.0,50,50,100,0,100,25,0,0,66.7,7,3,4,75,1,1,100,0,0,0,0,1,1,2,1,0,0,0,4,87.5,87.5,0,0,25,175,0,0,0,2,1,50,0,0,0,0,1,0,0,-108.3,0,0,0,3,2,66.7,0,0,0,0,0,0,0,0,0,0,0,2,3
Rotterdam City Basketball,"Chukwuzinife NWOKEJI, Jakari SPENCE, James GRAHAM, Lars NILSEN, Noah SLINGERLAND",1,91,0.0,3,1,3,33.3,1,1,100,0,0,0,0,3,3,1,0,0,0,1,3,98.1,79.1,117.1,30.3,20.5,50,50,100,0,100,0,0,33.3,100,3,1,4,25,0,2,0,1,1,100,0,2,2,1,0,0,0,0,4,25,33.8,0,0,50,67.6,0,0,0,2,0,0,0,0,0,0,0,0,0,32.4,0,0,0,2,1,50,0,0,0,0,0,0,0,0,0,0,0,2,0
Filou Oostende,"Andre GUSTAVSON, Moussa SYLLA, Noam YAACOV, Simon BUYSSE, Tim WAERNIERS",1,116,0.0,2,1,2,50,0,0,0,0,0,0,0,0,0,0,0,0,1,0,3,72.4,62.1,82.8,38.7,29.0,50,50,0,0,0,33.3,0,0,66.7,4,2,2,100,0,0,0,0,0,0,0,1,1,0,0,0,2,0,4,100,100,50,0,0,100,0,0,0,2,1,50,0,0,0,1,0,0,0,-33.3,0,0,0,2,2,100,0,0,0,0,2,0,0,0,0,2,0,0,0
Filou Oostende,"Aleksandre MERKVILADZE, Andre GUSTAVSON, Moussa SYLLA, Noam YAACOV, Pierre-Antoine GILLET",1,116,0.0,4,2,3,66.7,0,1,0,0,0,0,0,3,3,2,0,0,0,0,3,61.3,62.1,60.6,38.7,39.6,66.7,66.7,100,0,75,0,0,33.3,133.3,0,0,4,0,0,3,0,0,0,0,1,1,2,0,0,0,0,0,3,0,0,0,25,75,0,0,0,0,2,2,100,0,0,0,0,0,0,0,133.3,0,0,0,1,0,0,0,0,0,0,0,0,0,0,0,0,0,0,0
Rotterdam City Basketball,"Chermano VAN LA PARRA, Lars NILSEN, Nino VRENCKEN, Tjall DE VAAL, Tydus VERHOEVEN",1,93,0.0,1,0,1,0,0,0,0,1,2,50,0,2,2,0,0,0,1,1,3,68.6,74.3,63,32.3,38.1,0,26.6,0,0,100,34.7,200,0,34.7,2,1,2,50,0,1,0,0,1,0,0,1,1,1,0,0,0,2,2,50,41,0,0,50,82,0,0,0,1,0,0,0,0,0,1,0,0,0,-47.2,0,0,0,1,1,100,0,0,0,0,0,0,0,0,0,0,0,0,2
Filou Oostende,"Aleksandre MERKVILADZE, Andre GUSTAVSON, Haris BRATANOVIC, Noam YAACOV, Tim WAERNIERS",1,81,0.0,6,2,3,66.7,0,0,0,2,2,100,1,0,1,0,0,0,0,0,3,71.3,83.3,59.3,28.8,40.5,66.7,77.3,0,100,0,0,66.7,0,213.5,0,0,1,0,0,1,0,0,0,0,0,0,0,0,0,1,1,2,2,0,0,50,0,100,0,1,0,0,2,2,100,0,0,0,0,0,0,0,213.5,0,0,0,0,0,0,0,0,0,0,0,0,0,2,0,2,0,0,0
Filou Oostende,"Aleksandre MERKVILADZE, Andre GUSTAVSON, Haris BRATANOVIC, Joppe MENNES, Tim WAERNIERS",1,112,0.0,4,2,5,40,0,1,0,0,0,0,2,2,4,2,2,0,0,1,3,72.7,61.3,84.2,39.2,28.5,40,40,100,66.7,66.7,0,0,20,139.9,0,0,3,0,0,1,0,0,0,0,1,1,2,0,0,0,2,1,4,0,0,40,33.3,33.3,0,0,0,0,4,2,50,0,0,0,0,0,0,0,139.9,0,0,0,2,0,0,0,0,0,0,2,0,0,4,0,2,0,0,0
Rotterdam City Basketball,"Chermano VAN LA PARRA, Lars NILSEN, Liam VAN DER SCHALIE, Noah SLINGERLAND, Tydus VERHOEVEN",1,82,0.0,0,0,3,0,0,1,0,0,0,0,0,1,1,0,0,0,0,1,3,94.2,87.8,100.7,27.3,23.8,0,0,0,0,100,0,0,33.3,0,7,3,3,100,1,1,100,0,1,0,0,3,3,3,0,0,0,0,3,116.7,101.7,0,0,33.3,203.5,0,0,0,2,0,0,0,0,0,0,0,0,0,-203.5,2,2,100,0,0,0,0,0,0,0,0,0,0,0,0,0,0,0,2
Val-Dieu Spirou Basket,"Dontrez STYLES, Juwan GARY, Malcolm MAKWA, Njegos SIKIRAS, Zeb JACKSON",1,96,0.0,0,0,2,0,0,1,0,0,0,0,0,0,0,0,0,1,1,1,3,79.6,75,84.2,32.0,28.5,0,0,0,0,0,33.3,0,50,0,7,3,4,75,0,0,0,1,1,100,1,2,3,0,0,0,0,0,3,75,78.8,0,100,0,207.7,0,0,0,1,0,0,0,0,0,1,0,0,0,-207.7,0,0,0,4,3,75,0,0,0,0,0,0,0,0,0,0,2,0,2
Brussels Basketball,"Arne SCHREVENS, Demetric HORTON, Jamison OVERTON, Jomaru BROWN, Tonko VUKO",1,96,0.0,7,3,4,75,0,0,0,1,1,100,1,2,3,0,0,0,0,0,3,79.6,84.2,75,28.5,32.0,75,78.8,0,100,100,0,25,0,207.7,0,0,2,0,0,1,0,0,0,0,0,0,0,0,0,1,1,1,3,0,0,33.3,0,50,0,0,0,0,4,3,75,0,0,0,0,0,0,0,207.7,0,0,0,1,0,0,0,0,0,1,0,0,0,2,0,2,0,0,0
Val-Dieu Spirou Basket,"Adedayo POLET, Enoch BOAKYE, Eric NOTTAGE, Lukijan ZECEVIC, Maxime BILOLO KATUALA",1,106,0.0,4,0,2,0,0,1,0,4,4,100,2,1,3,0,1,0,1,0,3,63.6,59.3,67.9,40.5,35.3,0,53.2,0,100,100,21,200,50,152.7,0,0,1,0,0,1,0,0,0,0,0,0,0,0,1,0,2,2,3,0,0,66.7,0,100,0,0,0,0,1,0,0,0,0,0,0,1,0,0,152.7,0,0,0,0,0,0,0,0,0,1,1,0,0,4,2,2,0,0,0
Brussels Basketball,"Alexandre LIBERT, Deishuan BOOKER, Demetric HORTON, Godwin TSHIMANGA, Tonko VUKO",1,80,0.0,4,1,3,33.3,1,3,33.3,1,2,50,1,2,3,1,0,0,0,0,3,72.1,84.3,60,28.5,40.0,50,51.5,100,50,100,0,66.7,100,142.3,0,0,2,0,0,1,0,0,0,0,0,1,1,0,0,0,0,1,2,0,0,0,0,50,0,0,0,0,0,0,0,0,0,0,0,0,0,0,142.3,0,0,0,1,0,0,0,0,0,0,0,0,0,1,0,0,0,0,0
Brussels Basketball,"Alexandre LIBERT, Demetric HORTON, Godwin TSHIMANGA, Jared AMBROSE, Louis HAZARD",1,189,0.0,2,1,2,50,0,0,0,0,0,0,0,1,1,1,0,1,1,4,3,57.5,38.1,77,63.0,31.2,50,50,100,0,33.3,25,0,0,66.7,8,3,6,50,0,1,0,2,5,40,2,1,3,1,1,0,0,1,6,50,48.8,0,66.7,16.7,132,0,0,0,2,1,50,0,0,0,1,0,0,0,-65.3,0,0,0,5,3,60,0,0,0,0,0,0,0,0,0,0,2,1,1
Brussels Basketball,"Alexandre LIBERT, Arne SCHREVENS, Demetric HORTON, Godwin TSHIMANGA, Louis HAZARD",1,76,0.0,6,2,3,66.7,2,3,66.7,0,0,0,0,1,1,2,1,0,0,0,3,78.9,94.7,63.2,25.3,38.0,100,100,100,0,100,0,0,100,200,0,0,1,0,0,1,0,0,0,0,0,0,0,0,0,0,1,0,2,0,0,50,0,100,0,0,0,0,0,0,0,0,0,0,0,0,0,0,200,0,0,0,0,0,0,0,0,0,0,1,0,0,0,0,3,0,0,0
Val-Dieu Spirou Basket,"Dontrez STYLES, Enoch BOAKYE, Eric NOTTAGE, Juwan GARY, Lukijan ZECEVIC",1,136,0.0,5,2,4,50,1,3,33.3,0,0,0,1,2,3,0,0,0,1,1,3,51.7,50.5,52.9,47.6,45.3,62.5,62.5,0,100,100,20,0,75,174.8,2,1,3,33.3,0,1,0,0,0,0,0,0,0,0,0,0,0,0,3,33.3,33.3,0,0,33.3,66.7,1,1,100,0,0,0,0,0,0,0,0,0,0,108.2,0,0,0,2,1,50,0,0,0,0,0,0,0,2,0,0,0,0,0
Windrose Giants Antwerp,"Elias LASISI, Enoch CHEEKS, Kaden ANDERSON, Niels DE RIDDER, Rasheed BELLO",1,83,0.0,5,2,4,50,0,1,0,1,1,100,1,0,1,1,1,0,0,1,3,77.6,97.4,57.8,24.6,41.5,50,56.3,50,50,0,0,25,25,148.4,0,0,0,0,0,0,0,0,0,0,0,1,1,0,0,0,2,2,2,0,0,100,0,0,0,0,0,0,3,2,66.7,0,0,0,0,0,0,0,148.4,0,0,0,0,0,0,0,0,0,1,1,0,0,2,2,4,0,0,0
Windrose Giants Antwerp,"Andrew FUNK, Elias LASISI, Niels DE RIDDER, Rasheed BELLO, Vincent KESTELOOT",1,65,0.0,2,1,2,50,0,0,0,0,0,0,0,0,0,1,0,0,1,0,3,91,110.8,71.3,21.7,33.7,50,50,100,0,0,25,0,0,66.7,4,2,3,66.7,0,0,0,0,0,0,1,0,1,0,0,0,0,1,2,66.7,66.7,0,100,0,207.3,0,0,0,2,1,50,0,0,0,0,1,0,0,-140.6,1,1,100,2,1,50,0,0,0,0,0,0,0,0,0,0,2,0,2
Windrose Giants Antwerp,"Elias LASISI, Joel MURRAY, Kaden ANDERSON, Rasheed BELLO, Yoeri SCHOEPEN",1,70,1.2,4,2,4,50,0,0,0,0,0,0,1,2,3,1,0,1,0,1,3,84.5,100.5,68.6,23.9,35.0,50,50,50,50,100,0,0,0,136.5,0,0,2,0,0,1,0,0,0,0,0,1,1,0,0,0,0,0,2,0,0,0,0,50,0,1,1,100,3,1,33.3,0,0,0,0,0,0,0,136.5,0,0,0,1,0,0,0,0,0,0,0,0,0,2,0,0,0,0,0
Windrose Giants Antwerp,"Andrew FUNK, Christian ELOCOBE, Feie TALLIR, Kaden ANDERSON, Kevin TUMBA",1,98,0.0,2,0,2,0,0,1,0,2,2,100,1,1,2,1,2,0,1,1,3,83.4,68.8,98,34.9,24.5,0,34.7,0,50,100,20.5,100,50,71.2,3,1,2,50,1,2,50,0,0,0,0,1,1,0,1,0,2,1,4,75,75,50,0,100,75,0,0,0,1,0,0,0,0,0,0,1,0,0,-3.8,0,0,0,0,0,0,0,0,0,2,0,0,0,0,2,2,0,0,0
Union Mons-Hainaut,"Fortune KATIKI, Greg MILTON III, Malik WHITAKER, Matic MIKUS, Matteo VERSTRAETE",1,107,0.0,2,1,3,33.3,0,1,0,0,0,0,0,2,2,0,0,0,0,1,3,67.3,67.3,67.3,35.7,35.7,33.3,33.3,0,0,100,0,0,33.3,66.7,2,1,3,33.3,0,2,0,0,0,0,0,2,2,0,0,0,0,0,3,33.3,33.3,0,0,66.7,66.7,0,0,0,2,1,50,0,0,0,0,0,0,0,0,0,0,0,1,1,100,0,0,0,0,0,0,0,0,0,0,0,0,0
Union Mons-Hainaut,"Fortune KATIKI, Maks KLANJSCEK, Malik WHITAKER, Matic MIKUS, Sacha GODIMUS",1,94,0.0,4,1,1,100,0,0,0,2,2,100,0,1,1,1,0,0,1,1,3,80.9,73.5,88.2,32.6,27.2,100,106.4,100,0,33.3,25.8,200,0,138.9,6,2,4,50,2,4,50,0,2,0,2,0,2,2,1,0,0,1,3,75,61.5,0,66.7,100,173.7,0,0,0,1,1,100,0,0,0,1,0,0,0,-34.9,0,0,0,0,0,0,0,0,0,0,0,0,0,0,0,0,3,0,0
Donar Groningen,"Austin LUKE, Damian FORREST, Dane ERIKSTRUP, Malik MILLER, Tim HOEVE",1,127,0.0,6,2,4,50,2,4,50,0,2,0,2,0,2,2,1,0,0,1,3,69.3,65.3,73.3,36.8,32.7,75,61.5,100,66.7,0,0,50,100,173.7,8,2,2,100,2,2,100,2,2,100,0,1,1,1,0,0,1,2,4,150,138.9,25.8,0,100,206.2,0,0,0,0,0,0,0,0,0,0,0,0,0,-32.4,0,0,0,0,0,0,0,0,0,1,0,0,0,3,0,0,0,0,0
Union Mons-Hainaut,"Maks KLANJSCEK, Malik WHITAKER, Matic MIKUS, Matteo VERSTRAETE, Sacha GODIMUS",1,96,0.0,6,2,2,100,2,2,100,0,0,0,0,1,1,1,0,0,1,2,3,60.7,75,46.5,32.0,51.6,150,150,50,0,33.3,25,0,100,200,3,1,4,25,1,4,25,0,0,0,2,0,2,1,1,0,0,0,2,37.5,37.5,0,66.7,100,161.3,0,0,0,0,0,0,0,0,0,1,0,0,0,38.7,0,0,0,0,0,0,0,0,0,0,0,0,0,0,0,0,0,0,0
Donar Groningen,"Austin LUKE, Dane ERIKSTRUP, Evan TAYLOR, Malik MILLER, Wietze NOSSEK",1,119,0.0,4,1,2,50,0,1,0,2,2,100,0,0,0,1,0,0,0,1,3,68.2,58.1,78.3,41.3,30.7,50,69.4,100,0,0,0,100,50,138.9,7,2,2,100,1,1,100,2,2,100,0,1,1,1,0,0,1,1,4,125,121.5,25.8,0,50,180.4,0,0,0,1,1,100,0,0,0,0,0,0,0,-41.5,0,0,0,1,1,100,0,0,0,0,1,0,0,0,0,4,0,0,0
Donar Groningen,"Austin LUKE, Dane ERIKSTRUP, Evan TAYLOR, Tim HOEVE, Wietze NOSSEK",1,62,0.0,3,1,3,33.3,0,1,0,1,1,100,1,2,3,1,0,0,1,0,3,103.9,130.5,77.4,18.4,31.0,33.3,43.6,100,50,100,18.4,33.3,33.3,89,0,0,2,0,0,0,0,0,0,0,0,1,1,0,0,0,0,1,2,0,0,0,0,0,0,0,0,0,2,1,50,0,0,0,1,0,0,0,89,0,0,0,2,0,0,0,0,0,0,0,0,0,2,0,0,0,0,0
Hubo Limburg United,"Aubin GATERETSE, Jalen BLACKMON, Marijn VERVERS, Nicolas TIMBERLAKE, Noah BAUMANN",1,52,0.0,0,0,2,0,0,1,0,0,0,0,0,1,1,0,0,0,0,1,2,67.6,92.3,42.9,26.0,55.9,0,0,0,0,50,0,0,50,0,0,0,2,0,0,0,0,0,0,0,1,2,3,0,0,0,0,0,1,0,0,0,50,0,0,0,0,0,1,0,0,0,0,0,0,0,0,0,0,0,0,0,2,0,0,0,0,0,0,0,0,0,0,0,0,0,0,0
Hubo Limburg United,"Jalen BLACKMON, Marijn VERVERS, Nicholas MUSZYNSKI, Nicolas TIMBERLAKE, Noah BAUMANN",1,55,0.0,1,0,1,0,0,0,0,1,2,50,0,2,2,1,0,0,0,0,2,84.7,82,87.3,29.3,27.5,0,26.6,0,0,100,0,200,0,53.2,0,0,2,0,0,1,0,0,0,0,0,1,1,0,0,0,0,1,2,0,0,0,0,50,0,0,0,0,1,0,0,0,0,0,0,0,0,0,53.2,0,0,0,1,0,0,0,0,0,0,0,0,0,0,1,0,0,0,0
Hubo Limburg United,"Nicholas MUSZYNSKI, Nicolas TIMBERLAKE, Oshean BRATHWAITE, Quentin SERRON, Thibault VANDERHAEGEN",1,147,0.0,2,1,3,33.3,0,0,0,0,0,0,1,0,1,0,0,0,0,3,2,37,31.5,42.4,76.2,56.5,33.3,33.3,0,50,0,0,0,0,103.6,3,1,5,20,0,2,0,1,2,50,3,1,4,1,0,0,1,0,3,20,25.5,14.5,100,40,115.4,0,0,0,3,1,33.3,0,0,0,0,0,0,0,-11.8,0,0,0,3,1,33.3,0,0,0,0,1,0,0,2,0,2,3,0,0
Hubo Limburg United,"Aubin GATERETSE, Nicolas TIMBERLAKE, Oshean BRATHWAITE, Quentin SERRON, Thibault VANDERHAEGEN",1,86,0.0,2,0,1,0,0,0,0,2,2,100,1,0,1,1,0,0,1,0,2,52.2,50.5,53.9,47.5,44.6,0,53.2,0,100,0,25.8,200,0,110.5,5,2,3,66.7,1,1,100,0,0,0,1,0,1,1,0,0,0,2,2,83.3,83.3,0,100,33.3,259.1,0,0,0,1,0,0,0,0,0,0,1,0,0,-148.6,0,0,0,2,1,50,0,0,0,0,0,0,0,0,0,0,2,0,0
Den Helder Suns,"Bryan ANTOINE, Carter GILMORE, Drew STOVER, Nick THRAN, Siem UIJTENDAAL",1,52,0.0,5,2,2,100,0,0,0,1,1,100,0,0,0,1,1,0,0,1,2,99.7,112.6,86.8,21.3,27.7,100,102.5,50,0,0,0,50,0,204.9,2,0,0,0,0,0,0,2,2,100,0,0,0,0,0,0,1,1,2,0,113.6,53.2,0,0,106.4,2,2,100,0,0,0,0,0,0,0,0,0,0,98.5,0,0,0,0,0,0,0,0,0,0,1,0,0,0,2,2,0,0,0
Den Helder Suns,"Carter GILMORE, Drew STOVER, Nick THRAN, Siem UIJTENDAAL, Thijs BEENS",1,59,0.0,0,0,2,0,0,1,0,0,0,0,0,1,1,0,0,0,0,1,2,77.5,81.4,73.6,29.5,32.6,0,0,0,0,50,0,0,50,0,2,0,2,0,0,1,0,2,2,100,1,2,3,0,0,0,0,0,2,0,34.7,0,50,50,110.5,0,0,0,1,0,0,0,0,0,0,0,0,0,-110.5,0,0,0,1,0,0,0,0,0,0,0,0,0,0,0,0,2,0,0
Den Helder Suns,"Drew STOVER, Nick THRAN, Noah VAN DER HEIDEN, Siem UIJTENDAAL, Thijs BEENS",1,55,0.0,0,0,1,0,0,0,0,0,0,0,0,1,1,0,0,0,1,0,2,87.3,87.3,87.3,27.5,27.5,0,0,0,0,100,50,0,0,0,0,0,1,0,0,1,0,0,0,0,0,1,1,0,1,1,1,0,2,0,0,50,0,100,0,0,0,0,1,0,0,0,0,0,1,0,0,0,0,0,0,0,0,0,0,0,0,0,0,1,0,0,0,0,0,0,0,0
Hubo Limburg United,"Jalen BLACKMON, Marijn VERVERS, Nicholas MUSZYNSKI, Quentin SERRON, Thibault VANDERHAEGEN",1,67,0.0,1,0,0,0,0,0,0,1,2,50,0,1,1,0,0,0,1,1,2,93.1,67.3,118.9,35.6,20.2,0,56.8,0,0,100,53.2,0,0,53.2,4,1,2,50,1,2,50,1,3,33.3,0,0,0,1,0,0,0,1,3,75,60.2,0,0,100,120.5,0,0,0,0,0,0,0,0,0,1,0,0,0,-67.3,0,0,0,0,0,0,0,0,0,0,0,0,0,0,0,0,0,0,0
PrismaWorx BAL,"Gido NANNINGA, Kara SENE, Kenyuoe ONDAAN, Milo HAUTEKEET, Roel VAN OVERBEEK",1,52,0.0,0,0,2,0,0,2,0,0,0,0,0,1,1,0,0,0,0,0,2,69.2,92.3,46.2,26.0,52.0,0,0,0,0,100,0,0,100,0,0,0,1,0,0,1,0,0,0,0,0,1,1,0,0,0,0,0,1,0,0,0,0,100,0,0,0,0,0,0,0,0,0,0,0,0,0,0,0,0,0,0,0,0,0,0,0,0,0,0,0,0,0,0,0,0,0,0
PrismaWorx BAL,"Kara SENE, Kjell DE GRAAF, Lon LICAN, Niels VAN HOLST, Roel VAN OVERBEEK",1,46,0.0,0,0,1,0,0,1,0,0,0,0,0,1,1,0,0,0,1,1,2,115.8,104.3,127.3,23.0,18.9,0,0,0,0,100,50,0,100,0,3,1,2,50,0,0,0,1,1,100,0,1,1,0,1,0,0,1,2,50,61.5,0,0,0,123,0,0,0,0,0,0,0,0,0,1,0,0,0,-123,0,0,0,2,1,50,0,0,0,0,0,0,0,0,0,0,0,2,0
PrismaWorx BAL,"Kara SENE, Kjell DE GRAAF, Roel VAN OVERBEEK, Romano SIBILO, Ryan MUHR",1,28,0.0,0,0,2,0,0,0,0,0,0,0,0,1,1,0,0,0,0,1,2,128.6,171.4,85.7,14.0,28.0,0,0,0,0,100,0,0,0,0,0,0,1,0,0,0,0,0,0,0,0,1,1,0,0,0,0,0,1,0,0,0,0,0,0,0,0,0,2,0,0,0,0,0,0,0,0,0,0,0,0,0,1,0,0,0,0,0,0,0,0,0,0,0,0,0,0,0
PrismaWorx BAL,"Kara SENE, Milo HAUTEKEET, Roel VAN OVERBEEK, Romano SIBILO, Ryan MUHR",1,89,0.0,2,1,2,50,0,1,0,0,0,0,0,0,0,0,0,0,0,1,2,65.8,53.9,77.7,44.5,30.9,50,50,0,0,0,0,0,50,100,7,2,2,100,2,2,100,1,2,50,1,1,2,2,0,0,0,0,3,150,121.5,0,100,100,243.1,0,0,0,1,1,100,0,0,0,0,0,0,0,-143.1,0,0,0,0,0,0,0,0,0,0,0,0,0,0,0,0,0,0,0
Okapi Aalst,"Dante Jr MADDOX, Eddie COLBERT III, Ivan MARAS, Malcolm CARREIRA KREPS, Niels VAN DEN EYNDE",1,75,0.0,6,2,2,100,1,1,100,1,1,100,0,0,0,0,1,0,0,1,2,87,78.1,96,30.7,25.0,125,123,0,0,0,0,50,50,245.9,0,0,0,0,0,0,0,0,0,0,0,0,0,0,0,0,3,0,3,0,0,100,0,0,0,0,0,0,1,1,100,0,0,0,0,0,0,0,245.9,0,0,0,0,0,0,0,0,0,2,1,0,0,0,3,6,0,0,0
PrismaWorx BAL,"Gido NANNINGA, Kjell DE GRAAF, Lon LICAN, Relja VARAGIC, Romano SIBILO",1,33,0.0,0,0,2,0,0,2,0,0,0,0,0,1,1,0,0,0,0,0,2,145.5,145.5,145.5,16.5,16.5,0,0,0,0,100,0,0,100,0,2,1,2,50,0,0,0,0,0,0,0,2,2,0,0,0,0,0,2,50,50,0,0,0,100,0,0,0,0,0,0,0,0,0,0,0,0,0,-100,2,1,50,0,0,0,0,0,0,0,0,0,0,0,0,0,0,2,0
Landstede Hammers,"Boyd VAN DER VUURST, Coen STOLK, Erik SAJANTILA, Grayson Alexander CARTER, Troy Drake DOBBS",1,58,0.7,5,1,1,100,1,1,100,2,2,100,0,1,1,1,0,0,0,0,2,80.3,77.8,82.8,30.9,29.0,150,133,100,0,100,0,200,100,266,0,0,1,0,0,0,0,0,0,0,0,0,0,0,0,0,1,1,2,0,0,50,0,0,0,0,0,0,0,0,0,0,0,0,0,0,0,0,266,0,0,0,1,0,0,0,0,0,1,0,0,0,3,3,2,0,0,0
Landstede Hammers,"Boyd VAN DER VUURST, Coen STOLK, Erik SAJANTILA, Grayson Alexander CARTER, Leon WILLIAMS",1,68,0.0,3,1,2,50,1,1,100,0,0,0,0,0,0,1,0,0,0,0,2,70.6,70.6,70.6,34.0,34.0,75,75,100,0,0,0,0,50,150,2,1,1,100,0,0,0,0,0,0,0,1,1,0,0,0,1,0,2,100,100,50,0,0,100,0,0,0,1,0,0,0,0,0,0,0,0,0,50,0,0,0,1,1,100,0,0,0,1,0,0,0,0,0,3,0,0,0
Zorg en Zekerheid Leiden,"Dimitri MACONDA, Nate ROBERTS, Sam HUURMAN, Stan VAN DEN ELZEN, Tyreek SCOTT-GRAYSON",1,71,0.0,0,0,1,0,0,0,0,0,0,0,0,1,1,0,0,0,1,0,2,84.5,67.6,101.4,35.5,23.7,0,0,0,0,100,50,0,0,0,3,1,2,50,1,1,100,0,0,0,0,1,1,1,1,0,1,1,3,75,75,33.3,0,50,100,0,0,0,1,0,0,0,0,0,0,1,0,0,-100,0,0,0,1,0,0,0,0,0,0,1,0,0,0,0,0,0,0,3
Zorg en Zekerheid Leiden,"Loek VAN ZEIL, Roeland SCHAFTENAAR, Sam HUURMAN, Stan VAN DEN ELZEN, Tyreek SCOTT-GRAYSON",1,63,0.0,0,0,2,0,0,0,0,0,0,0,0,0,0,0,0,0,0,0,2,95.2,76.2,114.3,31.5,21.0,0,0,0,0,0,0,0,0,0,2,1,1,100,0,0,0,0,0,0,0,1,1,0,0,1,2,0,3,100,100,66.7,0,0,66.7,0,0,0,2,0,0,0,0,0,0,0,0,0,-66.7,0,0,0,1,1,100,0,0,0,0,2,0,0,0,0,0,0,0,0
Zorg en Zekerheid Leiden,"Dimitri MACONDA, Jibbe SICKING, Lucas KRUITHOF, Roeland SCHAFTENAAR, Stan VAN DEN ELZEN",1,56,0.5,2,1,1,100,0,0,0,0,0,0,0,0,0,0,1,0,1,1,2,85.7,85.7,85.7,28.0,28.0,100,100,0,0,0,50,0,0,100,3,1,1,100,1,1,100,0,0,0,0,0,0,1,0,0,1,0,2,150,150,50,0,100,150,1,1,100,0,0,0,0,0,0,1,0,0,0,-50,0,0,0,0,0,0,0,0,0,1,0,0,0,0,2,2,0,0,0
Landstede Hammers,"Devin WHITFIELD, Erik SAJANTILA, Jalen THOMAS, Leon WILLIAMS, Nelson Ellis HASKIN",1,49,0.0,3,1,2,50,1,2,50,0,0,0,0,0,0,1,0,0,0,1,2,95,98,92.1,24.5,26.1,75,75,100,0,0,0,0,100,150,5,1,1,100,1,1,100,2,2,100,0,1,1,0,0,0,0,0,2,150,133,0,0,100,266,0,0,0,0,0,0,0,0,0,0,0,0,0,-116,0,0,0,0,0,0,0,0,0,0,0,0,0,0,0,0,0,3,0
Zorg en Zekerheid Leiden,"Dimitri MACONDA, Jibbe SICKING, Roeland SCHAFTENAAR, Stan VAN DEN ELZEN, Tyreek SCOTT-GRAYSON",1,61,0.0,2,1,1,100,0,0,0,0,0,0,0,1,1,0,0,1,1,1,2,76.3,78.7,74,30.5,32.4,100,100,0,0,100,50,0,0,100,2,0,1,0,0,0,0,2,2,100,0,0,0,0,1,0,0,1,2,0,53.2,0,0,0,106.4,0,0,0,1,1,100,0,0,0,1,0,0,0,-6.4,0,0,0,1,0,0,0,0,0,0,0,0,0,0,0,0,0,0,2
Stella Artois Leuven Bears,"James BLACKMON, Noa TERCLAVERS, Victor VANDERSTRAETEN, Wen MUKUBU, Wilson PRUITT",1,90,0.0,2,1,1,100,0,0,0,0,0,0,0,3,3,1,0,0,1,1,2,75.2,53.3,97,45.0,24.7,100,100,100,0,75,33.3,0,0,100,2,1,4,25,0,1,0,0,1,0,1,0,1,0,0,0,0,1,4,25,22.5,0,25,25,55,0,0,0,1,1,100,0,0,0,0,1,0,0,45,1,1,100,2,0,0,0,0,0,0,0,0,0,0,0,0,2,0,2
Kangoeroes Basket Mechelen,"Leander DEDROOG, Mojeed EWUOSHO, Yannick DAMMEN, Zaba BANGALA, Zan KOSIC",1,72,1.2,2,0,0,0,0,0,0,2,2,100,0,0,0,0,0,0,1,0,2,45.7,62.7,28.7,38.3,83.7,0,113.6,0,0,0,53.2,0,0,106.4,3,1,3,33.3,1,2,50,0,0,0,1,0,1,1,1,0,0,1,1,50,50,0,100,66.7,348.8,0,0,0,0,0,0,0,0,0,0,1,0,0,-242.5,0,0,0,1,0,0,0,0,0,0,0,0,0,0,0,0,0,0,0
Stella Artois Leuven Bears,"Roel BUCUMI, Tytan ANDERSON, Victor VANDERSTRAETEN, Wen MUKUBU, Wilson PRUITT",1,81,0.0,2,1,4,25,0,1,0,0,0,0,2,0,2,0,0,0,0,0,2,57.2,55.1,59.3,43.5,40.5,25,25,0,66.7,0,0,0,25,107.5,5,2,2,100,1,1,100,0,0,0,0,1,1,1,0,0,0,0,2,125,125,0,0,50,250,1,1,100,2,0,0,0,0,0,0,0,0,0,-142.5,0,0,0,1,1,100,0,0,0,0,0,0,0,2,0,0,2,3,0
Kangoeroes Basket Mechelen,"Augustas PECIUKEVICIUS, Nick STAMPLEY, Yannick DAMMEN, Zaba BANGALA, Zan KOSIC",1,100,0.0,0,0,2,0,0,1,0,0,0,0,0,1,1,0,0,0,0,1,2,64.1,48,80.3,50.0,29.9,0,0,0,0,50,0,0,50,0,3,1,2,50,0,0,0,1,2,50,1,1,2,1,0,0,1,1,3,50,52.1,25.8,50,0,89.7,0,0,0,1,0,0,0,0,0,0,0,0,0,-89.7,0,0,0,2,1,50,0,0,0,0,0,0,0,0,0,0,1,0,2
Kangoeroes Basket Mechelen,"Augustas PECIUKEVICIUS, Joshua HEATH, Nick STAMPLEY, Seppe WILLEMS, Yannick DAMMEN",1,28,0.0,1,0,1,0,0,0,0,1,2,50,0,0,0,0,1,0,0,0,2,123.4,161.1,85.7,14.9,28.0,0,26.6,0,0,0,0,200,0,53.2,0,0,0,0,0,0,0,0,0,0,0,1,1,0,0,0,1,1,1,0,0,100,0,0,0,0,0,0,1,0,0,0,0,0,0,0,0,0,53.2,0,0,0,0,0,0,0,0,0,0,1,0,0,0,1,1,0,0,0
Kangoeroes Basket Mechelen,"Augustas PECIUKEVICIUS, Joshua HEATH, Leander DEDROOG, Nick STAMPLEY, Zaba BANGALA",1,63,0.4,0,0,1,0,0,0,0,0,2,0,0,0,0,0,0,0,0,1,2,82.3,71.6,93,33.5,25.8,0,0,0,0,0,0,200,0,0,3,1,1,100,0,0,0,1,1,100,0,2,2,1,0,0,1,2,2,100,104.2,41,0,0,123,0,0,0,1,0,0,0,0,0,0,0,0,0,-123,0,0,0,1,1,100,0,0,0,0,0,0,0,0,0,0,0,0,0
Rotterdam City Basketball,"Jakari SPENCE, Lars NILSEN, Nino VRENCKEN, Noah SLINGERLAND, Tjall DE VAAL",1,87,0.0,0,0,2,0,0,1,0,0,0,0,1,0,1,0,0,0,1,0,2,54.2,53.2,55.2,45.1,43.5,0,0,0,50,0,33.3,0,50,0,5,2,2,100,1,1,100,0,0,0,0,1,1,2,1,0,0,0,2,125,125,0,0,50,250,0,0,0,1,0,0,0,0,0,1,0,0,0,-250,0,0,0,1,1,100,0,0,0,0,0,0,0,0,0,0,0,0,3
Filou Oostende,"Andre GUSTAVSON, Haris BRATANOVIC, Joppe MENNES, Noam YAACOV, Tim WAERNIERS",1,73,0.0,3,1,3,33.3,0,0,0,1,2,50,1,0,1,0,0,0,0,1,2,59.5,57.2,61.8,42.0,38.8,33.3,38.7,0,100,0,0,66.7,0,172.4,4,1,1,100,0,0,0,2,2,100,0,0,0,0,0,1,0,1,2,100,106.4,0,0,0,212.8,0,0,0,3,1,33.3,0,0,0,0,0,0,0,-40.4,0,0,0,1,1,100,0,0,0,0,0,0,0,1,0,2,0,0,0
Filou Oostende,"Andre GUSTAVSON, Joppe MENNES, Moussa SYLLA, Noam YAACOV, Tim WAERNIERS",1,32,0.0,2,1,1,100,0,0,0,0,0,0,0,1,1,0,0,1,1,1,2,112.5,150,75,16.0,32.0,100,100,0,0,100,50,0,0,100,0,0,1,0,0,0,0,0,0,0,0,0,0,0,0,0,0,0,1,0,0,0,0,0,0,0,0,0,1,1,100,0,0,0,0,0,0,0,100,0,0,0,1,0,0,0,0,0,0,0,0,0,2,0,0,0,0,0
Rotterdam City Basketball,"Chermano VAN LA PARRA, Chukwuzinife NWOKEJI, Lars NILSEN, Noah SLINGERLAND, Tjall DE VAAL",1,42,0.0,0,0,1,0,0,0,0,0,0,0,0,0,0,0,0,0,1,0,2,114.3,114.3,114.3,21.0,21.0,0,0,0,0,0,50,0,0,0,2,1,1,100,0,0,0,0,0,0,0,1,1,0,0,1,1,1,2,100,100,50,0,0,100,0,0,0,1,0,0,0,0,0,0,1,0,0,-100,0,0,0,1,1,100,0,0,0,0,0,0,0,0,0,0,2,0,0
Rotterdam City Basketball,"Jakari SPENCE, Lars NILSEN, Nino VRENCKEN, Noah SLINGERLAND, Tydus VERHOEVEN",1,65,0.0,0,0,3,0,0,3,0,0,0,0,1,1,2,0,0,0,0,0,2,54.1,71.3,36.9,33.7,65.0,0,0,0,33.3,100,0,0,100,0,0,0,1,0,0,1,0,0,0,0,0,2,2,0,0,0,0,0,1,0,0,0,0,100,0,0,0,0,0,0,0,0,0,0,0,0,0,0,0,0,0,0,0,0,0,0,0,0,0,0,0,0,0,0,0,0,0,0
Rotterdam City Basketball,"Chermano VAN LA PARRA, Chukwuzinife NWOKEJI, Jakari SPENCE, James GRAHAM, Noah SLINGERLAND",1,71,0.0,0,0,1,0,0,1,0,0,0,0,0,0,0,0,0,0,1,1,2,67.6,67.6,67.6,35.5,35.5,0,0,0,0,0,50,0,100,0,4,2,2,100,0,0,0,0,0,0,0,0,0,0,0,0,0,0,2,100,100,0,0,0,200,0,0,0,0,0,0,0,0,0,0,0,0,0,-200,0,0,0,2,2,100,0,0,0,0,0,0,0,0,0,0,0,0,2
Rotterdam City Basketball,"Chermano VAN LA PARRA, Chukwuzinife NWOKEJI, Jakari SPENCE, Nino VRENCKEN, Noah SLINGERLAND",1,37,0.0,0,0,2,0,0,1,0,0,0,0,1,0,1,0,0,1,1,1,2,121.3,125.2,117.4,19.2,20.4,0,0,0,50,0,33.3,0,50,0,4,1,2,50,0,0,0,2,2,100,1,1,2,1,1,0,0,0,2,50,69.4,0,100,0,221,0,0,0,1,0,0,0,0,0,0,1,0,0,-221,1,0,0,1,1,100,0,0,0,0,0,0,0,0,0,0,4,0,2
Rotterdam City Basketball,"Chermano VAN LA PARRA, James GRAHAM, Lars NILSEN, Tjall DE VAAL, Tydus VERHOEVEN",1,74,0.0,2,1,1,100,0,0,0,0,0,0,0,0,0,0,0,0,1,0,2,48.6,64.9,32.4,37.0,74.0,100,100,0,0,0,50,0,0,100,2,1,1,100,0,0,0,0,0,0,0,0,0,1,0,0,0,0,1,100,100,0,0,0,200,0,0,0,1,1,100,0,0,0,0,1,0,0,-100,0,0,0,1,1,100,0,0,0,0,0,0,0,0,0,0,2,0,2
Brussels Basketball,"Alexandre LIBERT, Arne SCHREVENS, Demetric HORTON, Jamison OVERTON, Tonko VUKO",1,53,0.0,2,0,1,0,0,1,0,2,3,66.7,1,1,2,1,0,0,1,0,2,73.6,101.9,45.3,23.6,53.0,0,43.1,0,100,100,23.1,300,100,88.9,0,0,1,0,0,1,0,0,0,0,0,0,0,0,0,0,0,2,1,0,0,0,0,100,0,0,0,0,0,0,0,0,0,0,1,0,0,0,88.9,0,0,0,0,0,0,0,0,0,0,0,0,0,0,2,0,0,0,0
Brussels Basketball,"Arne SCHREVENS, Deishuan BOOKER, Jamison OVERTON, Jomaru BROWN, Tonko VUKO",1,101,0.0,3,1,2,50,1,1,100,0,0,0,0,0,0,1,1,0,0,3,2,56.3,47.5,65.1,50.5,36.9,75,75,100,0,0,0,0,50,150,4,1,3,33.3,0,1,0,2,2,100,2,1,3,0,0,0,1,0,3,33.3,51.5,20.5,100,33.3,146,0,0,0,1,0,0,0,0,0,0,0,0,0,4,0,0,0,2,1,50,0,0,0,1,0,0,0,0,0,0,2,0,0
Val-Dieu Spirou Basket,"Adedayo POLET, Juwan GARY, Lukijan ZECEVIC, Malcolm MAKWA, Njegos SIKIRAS",1,73,0.0,2,1,1,100,0,0,0,0,0,0,0,1,1,0,0,0,1,0,2,65.8,65.8,65.8,36.5,36.5,100,100,0,0,100,50,0,0,100,3,1,2,50,1,1,100,0,0,0,0,0,0,1,1,0,0,2,2,75,75,0,0,50,150,0,0,0,1,1,100,0,0,0,1,0,0,0,-50,0,0,0,1,0,0,0,0,0,0,0,0,0,0,0,0,0,0,0
Brussels Basketball,"Deishuan BOOKER, Demetric HORTON, Godwin TSHIMANGA, Jomaru BROWN, Tonko VUKO",1,49,0.0,0,0,1,0,0,1,0,0,0,0,0,0,0,0,1,0,1,0,2,73.5,98,49,24.5,49.0,0,0,0,0,0,50,0,100,0,0,0,0,0,0,0,0,0,0,0,0,1,1,0,1,0,1,0,1,0,0,100,0,0,0,0,0,0,0,0,0,0,0,0,1,0,0,0,0,0,0,0,0,0,0,0,0,0,0,1,0,0,0,0,0,0,0,0
Val-Dieu Spirou Basket,"Dontrez STYLES, Enoch BOAKYE, Eric NOTTAGE, Maxime BILOLO KATUALA, Zeb JACKSON",1,80,0.0,0,0,2,0,0,1,0,0,0,0,0,1,1,0,0,0,0,1,2,72.1,60,84.3,40.0,28.5,0,0,0,0,50,0,0,50,0,4,1,3,33.3,1,3,33.3,1,2,50,1,2,3,1,0,0,0,0,3,50,51.5,0,50,100,142.3,0,0,0,1,0,0,0,0,0,0,0,0,0,-142.3,0,0,0,0,0,0,0,0,0,0,0,0,0,0,0,0,1,0,0
Val-Dieu Spirou Basket,"Dontrez STYLES, Enoch BOAKYE, Eric NOTTAGE, Lukijan ZECEVIC, Zeb JACKSON",1,101,0.0,2,1,3,33.3,0,2,0,0,0,0,1,1,2,0,0,0,0,2,2,57.1,45.9,68.4,52.3,35.1,33.3,33.3,0,50,100,0,0,66.7,103.6,2,0,1,0,0,0,0,2,2,100,0,1,1,0,0,0,1,1,3,0,53.2,34.7,0,0,69.4,0,0,0,1,1,100,0,0,0,0,0,0,0,34.2,0,0,0,1,0,0,0,0,0,0,1,0,0,2,0,0,0,0,0
Windrose Giants Antwerp,"Andrew FUNK, Enoch CHEEKS, Kaden ANDERSON, Rasheed BELLO, Yoeri SCHOEPEN",1,71,1.2,2,1,1,100,0,0,0,0,0,0,0,2,2,1,0,0,1,1,2,98.6,67.6,129.6,35.5,18.5,100,100,100,0,50,33.3,0,0,100,2,1,4,25,0,0,0,0,1,0,2,0,2,0,0,0,1,0,4,25,22.5,18.4,50,0,52.2,0,0,0,1,1,100,0,0,0,0,0,0,1,47.8,0,0,0,4,1,25,0,0,0,0,0,0,1,0,0,2,0,0,0
Windrose Giants Antwerp,"Andrew FUNK, Enoch CHEEKS, Joel MURRAY, Kaden ANDERSON, Vincent KESTELOOT",1,57,0.0,2,1,2,50,0,0,0,0,0,0,0,1,1,0,0,1,0,0,2,84.2,84.2,84.2,28.5,28.5,50,50,0,0,100,0,0,0,100,0,0,1,0,0,0,0,0,0,0,0,1,1,0,0,0,1,2,2,0,0,50,0,0,0,0,0,0,2,1,50,0,0,0,0,0,0,0,100,0,0,0,1,0,0,0,0,0,0,0,0,0,0,0,0,0,0,0
LWD Basket,"Bram TER WEEME, Christopher MAIDOH, Reinder BRANDSMA, Sam MAILLET, Shakael PRYCE",1,72,0.0,2,1,2,50,0,0,0,0,0,0,0,0,0,0,0,0,0,1,2,64.7,66.7,62.7,36.0,38.3,50,50,0,0,0,0,0,0,100,5,1,1,100,1,1,100,2,2,100,0,1,1,1,0,0,0,0,2,150,133,0,0,100,266,0,0,0,2,1,50,0,0,0,0,0,0,0,-166,0,0,0,0,0,0,0,0,0,0,0,0,0,0,0,2,0,0,0
Windrose Giants Antwerp,"Elias LASISI, Kaden ANDERSON, Kevin TUMBA, Rasheed BELLO, Vincent KESTELOOT",1,72,0.0,5,1,1,100,1,1,100,2,2,100,0,1,1,1,0,0,0,0,2,64.7,62.7,66.7,38.3,36.0,150,133,100,0,100,0,200,100,266,2,1,2,50,0,0,0,0,0,0,0,0,0,0,0,0,0,1,2,50,50,0,0,0,100,0,0,0,0,0,0,0,0,0,0,0,0,0,166,0,0,0,2,1,50,0,0,0,0,0,0,0,0,0,0,0,0,2
Windrose Giants Antwerp,"Andrew FUNK, Enoch CHEEKS, Joel MURRAY, Niels DE RIDDER, Yoeri SCHOEPEN",1,41,0.0,2,1,3,33.3,0,1,0,0,0,0,1,1,2,1,1,0,0,0,2,115,113,117.1,21.2,20.5,33.3,33.3,100,50,100,0,0,33.3,103.6,0,0,1,0,0,0,0,0,0,0,0,1,1,0,0,0,1,1,2,0,0,50,0,0,0,0,0,0,2,1,50,0,0,0,0,0,0,0,103.6,0,0,0,1,0,0,0,0,0,0,1,0,0,0,2,2,0,0,0
Windrose Giants Antwerp,"Andrew FUNK, Elias LASISI, Joel MURRAY, Kaden ANDERSON, Vincent KESTELOOT",1,60,0.0,3,1,2,50,1,2,50,0,0,0,0,0,0,1,0,0,0,1,2,77.6,80,75.2,30.0,31.9,75,75,100,0,0,0,0,100,150,4,1,1,100,0,0,0,2,2,100,0,1,1,1,0,0,0,0,2,100,106.4,0,0,0,212.8,0,0,0,0,0,0,0,0,0,0,0,0,0,-62.8,0,0,0,1,1,100,0,0,0,0,0,0,0,3,0,0,0,0,0
LWD Basket,"Bram TER WEEME, Matt FRIERSON, Reinder BRANDSMA, Shakael PRYCE, Tristan DE ZWART FORSYTH",1,50,0.0,0,0,0,0,0,0,0,0,0,0,0,1,1,0,0,0,2,1,2,93.1,96,90.2,25.0,26.6,0,0,0,0,100,100,0,0,0,2,0,1,0,0,1,0,2,2,100,0,0,0,1,2,0,0,1,2,0,53.2,0,0,100,106.4,0,0,0,0,0,0,0,0,0,1,1,0,0,-106.4,0,0,0,0,0,0,0,0,0,0,0,0,0,0,0,0,0,2,2
LWD Basket,"Bjorn MERKX, Bram TER WEEME, Sam MAILLET, Thijs HEUKER, Tristan DE ZWART FORSYTH",1,44,0.0,0,0,1,0,0,1,0,0,0,0,0,1,1,0,0,0,1,0,2,81.8,109.1,54.5,22.0,44.0,0,0,0,0,100,50,0,100,0,0,0,1,0,0,0,0,0,0,0,0,1,1,0,1,0,0,0,1,0,0,0,0,0,0,0,0,0,0,0,0,0,0,0,1,0,0,0,0,0,0,0,1,0,0,0,0,0,0,0,0,0,0,0,0,0,0,0
Union Mons-Hainaut,"Garrett HIEN, Greg MILTON III, Malik WHITAKER, Matic MIKUS, Matteo VERSTRAETE",1,76,0.0,3,1,2,50,1,2,50,0,0,0,0,1,1,1,0,0,0,0,2,63.2,63.2,63.2,38.0,38.0,75,75,100,0,100,0,0,100,150,0,0,1,0,0,0,0,0,0,0,0,1,1,0,0,0,1,0,2,0,0,50,0,0,0,0,0,0,0,0,0,0,0,0,0,0,0,0,150,0,0,0,1,0,0,0,0,0,0,0,0,1,0,0,3,0,0,0
Donar Groningen,"Austin LUKE, Damian FORREST, Dele ADETUNJI, Evan TAYLOR, Wietze NOSSEK",1,64,0.0,4,1,1,100,1,1,100,1,2,50,0,1,1,1,0,0,0,0,2,72.8,70.5,75,34.0,32.0,150,106.4,100,0,100,0,200,100,212.8,2,1,2,50,0,0,0,0,0,0,0,0,0,0,0,0,0,1,2,50,50,0,0,0,100,0,0,0,0,0,0,0,0,0,0,0,0,0,112.8,0,0,0,2,1,50,0,0,0,0,0,0,0,0,1,0,0,0,2
Donar Groningen,"Austin LUKE, Dane ERIKSTRUP, Dele ADETUNJI, Evan TAYLOR, Wietze NOSSEK",1,101,0.0,4,2,2,100,0,0,0,0,0,0,0,1,1,2,0,0,0,1,2,58,47.5,68.4,50.5,35.1,100,100,100,0,100,0,0,0,200,5,1,2,50,1,2,50,2,2,100,0,0,0,1,0,0,0,0,3,75,86.8,0,0,100,173.6,0,0,0,2,2,100,0,0,0,0,0,0,0,26.4,0,0,0,0,0,0,0,0,0,0,0,0,0,0,0,0,0,0,0
Donar Groningen,"Damian FORREST, Dane ERIKSTRUP, Dele ADETUNJI, Evan TAYLOR, Tim HOEVE",1,44,0.0,2,1,2,50,0,0,0,0,0,0,0,1,1,0,0,1,0,0,2,109.1,109.1,109.1,22.0,22.0,50,50,0,0,100,0,0,0,100,2,1,2,50,0,0,0,0,0,0,0,0,0,0,0,0,0,0,2,50,50,0,0,0,100,0,0,0,2,1,50,0,0,0,0,0,0,0,0,0,0,0,2,1,50,0,0,0,0,0,0,0,0,2,0,0,0,0
Donar Groningen,"Austin LUKE, Damian FORREST, Dane ERIKSTRUP, Dele ADETUNJI, Tim HOEVE",1,83,0.0,3,1,2,50,0,0,0,1,2,50,1,1,2,0,0,0,0,1,2,67.8,52.3,83.3,45.9,28.8,50,52.1,0,100,100,0,100,0,165.7,4,1,2,50,0,0,0,2,2,100,0,0,0,0,0,0,0,1,3,50,69.4,0,0,0,138.9,1,1,100,1,0,0,0,0,0,0,0,0,0,26.9,0,0,0,2,1,50,0,0,0,0,0,0,0,2,0,0,0,2,0
Den Helder Suns,"Jonas VISSER, Nick THRAN, Noah VAN DER HEIDEN, Reginald MESIDOR, Siem UIJTENDAAL",1,60,0.0,3,1,1,100,1,1,100,0,0,0,0,0,0,0,0,0,0,1,1,56.2,40,72.4,60.0,33.1,150,150,0,0,0,0,0,100,300,2,0,1,0,0,0,0,2,2,100,1,0,1,1,0,0,1,0,2,0,53.2,34.7,100,0,110.5,0,0,0,0,0,0,0,0,0,0,0,0,0,189.5,0,0,0,1,0,0,0,0,0,0,1,0,0,0,0,0,0,0,0
Den Helder Suns,"Drew STOVER, Nick THRAN, Noah VAN DER HEIDEN, Reginald MESIDOR, Siem UIJTENDAAL",1,44,0.0,0,0,1,0,0,0,0,0,0,0,0,0,0,0,0,1,0,0,1,81.8,54.5,109.1,44.0,22.0,0,0,0,0,0,0,0,0,0,2,1,2,50,0,0,0,0,0,0,0,1,1,1,0,0,0,1,2,50,50,0,0,0,100,0,0,0,1,0,0,0,0,0,0,0,0,0,-100,0,0,0,2,1,50,0,0,0,0,0,0,0,0,0,0,0,0,0
Hubo Limburg United,"Jalen BLACKMON, Nicholas MUSZYNSKI, Nicolas TIMBERLAKE, Noah BAUMANN, Quentin SERRON",1,43,0.7,2,0,0,0,0,0,0,2,2,100,0,0,0,0,0,0,0,2,1,77,49.1,104.9,48.9,22.9,0,113.6,0,0,0,0,0,0,227.3,4,1,1,100,0,0,0,2,2,100,0,0,0,1,0,0,0,1,2,100,106.4,0,0,0,212.8,0,0,0,0,0,0,0,0,0,0,0,0,0,14.5,1,1,100,0,0,0,0,0,0,0,0,0,0,0,0,0,0,0,0
Den Helder Suns,"Bryan ANTOINE, Carter GILMORE, Jonas VISSER, Nick THRAN, Reginald MESIDOR",1,27,0.0,0,0,1,0,0,1,0,0,0,0,0,0,0,0,0,0,0,1,1,64,88.9,39.1,27.0,61.4,0,0,0,0,0,0,0,100,0,1,0,0,0,0,0,0,1,1,100,0,0,0,0,0,0,0,0,0,0,113.6,0,0,0,227.3,0,0,0,0,0,0,0,0,0,0,0,0,0,-227.3,0,0,0,0,0,0,0,0,0,0,0,0,0,0,0,0,0,1,0
Den Helder Suns,"Bryan ANTOINE, Carter GILMORE, Drew STOVER, Reginald MESIDOR, Thijs BEENS",1,4,0.0,0,0,3,0,0,0,0,0,0,0,1,0,1,0,0,0,0,0,1,718.5,837,600,2.9,4.0,0,0,0,50,0,0,0,0,0,0,0,0,0,0,0,0,0,0,0,0,1,1,0,0,0,1,0,1,0,0,100,0,0,0,0,0,0,3,0,0,0,0,0,0,0,0,0,0,0,0,0,0,0,0,0,0,0,0,0,0,1,0,0,0,0,0,0
Okapi Aalst,"Dante Jr MADDOX, Ivan MARAS, Niels VAN DEN EYNDE, Ozzy MASSEY, Siebe LEDEGEN",1,6,0.0,0,0,0,0,0,0,0,0,0,0,0,0,0,0,0,0,1,0,1,220,400,40,6.0,60.0,0,0,0,0,0,100,0,0,0,0,0,0,0,0,0,0,0,0,0,0,0,0,0,0,0,0,0,0,0,0,0,0,0,0,0,0,0,0,0,0,0,0,0,0,1,0,0,0,0,0,0,0,0,0,0,0,0,0,0,0,0,0,0,0,0,0,0
PrismaWorx BAL,"Gido NANNINGA, Kenyuoe ONDAAN, Kjell DE GRAAF, Roel VAN OVERBEEK, Ryan MUHR",1,47,0.0,3,1,1,100,1,1,100,0,0,0,0,0,0,1,0,0,0,1,1,73.5,51.1,96,47.0,25.0,150,150,100,0,0,0,0,100,300,4,1,1,100,0,0,0,2,2,100,0,0,0,1,0,0,0,0,2,100,106.4,0,0,0,212.8,0,0,0,0,0,0,0,0,0,0,0,0,0,87.2,0,0,0,1,1,100,0,0,0,0,0,0,0,0,0,0,0,0,0
Okapi Aalst,"Eddie COLBERT III, Malcolm CARREIRA KREPS, Mattias PALINCKX, Niels VAN DEN EYNDE, Ozzy MASSEY",1,52,0.0,0,0,1,0,0,1,0,0,0,0,0,1,1,0,0,0,0,0,1,69.2,46.2,92.3,52.0,26.0,0,0,0,0,100,0,0,100,0,0,0,2,0,0,2,0,0,0,0,0,1,1,0,0,0,0,0,2,0,0,0,0,100,0,0,0,0,0,0,0,0,0,0,0,0,0,0,0,0,0,0,0,0,0,0,0,0,0,0,0,0,0,0,0,0,0,0
Okapi Aalst,"Dante Jr MADDOX, Eddie COLBERT III, Jasper UNAL, Joseph ERUKA, Malcolm CARREIRA KREPS",1,59,0.0,2,1,1,100,0,0,0,0,0,0,0,1,1,0,0,0,0,0,1,61,40.7,81.4,59.0,29.5,100,100,0,0,100,0,0,0,200,0,0,2,0,0,1,0,0,0,0,0,0,0,0,0,0,0,0,2,0,0,0,0,50,0,0,0,0,1,1,100,0,0,0,0,0,0,0,200,0,0,0,1,0,0,0,0,0,0,0,0,0,0,2,2,0,0,0
Okapi Aalst,"Dante Jr MADDOX, Eddie COLBERT III, Glenn TEMMERMAN, Mattias PALINCKX, Niels VAN DEN EYNDE",1,50,0.0,0,0,2,0,0,0,0,0,0,0,1,0,1,0,0,0,0,1,1,46.3,44.6,48,53.8,50.0,0,0,0,50,0,0,0,0,0,2,1,1,100,0,0,0,0,0,0,0,1,1,1,0,0,0,1,1,100,100,0,0,0,200,0,0,0,2,0,0,0,0,0,0,0,0,0,-200,0,0,0,1,1,100,0,0,0,0,0,0,0,0,0,0,0,0,0
Okapi Aalst,"Dante Jr MADDOX, Eddie COLBERT III, Jasper UNAL, Mattias PALINCKX, Siebe LEDEGEN",1,47,0.0,0,0,1,0,0,1,0,0,0,0,0,0,0,0,0,0,0,0,1,76.6,51.1,102.1,47.0,23.5,0,0,0,0,0,0,0,100,0,5,2,2,100,1,1,100,0,0,0,0,1,1,2,0,0,0,0,2,125,125,0,0,50,250,0,0,0,0,0,0,0,0,0,0,0,0,0,-250,0,0,0,1,1,100,0,0,0,0,0,0,0,0,0,0,0,0,0
Okapi Aalst,"Dante Jr MADDOX, Eddie COLBERT III, Malcolm CARREIRA KREPS, Niels VAN DEN EYNDE, Ozzy MASSEY",1,26,0.0,0,0,1,0,0,1,0,0,0,0,0,0,0,0,0,0,0,0,1,92.3,92.3,92.3,26.0,26.0,0,0,0,0,0,0,0,100,0,2,1,1,100,0,0,0,0,0,0,0,0,0,0,0,0,0,0,1,100,100,0,0,0,200,0,0,0,0,0,0,0,0,0,0,0,0,0,-200,0,0,0,1,1,100,0,0,0,0,0,0,0,0,0,0,0,0,2
Zorg en Zekerheid Leiden,"Loek VAN ZEIL, Nate ROBERTS, Sam HUURMAN, Stan VAN DEN ELZEN, Tyreek SCOTT-GRAYSON",1,26,0.0,0,0,0,0,0,0,0,0,0,0,0,0,0,0,0,0,1,0,1,92.3,92.3,92.3,26.0,26.0,0,0,0,0,0,100,0,0,0,2,1,1,100,0,0,0,0,0,0,0,0,0,0,0,0,0,0,1,100,100,0,0,0,200,0,0,0,0,0,0,0,0,0,0,1,0,0,-200,0,0,0,1,1,100,0,0,0,0,0,0,0,0,0,0,0,0,2
Landstede Hammers,"Boyd VAN DER VUURST, Coen STOLK, Erik SAJANTILA, Jalen THOMAS, Troy Drake DOBBS",1,15,0.2,0,0,0,0,0,0,0,0,0,0,0,0,0,0,0,0,1,0,1,88,160,16,15.0,150.0,0,0,0,0,0,100,0,0,0,0,0,0,0,0,0,0,0,0,0,0,0,0,0,1,0,0,0,0,0,0,0,0,0,0,0,0,0,0,0,0,0,0,0,0,1,0,0,0,0,0,0,0,0,0,0,0,0,0,0,0,0,0,0,0,0,0,0
Landstede Hammers,"Devin WHITFIELD, Erik SAJANTILA, Grayson Alexander CARTER, Leon WILLIAMS, Nelson Ellis HASKIN",1,50,0.0,0,0,1,0,0,0,0,0,0,0,0,0,0,0,0,0,0,1,1,82.6,48,117.1,50.0,20.5,0,0,0,0,0,0,0,0,0,5,2,2,100,0,0,0,1,1,100,0,1,1,1,0,0,0,0,2,100,102.5,0,0,0,204.9,0,0,0,1,0,0,0,0,0,0,0,0,0,-204.9,0,0,0,2,2,100,0,0,0,0,0,0,0,0,0,0,0,2,0
Zorg en Zekerheid Leiden,"Dimitri MACONDA, Lucas KRUITHOF, Nate ROBERTS, Sam HUURMAN, Stan VAN DEN ELZEN",1,44,0.0,1,0,0,0,0,0,0,1,2,50,0,0,0,0,0,0,0,0,1,51.3,48,54.5,50.0,44.0,0,56.8,0,0,0,0,0,0,113.6,0,0,1,0,0,0,0,0,0,0,0,2,2,0,0,0,0,1,1,0,0,0,0,0,0,0,0,0,0,0,0,0,0,0,0,0,0,0,113.6,0,0,0,1,0,0,0,0,0,0,0,0,0,0,1,0,0,0,0
Landstede Hammers,"Coen STOLK, Erik SAJANTILA, Jalen THOMAS, Leon WILLIAMS, Troy Drake DOBBS",1,66,0.0,0,0,1,0,0,0,0,0,0,0,0,0,0,0,0,0,0,1,1,52.4,36.4,68.4,66.0,35.1,0,0,0,0,0,0,0,0,0,4,1,1,100,0,0,0,2,2,100,0,1,1,0,0,0,0,0,2,100,106.4,0,0,0,212.8,0,0,0,1,0,0,0,0,0,0,0,0,0,-212.8,0,0,0,1,1,100,0,0,0,0,0,0,0,0,0,0,0,0,0
Kangoeroes Basket Mechelen,"Augustas PECIUKEVICIUS, Leander DEDROOG, Nick STAMPLEY, Zaba BANGALA, Zan KOSIC",1,42,0.0,0,0,1,0,0,0,0,0,0,0,0,0,0,0,0,0,0,0,1,85.7,57.1,114.3,42.0,21.0,0,0,0,0,0,0,0,0,0,2,1,1,100,0,0,0,0,0,0,0,1,1,1,0,0,1,0,2,100,100,50,0,0,100,0,0,0,1,0,0,0,0,0,0,0,0,0,-100,0,0,0,1,1,100,0,0,0,0,1,0,0,0,0,0,0,0,0
Stella Artois Leuven Bears,"Guillaume DE MOL, Kelton TALFORD, Roel BUCUMI, Wen MUKUBU, Wilson PRUITT",1,33,0.0,0,0,1,0,0,0,0,0,0,0,0,0,0,0,0,0,0,0,1,72.7,72.7,72.7,33.0,33.0,0,0,0,0,0,0,0,0,0,3,1,1,100,1,1,100,0,0,0,0,1,1,0,0,0,0,1,1,150,150,0,0,100,300,0,0,0,1,0,0,0,0,0,0,0,0,0,-300,0,0,0,0,0,0,0,0,0,0,0,0,0,0,0,0,0,3,0
Rotterdam City Basketball,"James GRAHAM, Lars NILSEN, Nino VRENCKEN, Tjall DE VAAL, Tydus VERHOEVEN",1,41,0.0,0,0,1,0,0,0,0,0,0,0,0,0,0,0,0,0,0,1,1,58.5,58.5,58.5,41.0,41.0,0,0,0,0,0,0,0,0,0,3,1,1,100,1,1,100,0,0,0,0,1,1,1,0,0,0,0,1,150,150,0,0,100,300,0,0,0,1,0,0,0,0,0,0,0,0,0,-300,0,0,0,0,0,0,0,0,0,0,0,0,0,0,0,0,0,0,0
Filou Oostende,"Joppe MENNES, Max FIEDLER, Pierre-Antoine GILLET, Simon BUYSSE, Tim WAERNIERS",1,38,0.0,0,0,1,0,0,1,0,0,0,0,0,1,1,0,0,0,0,0,1,63.2,63.2,63.2,38.0,38.0,0,0,0,0,100,0,0,100,0,0,0,1,0,0,1,0,0,0,0,0,0,0,0,0,0,0,0,1,0,0,0,0,100,0,0,0,0,0,0,0,0,0,0,0,0,0,0,0,0,0,0,0,0,0,0,0,0,0,0,0,0,0,0,0,0,0,0
Filou Oostende,"Haris BRATANOVIC, Joppe MENNES, Noam YAACOV, Pierre-Antoine GILLET, Tim WAERNIERS",1,51,0.0,0,0,0,0,0,0,0,0,0,0,0,1,1,0,1,0,1,2,1,70.6,47.1,94.1,51.0,25.5,0,0,0,0,100,100,0,0,0,0,0,1,0,0,0,0,0,0,0,0,0,0,0,1,0,1,1,2,0,0,50,0,0,0,0,0,0,0,0,0,0,0,0,1,0,0,0,0,0,0,0,1,0,0,0,0,0,0,1,0,0,0,0,0,0,0,0
Rotterdam City Basketball,"Chukwuzinife NWOKEJI, Jakari SPENCE, Lars NILSEN, Tjall DE VAAL, Tydus VERHOEVEN",1,39,0.0,2,1,1,100,0,0,0,0,0,0,0,0,0,0,0,1,0,0,1,92.3,61.5,123.1,39.0,19.5,100,100,0,0,0,0,0,0,200,2,1,2,50,0,0,0,0,0,0,0,0,0,0,0,0,0,0,2,50,50,0,0,0,100,0,0,0,1,1,100,0,0,0,0,0,0,0,100,0,0,0,2,1,50,0,0,0,0,0,0,0,0,0,0,0,0,2
Rotterdam City Basketball,"Chermano VAN LA PARRA, Chukwuzinife NWOKEJI, Lars NILSEN, Tjall DE VAAL, Tydus VERHOEVEN",1,34,0.0,2,0,0,0,0,0,0,2,2,100,0,0,0,0,0,0,0,1,1,59.6,62.1,57.2,38.6,42.0,0,113.6,0,0,0,0,0,0,227.3,1,0,1,0,0,0,0,1,2,50,1,0,1,0,0,0,0,1,1,0,26.6,0,100,0,123.5,0,0,0,0,0,0,0,0,0,0,0,0,0,103.8,0,0,0,1,0,0,0,0,0,0,0,0,0,0,0,0,1,0,0
Filou Oostende,"Aleksandre MERKVILADZE, Andre GUSTAVSON, Moussa SYLLA, Noam YAACOV, Simon BUYSSE",1,45,0.0,2,1,2,50,0,0,0,0,0,0,1,1,2,1,0,0,0,1,1,48.3,49.6,46.9,48.4,51.1,50,50,100,100,100,0,0,0,215.1,0,0,0,0,0,0,0,0,2,0,0,0,0,0,0,0,0,0,1,0,0,0,0,0,0,0,0,0,2,1,50,0,0,0,0,0,0,0,215.1,0,0,0,0,0,0,0,0,0,0,0,0,0,2,0,2,0,0,0
Filou Oostende,"Aleksandre MERKVILADZE, Joppe MENNES, Max FIEDLER, Noam YAACOV, Tim WAERNIERS",1,51,0.0,0,0,1,0,0,1,0,0,0,0,0,1,1,0,0,0,0,0,1,70.6,47.1,94.1,51.0,25.5,0,0,0,0,100,0,0,100,0,0,0,1,0,0,0,0,0,0,0,0,1,1,0,0,0,1,0,2,0,0,50,0,0,0,0,0,0,0,0,0,0,0,0,0,0,0,0,0,0,0,0,1,0,0,0,0,0,1,0,0,0,0,0,0,0,0,0
Rotterdam City Basketball,"Chermano VAN LA PARRA, Liam VAN DER SCHALIE, Nino VRENCKEN, Tjall DE VAAL, Tydus VERHOEVEN",1,63,0.0,0,0,0,0,0,0,0,0,0,0,0,1,1,0,0,0,1,0,1,57.1,38.1,76.2,63.0,31.5,0,0,0,0,100,100,0,0,0,2,1,2,50,0,1,0,0,0,0,0,0,0,1,1,0,0,0,2,50,50,0,0,50,100,0,0,0,0,0,0,0,0,0,0,1,0,0,-100,0,0,0,1,1,100,0,0,0,0,0,0,0,0,0,0,0,0,0
Rotterdam City Basketball,"Chermano VAN LA PARRA, Chukwuzinife NWOKEJI, Liam VAN DER SCHALIE, Nino VRENCKEN, Tydus VERHOEVEN",1,37,0.0,3,1,1,100,1,1,100,0,0,0,0,1,1,1,0,1,0,1,1,93.4,64.9,121.9,37.0,19.7,150,150,100,0,100,0,0,100,300,1,0,1,0,0,0,0,1,2,50,0,0,0,0,0,0,0,0,2,0,26.6,0,0,0,53.2,0,0,0,0,0,0,0,0,0,0,0,0,0,246.8,0,0,0,1,0,0,0,0,0,0,0,0,0,0,3,0,0,0,0
Rotterdam City Basketball,"Chukwuzinife NWOKEJI, Jakari SPENCE, Liam VAN DER SCHALIE, Nino VRENCKEN, Tydus VERHOEVEN",1,17,0.0,0,0,1,0,0,1,0,0,0,0,0,0,0,0,0,0,0,0,1,77.6,141.2,14.1,17.0,170.0,0,0,0,0,0,0,0,100,0,0,0,0,0,0,0,0,0,0,0,0,0,0,0,0,0,0,0,0,0,0,0,0,0,0,0,0,0,0,0,0,0,0,0,0,0,0,0,0,0,0,0,0,0,0,0,0,0,0,0,0,0,0,0,0,0,0,0
Brussels Basketball,"Arne SCHREVENS, Deishuan BOOKER, Demetric HORTON, Jomaru BROWN, Tonko VUKO",1,29,0.0,0,0,0,0,0,0,0,0,0,0,0,0,0,0,0,0,1,1,1,77.8,82.8,72.8,29.0,33.0,0,0,0,0,0,100,0,0,0,2,0,0,0,0,0,0,2,2,100,0,0,0,0,0,0,0,0,1,0,113.6,0,0,0,227.3,0,0,0,0,0,0,0,0,0,0,1,0,0,-227.3,0,0,0,0,0,0,0,0,0,0,0,0,0,0,0,0,2,2,2
Val-Dieu Spirou Basket,"Dontrez STYLES, Enoch BOAKYE, Eric NOTTAGE, Juwan GARY, Quinten SMOUT",1,43,0.0,0,0,0,0,0,0,0,0,0,0,0,0,0,0,0,0,1,1,1,92.7,55.8,129.5,43.0,18.5,0,0,0,0,0,100,0,0,0,3,0,1,0,0,0,0,3,3,100,0,0,0,1,0,0,0,0,2,0,64.7,0,0,0,129.3,0,0,0,0,0,0,0,0,0,1,0,0,0,-129.3,0,0,0,1,0,0,0,0,0,0,0,0,0,0,0,0,3,0,3
Val-Dieu Spirou Basket,"Adedayo POLET, Dontrez STYLES, Malcolm MAKWA, Maxime BILOLO KATUALA, Njegos SIKIRAS",1,50,0.0,2,1,1,100,0,0,0,0,0,0,0,0,0,1,0,0,0,0,1,72,48,96,50.0,25.0,100,100,100,0,0,0,0,0,200,3,1,2,50,1,1,100,0,0,0,0,0,0,0,0,0,0,0,2,75,75,0,0,50,150,0,0,0,1,1,100,0,0,0,0,0,0,0,50,0,0,0,1,0,0,0,0,0,0,0,0,0,0,0,0,3,0,0
Brussels Basketball,"Godwin TSHIMANGA, Jamison OVERTON, Jomaru BROWN, Louis HAZARD, Tonko VUKO",1,53,0.0,2,0,0,0,0,0,0,2,2,100,0,0,0,0,0,0,0,2,1,42.6,39.8,45.3,60.2,53.0,0,113.6,0,0,0,0,0,0,227.3,0,0,0,0,0,0,0,0,0,0,0,0,0,0,0,0,1,1,1,0,0,100,0,0,0,0,0,0,0,0,0,0,0,0,0,0,0,0,227.3,0,0,0,0,0,0,0,0,0,0,1,0,0,0,0,0,0,0,0
Val-Dieu Spirou Basket,"Dontrez STYLES, Enoch BOAKYE, Lukijan ZECEVIC, Malcolm MAKWA, Zeb JACKSON",1,31,0.0,0,0,0,0,0,0,0,0,0,0,0,0,0,0,0,0,1,0,1,42.6,77.4,7.7,31.0,310.0,0,0,0,0,0,100,0,0,0,0,0,0,0,0,0,0,0,0,0,0,0,0,0,0,0,0,1,0,0,0,0,0,0,0,0,0,0,0,0,0,0,0,0,0,1,0,0,0,0,0,0,0,0,0,0,0,0,0,0,0,0,0,0,0,0,0,0
Brussels Basketball,"Demetric HORTON, Jamison OVERTON, Jomaru BROWN, Louis HAZARD, Tonko VUKO",1,8,0.0,0,0,1,0,0,1,0,0,0,0,0,0,0,0,0,0,0,0,1,165,300,30,8.0,80.0,0,0,0,0,0,0,0,100,0,0,0,0,0,0,0,0,0,0,0,0,1,1,0,0,0,0,0,0,0,0,0,0,0,0,0,0,0,0,0,0,0,0,0,0,0,0,0,0,0,0,0,0,0,0,0,0,0,0,0,0,0,0,0,0,0,0,0
Brussels Basketball,"Alexandre LIBERT, Arne SCHREVENS, Jamison OVERTON, Louis HAZARD, Tonko VUKO",1,60,0.0,0,0,1,0,0,0,0,0,0,0,0,0,0,0,0,0,0,3,1,57.6,40,75.2,60.0,31.9,0,0,0,0,0,0,0,0,0,2,0,0,0,0,0,0,2,2,100,0,1,1,0,0,0,1,1,2,0,113.6,53.2,0,0,106.4,0,0,0,1,0,0,0,0,0,0,0,0,0,-106.4,0,0,0,0,0,0,0,0,0,1,0,0,0,0,0,0,0,2,0
Brussels Basketball,"Alexandre LIBERT, Demetric HORTON, Godwin TSHIMANGA, Jamison OVERTON, Tonko VUKO",1,13,0.0,0,0,1,0,0,0,0,0,0,0,1,0,1,0,0,0,1,0,1,95.1,171.7,18.5,14.0,130.0,0,0,0,100,0,50,0,0,0,0,0,0,0,0,0,0,0,0,0,0,0,0,0,0,0,0,0,0,0,0,0,0,0,0,0,0,0,1,0,0,0,0,0,0,0,0,1,0,0,0,0,0,0,0,0,0,0,0,0,0,0,0,0,0,0,0,0
Brussels Basketball,"Demetric HORTON, Godwin TSHIMANGA, Jomaru BROWN, Louis HAZARD, Tonko VUKO",1,27,0.0,0,0,0,0,0,0,0,0,0,0,0,1,1,0,0,0,1,1,1,108.4,88.9,128,27.0,18.8,0,0,0,0,100,100,0,0,0,1,0,1,0,0,0,0,1,1,100,0,0,0,0,0,0,0,1,1,0,34.7,0,0,0,69.4,0,0,0,0,0,0,0,0,0,0,0,0,1,-69.4,0,0,0,1,0,0,0,0,0,0,0,0,0,0,0,0,0,1,1
Brussels Basketball,"Alexandre LIBERT, Demetric HORTON, Jomaru BROWN, Louis HAZARD, Tonko VUKO",1,8,0.0,2,0,0,0,0,0,0,2,2,100,0,0,0,0,0,0,0,0,1,147,264,30,9.1,80.0,0,113.6,0,0,0,0,0,0,227.3,0,0,0,0,0,0,0,0,0,0,0,0,0,0,0,0,0,1,0,0,0,0,0,0,0,0,0,0,0,0,0,0,0,0,0,0,0,0,227.3,0,0,0,0,0,0,0,0,0,0,0,0,0,0,2,0,0,0,0
Brussels Basketball,"Alexandre LIBERT, Godwin TSHIMANGA, Jomaru BROWN, Louis HAZARD, Tonko VUKO",1,9,0.0,1,0,0,0,0,0,0,1,2,50,0,1,1,0,0,0,0,0,1,384,234.7,533.3,10.2,4.5,0,56.8,0,0,100,0,0,0,113.6,0,0,2,0,0,2,0,0,0,0,0,1,1,0,0,0,0,1,2,0,0,0,0,100,0,0,0,0,0,0,0,0,0,0,0,0,0,0,113.6,0,0,0,0,0,0,0,0,0,0,0,0,0,0,1,0,0,0,0
LWD Basket,"Christopher MAIDOH, Matt FRIERSON, Reinder BRANDSMA, Sam MAILLET, Shakael PRYCE",1,46,0.0,3,1,1,100,1,1,100,0,0,0,0,0,0,1,0,0,0,1,1,49,52.2,45.9,46.0,52.3,150,150,100,0,0,0,0,100,300,2,0,0,0,0,0,0,2,2,100,0,0,0,0,0,0,0,0,1,0,113.6,0,0,0,227.3,0,0,0,0,0,0,0,0,0,0,0,0,0,72.7,0,0,0,0,0,0,0,0,0,0,0,0,0,0,0,0,0,0,0
Windrose Giants Antwerp,"Elias LASISI, Enoch CHEEKS, Joel MURRAY, Kaden ANDERSON, Vincent KESTELOOT",1,18,0.0,2,0,0,0,0,0,0,2,2,100,0,0,0,0,0,0,0,0,1,65.3,117.3,13.3,20.5,180.0,0,113.6,0,0,0,0,0,0,227.3,0,0,0,0,0,0,0,0,0,0,0,0,0,0,0,0,0,1,0,0,0,0,0,0,0,0,0,0,0,0,0,0,0,0,0,0,0,0,227.3,0,0,0,0,0,0,0,0,0,0,0,0,0,0,0,0,0,0,0
LWD Basket,"Bram TER WEEME, Christopher MAIDOH, Dyami JANECK, Reinder BRANDSMA, Sam MAILLET",1,32,0.0,0,0,0,0,0,0,0,0,0,0,0,0,0,0,0,0,1,0,1,112.5,75,150,32.0,16.0,0,0,0,0,0,100,0,0,0,0,0,1,0,0,0,0,0,0,0,0,0,0,0,0,0,1,0,2,0,0,50,0,0,0,0,0,0,0,0,0,0,0,0,0,0,0,1,0,0,0,0,1,0,0,0,0,0,1,0,0,0,0,0,0,0,0,0
Windrose Giants Antwerp,"Elias LASISI, Enoch CHEEKS, Kaden ANDERSON, Kevin TUMBA, Rasheed BELLO",1,42,0.0,3,1,1,100,1,1,100,0,0,0,0,1,1,1,0,1,0,0,1,85.7,57.1,114.3,42.0,21.0,150,150,100,0,100,0,0,100,300,0,0,1,0,0,0,0,0,0,0,0,0,0,0,0,0,1,0,2,0,0,50,0,0,0,0,0,0,0,0,0,0,0,0,0,0,0,0,300,0,0,0,1,0,0,0,0,0,0,0,0,1,0,0,0,0,0,0
LWD Basket,"Bram TER WEEME, Maik BOUWER, Reinder BRANDSMA, Sam MAILLET, Shakael PRYCE",1,24,0.0,0,0,0,0,0,0,0,0,0,0,0,0,0,0,0,0,1,0,1,150,100,200,24.0,12.0,0,0,0,0,0,100,0,0,0,2,1,1,100,0,0,0,0,0,0,0,0,0,0,1,0,1,0,2,100,100,50,0,0,100,0,0,0,0,0,0,0,0,0,0,1,0,0,-100,0,0,0,1,1,100,0,0,0,0,1,0,0,0,0,0,0,0,0
LWD Basket,"Bram TER WEEME, Christopher MAIDOH, Maik BOUWER, Sam MAILLET, Shakael PRYCE",1,25,0.0,0,0,0,0,0,0,0,0,0,0,0,1,1,0,0,0,1,0,1,140.6,96,185.3,25.0,13.0,0,0,0,0,50,100,0,0,0,2,1,3,33.3,0,1,0,0,0,0,1,0,1,1,1,0,0,0,2,33.3,33.3,0,50,33.3,103.6,0,0,0,0,0,0,0,0,0,0,1,0,0,-103.6,0,0,0,2,1,50,0,0,0,0,0,0,0,0,0,0,0,2,2
Windrose Giants Antwerp,"Elias LASISI, Joel MURRAY, Niels DE RIDDER, Rasheed BELLO, Yoeri SCHOEPEN",1,52,0.0,0,0,1,0,0,1,0,0,0,0,1,0,1,0,0,0,1,0,1,66,42.9,89.1,55.9,26.9,0,0,0,100,0,50,0,100,0,5,2,3,66.7,1,1,100,0,0,0,1,0,1,1,1,0,0,1,2,83.3,83.3,0,100,33.3,259.1,0,0,0,0,0,0,0,0,0,1,0,0,0,-259.1,1,1,100,1,0,0,0,0,0,0,0,0,0,0,0,0,2,0,5
Windrose Giants Antwerp,"Christian ELOCOBE, Feie TALLIR, Kaden ANDERSON, Rasheed BELLO, Yoeri SCHOEPEN",1,37,0.0,0,0,1,0,0,1,0,0,0,0,0,0,0,0,1,0,0,1,1,64.9,64.9,64.9,37.0,37.0,0,0,0,0,0,0,0,100,0,0,0,0,0,0,0,0,0,0,0,0,1,1,0,0,0,1,0,1,0,0,100,0,0,0,0,0,0,0,0,0,0,0,0,0,0,0,0,0,0,0,0,0,0,0,0,0,0,0,1,0,0,0,0,0,0,0,0
LWD Basket,"Bram TER WEEME, Matt FRIERSON, Reinder BRANDSMA, Sam MAILLET, Tristan DE ZWART FORSYTH",1,41,0.0,3,1,1,100,1,1,100,0,0,0,0,0,0,0,1,0,0,0,1,56.5,58.5,54.4,41.0,44.1,150,150,0,0,0,0,0,100,300,0,0,1,0,0,1,0,0,0,0,1,0,1,0,0,0,1,1,1,0,0,50,100,100,0,0,0,0,0,0,0,0,0,0,0,0,0,0,300,0,0,0,0,0,0,0,0,0,0,1,0,0,0,0,0,0,0,0
Donar Groningen,"Austin LUKE, Damian FORREST, Dele ADETUNJI, Evan TAYLOR, Malik MILLER",1,21,0.0,0,0,0,0,0,0,0,0,0,0,0,0,0,0,0,0,1,1,1,62.9,114.3,11.4,21.0,210.0,0,0,0,0,0,100,0,0,0,0,0,0,0,0,0,0,0,0,0,0,0,0,0,1,0,0,0,0,0,0,0,0,0,0,0,0,0,0,0,0,0,0,0,0,1,0,0,0,0,0,0,0,0,0,0,0,0,0,0,0,0,0,0,0,0,0,0
Union Mons-Hainaut,"Greg MILTON III, Lual DIING, Maks KLANJSCEK, Malik WHITAKER, Matteo VERSTRAETE",1,25,0.0,0,0,0,0,0,0,0,0,0,0,0,0,0,0,0,0,1,1,1,186.2,96,276.5,25.0,8.7,0,0,0,0,0,100,0,0,0,2,0,0,0,0,0,0,2,2,100,0,0,0,0,1,0,2,0,3,0,113.6,69.4,0,0,69.4,0,0,0,0,0,0,0,0,0,1,0,0,0,-69.4,0,0,0,0,0,0,0,0,0,1,1,0,0,0,0,0,0,0,0
Donar Groningen,"Austin LUKE, Dane ERIKSTRUP, Evan TAYLOR, Malik MILLER, Tim HOEVE",1,7,0.0,0,0,0,0,0,0,0,0,0,0,0,1,1,0,0,0,1,1,1,322.3,342.9,301.7,7.0,8.0,0,0,0,0,100,100,0,0,0,1,0,0,0,0,0,0,1,2,50,0,0,0,0,0,0,0,0,1,0,56.8,0,0,0,113.6,0,0,0,0,0,0,0,0,0,0,1,0,0,-113.6,0,0,0,0,0,0,0,0,0,0,0,0,0,0,0,0,0,1,0
Donar Groningen,"Austin LUKE, Dane ERIKSTRUP, Dele ADETUNJI, Evan TAYLOR, Tim HOEVE",1,2,0.0,2,0,0,0,0,0,0,2,2,100,0,0,0,0,0,0,0,0,1,588,1056,120,2.3,20.0,0,113.6,0,0,0,0,0,0,227.3,0,0,0,0,0,0,0,0,0,0,0,0,0,0,0,0,0,1,0,0,0,0,0,0,0,0,0,0,0,0,0,0,0,0,0,0,0,0,227.3,0,0,0,0,0,0,0,0,0,0,0,0,0,0,0,0,0,0,0
Hubo Limburg United,"Nicholas MUSZYNSKI, Nicolas TIMBERLAKE, Noah BAUMANN, Oshean BRATHWAITE, Quentin SERRON",1,22,0.0,0,0,0,0,0,0,0,0,0,0,0,1,1,0,0,0,0,0,0,56.2,10.9,101.5,220.0,23.7,0,0,0,0,50,0,0,0,0,0,0,2,0,0,0,0,0,0,0,1,0,1,0,0,0,0,0,1,0,0,0,50,0,0,0,0,0,0,0,0,0,0,0,0,0,0,0,0,0,0,0,2,0,0,0,0,0,0,0,0,0,0,0,0,0,0,0
Hubo Limburg United,"Marijn VERVERS, Nicholas MUSZYNSKI, Quentin SERRON, Thibault VANDERHAEGEN, Wout LEEMANS",1,33,0.0,0,0,0,0,0,0,0,0,0,0,0,1,1,0,0,0,0,1,0,72,7.3,136.7,330.0,17.6,0,0,0,0,100,0,0,0,0,1,0,1,0,0,0,0,1,2,50,0,0,0,0,0,0,0,0,2,0,26.6,0,0,0,53.2,0,0,0,0,0,0,0,0,0,0,0,0,0,-53.2,0,0,0,1,0,0,0,0,0,0,0,0,0,0,0,0,1,0,0
Landstede Hammers,"Boyd VAN DER VUURST, Erik SAJANTILA, Jalen THOMAS, Leon WILLIAMS, Nelson Ellis HASKIN",1,2,0.0,0,0,0,0,0,0,0,0,0,0,0,0,0,0,0,0,0,1,0,120,120,120,20.0,20.0,0,0,0,0,0,0,0,0,0,0,0,0,0,0,0,0,0,0,0,0,0,0,0,0,0,0,0,0,0,0,0,0,0,0,0,0,0,0,0,0,0,0,0,0,0,0,0,0,0,0,0,0,0,0,0,0,0,0,0,0,0,0,0,0,0,0,0
Kangoeroes Basket Mechelen,"Augustas PECIUKEVICIUS, Joshua HEATH, Leander DEDROOG, Yannick DAMMEN, Zaba BANGALA",1,40,0.2,0,0,0,0,0,0,0,0,0,0,0,0,0,0,0,0,0,0,0,33,6,60,400.0,40.0,0,0,0,0,0,0,0,0,0,2,1,1,100,0,0,0,0,0,0,0,0,0,1,0,0,0,3,1,100,100,0,0,0,200,0,0,0,0,0,0,0,0,0,0,0,0,0,-200,0,0,0,1,1,100,0,0,0,0,0,0,0,0,0,0,0,0,0
Rotterdam City Basketball,"Chukwuzinife NWOKEJI, Jakari SPENCE, James GRAHAM, Noah SLINGERLAND, Tjall DE VAAL",1,23,0.0,0,0,0,0,0,0,0,0,0,0,0,0,0,0,0,0,0,0,0,57.4,10.4,104.3,230.0,23.0,0,0,0,0,0,0,0,0,0,2,1,1,100,0,0,0,0,0,0,0,0,0,0,0,0,0,0,1,100,100,0,0,0,200,0,0,0,0,0,0,0,0,0,0,0,0,0,-200,0,0,0,1,1,100,0,0,0,0,0,0,0,0,0,0,0,0,2
Val-Dieu Spirou Basket,"Adedayo POLET, Dontrez STYLES, Juwan GARY, Malcolm MAKWA, Njegos SIKIRAS",1,10,0.0,0,0,0,0,0,0,0,0,0,0,0,0,0,0,0,0,0,1,0,184.8,24,345.6,100.0,6.9,0,0,0,0,0,0,0,0,0,3,1,1,100,0,0,0,1,1,100,0,0,0,0,0,0,0,0,1,100,104.2,0,0,0,208.3,0,0,0,0,0,0,0,0,0,0,0,0,0,-208.3,0,0,0,1,1,100,0,0,0,0,0,0,0,0,0,0,0,0,0
Val-Dieu Spirou Basket,"Adedayo POLET, Dontrez STYLES, Enoch BOAKYE, Lukijan ZECEVIC, Malcolm MAKWA",1,8,0.0,0,0,0,0,0,0,0,0,0,0,0,1,1,0,0,0,0,0,0,165,30,300,80.0,8.0,0,0,0,0,100,0,0,0,0,0,0,1,0,0,1,0,0,0,0,0,0,0,0,0,0,0,0,1,0,0,0,0,100,0,0,0,0,0,0,0,0,0,0,0,0,0,0,0,0,0,0,0,0,0,0,0,0,0,0,0,0,0,0,0,0,0,0
Windrose Giants Antwerp,"Andrew FUNK, Enoch CHEEKS, Kaden ANDERSON, Niels DE RIDDER, Rasheed BELLO",1,14,0.0,0,0,0,0,0,0,0,0,0,0,0,0,0,0,0,0,0,1,0,84,17.1,150.9,140.0,15.9,0,0,0,0,0,0,0,0,0,1,0,0,0,0,0,0,1,2,50,0,0,0,0,0,0,0,0,1,0,56.8,0,0,0,113.6,0,0,0,0,0,0,0,0,0,0,0,0,0,-113.6,0,0,0,0,0,0,0,0,0,0,0,0,0,0,0,0,0,0,0
Windrose Giants Antwerp,"Andrew FUNK, Enoch CHEEKS, Joel MURRAY, Kevin TUMBA, Yoeri SCHOEPEN",1,7,0.0,0,0,0,0,0,0,0,0,0,0,0,0,0,0,0,0,0,1,0,168,34.3,301.7,70.0,8.0,0,0,0,0,0,0,0,0,0,1,0,0,0,0,0,0,1,2,50,0,0,0,0,0,0,0,0,1,0,56.8,0,0,0,113.6,0,0,0,0,0,0,0,0,0,0,0,0,0,-113.6,0,0,0,0,0,0,0,0,0,0,0,0,0,0,0,0,0,1,0
Donar Groningen,"Dane ERIKSTRUP, Dele ADETUNJI, Evan TAYLOR, Malik MILLER, Tim HOEVE",1,24,0.0,0,0,0,0,0,0,0,0,0,0,0,1,1,0,1,0,0,0,0,105,10,200,240.0,12.0,0,0,0,0,100,0,0,0,0,0,0,1,0,0,0,0,0,0,0,0,0,0,0,0,0,1,0,2,0,0,50,0,0,0,0,0,0,0,0,0,0,0,0,0,0,0,0,0,0,0,0,1,0,0,0,0,0,1,0,0,0,0,0,0,0,0,0
