Team,Player_Name,Numbers_Worn,Name_Variations,Games,MPG,MIN,PTS,PPG,FGM,FGA,FG%,3PM,3PA,3P%,FTM,FTA,FT%,OREB,DREB,REB,AST,STL,BLK,TOV,PF,POSS,USG%,PTS/100,AST/100,REB/100,PTS_AST,TPC,TPC/G,TPC/100,CLUTCH_PTS,CLUTCH_PPG,CLUTCH_FGA,CLUTCH_FTA,CLUTCH_TS%,CLUTCH_USG,CLUTCH_GAMES,BPM,OBPM,DBPM,POSITION,ROLE,RIM_ATT,RIM_MADE,RIM%,OTD_2PT_ATT,OTD_2PT_MADE,OTD_2PT%,OTD_3PT_ATT,OTD_3PT_MADE,OTD_3PT%,UNAST_RIM_MADE,UNAST_3PT_MADE,PASS_TO,DRIBBLE_TO,DEFENSE_TO,MISC_TO,2ND_CHANCE_PTS,FAST_BREAK_PTS,PTS_OFF_TOV
Helsinki Seagulls,Trey Niemi,2,Trey Niemi,45,16.2,730.6,370.0,8.2,130.0,293.0,44.4,53.0,156.0,34,57.0,73.0,78.1,23.0,58.0,81.0,76.0,16.0,5.0,69.0,108.0,356.3,25.6,10.8,2.2,2.4,151,521.0,11.6,15.2,4,1.0,8,2,22.5,9.9,4,-2.86,-4.87,2.0,2.6,2.3,97.0,60.0,61.9,22.0,6.0,27.3,156.0,53.0,34,48.0,23.0,31.0,32.0,0.0,6.0,58.0,70.0,61.0
Helsinki Seagulls,Osku Heinonen,10,Osku Heinonen,45,23.2,1042.5,348.0,7.7,109.0,290.0,37.6,68.0,212.0,32.1,62.0,67.0,92.5,22.0,61.0,83.0,39.0,26.0,1.0,20.0,93.0,304.8,15.3,10.1,1.1,2.4,96,444.0,9.9,12.9,14,1.1,19,3,34.4,20.3,13,-2.84,-4.98,2.14,2.6,4.1,18.0,12.0,66.7,58.0,27.0,46.6,212.0,68.0,32.1,6.0,6.0,7.0,11.0,0.0,2.0,53.0,62.0,61.0
Helsinki Seagulls,Justus Kilpinen,40,Justus Kilpinen,45,6.0,271.4,73.0,1.6,23.0,61.0,37.7,10.0,32.0,31.2,17.0,24.0,70.8,18.0,19.0,37.0,7.0,9.0,3.0,3.0,73.0,54.3,10.5,2.1,0.2,1.1,17,90.0,2.0,2.6,2,0.7,2,4,26.6,3.8,3,-5.7,-9.01,3.31,3.6,4.6,22.0,9.0,40.9,5.0,2.0,40,32.0,10.0,31.2,0.0,0.0,2.0,0.0,0.0,1.0,15.0,3.0,4.0
Korihait,Mikael Aalto,50,Mikael Aalto,43,25.4,1090.8,700.0,16.3,240.0,381.0,63,12.0,28.0,42.9,208.0,250.0,83.2,119.0,160.0,279.0,47.0,38.0,16.0,94.0,141.0,447.4,20.9,20.5,1.4,8.2,105,805.0,18.7,23.6,61,3.0,32,30,67.5,51.2,20,3.29,-0.54,3.84,4.4,1.8,256.0,171.0,66.8,35.0,17.0,48.6,28.0,12.0,42.9,24.0,0.0,28.0,34.0,2.0,30.0,184.0,137.0,144.0
Salon Vilpas,Ansley Almonor,0,Ansley Almonor,43,28.2,1211.8,571.0,13.3,189.0,434.0,43.5,98.0,227.0,43.2,95.0,109.0,87.2,70.0,187.0,257.0,42.0,23.0,30.0,68.0,83.0,460.8,19.6,17.0,1.3,7.7,0,571.0,13.3,17.0,0,0,0,0,0,0.0,0,2.77,-0.96,3.72,3.9,3.5,0.0,0.0,0,0.0,0.0,0,0.0,0.0,0,0.0,0.0,0.0,0.0,0.0,0.0,0.0,0.0,0.0
Korihait,Jalen Jackson,40,Jalen Jackson,43,30.2,1298.5,503.0,11.7,184.0,403.0,45.7,68.0,177.0,38.4,67.0,91.0,73.6,38.0,193.0,231.0,204.0,106.0,42.0,110.0,123.0,494.4,19.4,14.7,6.0,6.8,360,863.0,20.1,25.3,70,3.3,47,23,61.3,65.1,21,5.2,-2.12,7.32,2.6,2.4,99.0,61.0,61.6,119.0,49.0,41.2,177.0,68.0,38.4,39.0,40.0,59.0,41.0,0.0,10.0,65.0,135.0,149.0
Korihait,Brian Goracke,21,Brian Goracke,43,20.7,889.5,412.0,9.6,146.0,349.0,41.8,54.0,173.0,31.2,66.0,87.0,75.9,50.0,117.0,167.0,47.0,15.0,18.0,49.0,96.0,370.8,21.2,12.1,1.4,4.9,88,500.0,11.6,14.6,39,2.4,38,4,49.0,41.8,16,-1.66,-4.02,2.36,4.0,3.8,121.0,61.0,50.4,32.0,16.0,50,173.0,54.0,31.2,29.0,11.0,18.0,21.0,0.0,10.0,77.0,120.0,69.0
Korihait,Bojan Sarcévic,7,Bojan Sarcévic,43,24.1,1036.6,325.0,7.6,107.0,258.0,41.5,44.0,136.0,32.4,67.0,77.0,87,40.0,134.0,174.0,179.0,67.0,13.0,73.0,113.0,311.9,15.3,9.5,5.2,5.1,311,636.0,14.8,18.6,37,2.1,31,7,54.3,40.1,18,2.89,-3.03,5.92,2.2,2.5,70.0,41.0,58.6,44.0,16.0,36.4,136.0,44.0,32.4,34.0,25.0,53.0,15.0,0.0,5.0,39.0,72.0,83.0
Helsinki Seagulls,Chrysostom Chukwuma,0,Chrysostom Chukwuma,43,17.4,747.1,254.0,5.9,83.0,217.0,38.2,41.0,135.0,30.4,47.0,56.0,83.9,19.0,101.0,120.0,19.0,17.0,10.0,30.0,71.0,242.5,17.0,7.4,0.6,3.5,0,254.0,5.9,7.4,0,0,0,0,0,0.0,0,-3.71,-6.17,2.46,3.8,4.4,0.0,0.0,0,0.0,0.0,0,0.0,0.0,0,0.0,0.0,0.0,0.0,0.0,0.0,0.0,0.0,0.0
Korihait,Joni Herrala,8,Joni Herrala,43,10.6,456.5,44.0,1.0,16.0,63.0,25.4,7.0,44.0,15.9,5.0,7.0,71.4,12.0,36.0,48.0,52.0,19.0,3.0,20.0,49.0,71.1,7.9,1.3,1.5,1.4,99,143.0,3.3,4.2,7,1.8,7,0,50.0,8.0,4,-3.13,-7.33,4.2,2.2,4.3,10.0,7.0,70,9.0,2.0,22.2,44.0,7.0,15.9,2.0,2.0,16.0,2.0,0.0,2.0,9.0,8.0,10.0
Salon Vilpas,Jalen Brooks,5,Jalen Brooks,42,27.7,1165.0,634.0,15.1,224.0,460.0,48.7,53.0,155.0,34.2,133.0,210.0,63.3,122.0,229.0,351.0,75.0,77.0,33.0,66.0,107.0,476.5,21.0,18.9,2.2,10.5,128,762.0,18.1,22.7,51,2.8,36,23,55.3,54.1,18,6.93,0.68,6.25,3.9,3.0,168.0,100.0,59.5,88.0,35.0,39.8,155.0,53.0,34.2,52.0,6.0,31.0,24.0,1.0,10.0,167.0,155.0,160.0
Salon Vilpas,Ze'Rik Onyema,21,Ze'Rik Onyema,42,18.1,759.1,433.0,10.3,186.0,271.0,68.6,1.0,3.0,33.3,60.0,97.0,61.9,112.0,187.0,299.0,44.0,36.0,44.0,76.0,106.0,266.6,18.1,12.9,1.3,8.9,78,511.0,12.2,15.2,22,2.4,15,7,60.8,22.1,9,6.52,-0.19,6.71,5.0,2.2,181.0,126.0,69.6,40.0,18.0,45,3.0,1.0,33.3,60.0,0.0,26.0,36.0,0.0,14.0,102.0,86.0,80.0
Helsinki Seagulls,Ricky Waxlax,47,Ricky Waxlax,42,24.3,1021.6,262.0,6.2,94.0,231.0,40.7,44.0,147.0,29.9,30.0,49.0,61.2,26.0,99.0,125.0,31.0,28.0,14.0,25.0,97.0,241.5,12.4,7.6,0.9,3.6,60,322.0,7.7,9.4,22,1.8,16,4,61.9,17.8,12,-3.23,-6.3,3.07,3.3,4.6,74.0,43.0,58.1,4.0,3.0,75,147.0,44.0,29.9,20.0,1.0,16.0,5.0,0.0,4.0,40.0,82.0,69.0
Kataja Basket,Joonas Timonen,5,Joonas Timonen,42,18.8,790.0,240.0,5.7,88.0,199.0,44.2,46.0,122.0,37.7,18.0,20.0,90,22.0,49.0,71.0,57.0,18.0,3.0,29.0,97.0,206.2,13.8,7.5,1.8,2.2,127,367.0,8.7,11.5,21,2.6,14,2,70.6,14.9,8,-1.35,-3.98,2.64,2.4,3.6,44.0,29.0,65.9,33.0,13.0,39.4,122.0,46.0,37.7,18.0,15.0,17.0,9.0,0.0,3.0,28.0,56.0,37.0
Salon Vilpas,Sebastian Lindberg,14,Sebastian Lindberg,42,18.0,754.5,211.0,5.0,71.0,209.0,34,44.0,136.0,32.4,25.0,40.0,62.5,26.0,53.0,79.0,60.0,25.0,5.0,28.0,95.0,219.5,15.0,6.3,1.8,2.4,96,307.0,7.3,9.2,16,2.3,13,4,54.2,15.8,7,-1.21,-5.16,3.95,2.3,4.3,24.0,13.0,54.2,45.0,12.0,26.7,136.0,44.0,32.4,8.0,9.0,23.0,3.0,0.0,2.0,39.0,67.0,51.0
Salon Vilpas,Eero Innamaa,22,Eero Innamaa,42,18.3,768.4,177.0,4.2,70.0,157.0,44.6,17.0,62.0,27.4,20.0,33.0,60.6,43.0,69.0,112.0,82.0,21.0,4.0,28.0,58.0,150.3,10.1,5.3,2.4,3.3,153,330.0,7.9,9.8,6,1.0,9,5,26.8,12.2,6,1.11,-3.36,4.48,2.5,3.8,51.0,30.0,58.8,34.0,15.0,44.1,62.0,17.0,27.4,17.0,1.0,15.0,12.0,0.0,1.0,27.0,55.0,34.0
Korihait,Roni Ahvenjärvi,6,Roni Ahvenjärvi,42,6.2,260.3,80.0,1.9,32.0,69.0,46.4,9.0,30.0,30,7.0,9.0,77.8,14.0,25.0,39.0,8.0,7.0,3.0,13.0,37.0,69.1,13.5,2.3,0.2,1.1,16,96.0,2.3,2.8,0,0,0,0,0,0.0,0,-3.45,-6.4,2.95,3.5,4.4,23.0,18.0,78.3,7.0,1.0,14.3,30.0,9.0,30,0.0,1.0,5.0,5.0,0.0,3.0,13.0,10.0,5.0
Helsinki Seagulls,Elias Leskinen,5,Elias Leskinen,42,2.2,94.5,18.0,0.4,8.0,15.0,53.3,1.0,4.0,25,1.0,4.0,25,14.0,6.0,20.0,1.0,1.0,2.0,3.0,17.0,5.5,3.1,0.5,0.0,0.6,3,21.0,0.5,0.6,0,0,0,0,0,0.0,0,-5.87,-7.24,1.37,4.3,4.7,4.0,4.0,100,2.0,1.0,50,4.0,1.0,25,0.0,0.0,2.0,0.0,0.0,1.0,4.0,2.0,3.0
Korihait,Leo Eklund,11,Leo Eklund,42,1.6,69.0,12.0,0.3,5.0,21.0,23.8,2.0,9.0,22.2,0.0,0.0,0,0.0,3.0,3.0,3.0,2.0,0.0,8.0,12.0,27.8,20.6,0.4,0.1,0.1,7,19.0,0.5,0.6,0,0,0,0,0,0.0,0,-15.59,-15.59,-0.01,2.6,4.8,4.0,1.0,25,8.0,2.0,25,9.0,2.0,22.2,0.0,1.0,3.0,4.0,0.0,1.0,0.0,2.0,0.0
Helsinki Seagulls,Kahron Ross,3,Kahron Ross,41,33.9,1388.4,658.0,16.0,268.0,514.0,52.1,41.0,112.0,36.6,81.0,108.0,75,31.0,112.0,143.0,308.0,85.0,5.0,97.0,79.0,602.4,22.7,19.2,9.0,4.2,626,1284.0,31.3,37.4,68,3.2,56,10,56.3,66.4,21,4.04,0.01,4.03,1.0,1.0,141.0,93.0,66,252.0,130.0,51.6,112.0,41.0,36.6,81.0,26.0,59.0,28.0,0.0,10.0,73.0,151.0,152.0
Helsinki Seagulls,Christian Keeling,55,Christian Keeling,41,29.8,1221.2,595.0,14.5,222.0,500.0,44.4,87.0,214.0,40.7,64.0,71.0,90.1,27.0,165.0,192.0,88.0,66.0,15.0,66.0,95.0,547.4,23.5,17.3,2.6,5.6,173,768.0,18.7,22.4,62,3.3,43,22,58.8,56.7,19,1.48,-2.78,4.26,3.0,2.9,131.0,73.0,55.7,147.0,56.0,38.1,214.0,87.0,40.7,50.0,22.0,31.0,29.0,0.0,6.0,68.0,181.0,133.0
Salon Vilpas,Luukas Vaara,20,Luukas Vaara,41,20.7,847.9,301.0,7.3,98.0,183.0,53.6,3.0,11.0,27.3,102.0,152.0,67.1,104.0,123.0,227.0,53.0,17.0,48.0,41.0,113.0,179.4,10.9,9.0,1.6,6.8,101,402.0,9.8,12.0,15,1.9,7,8,71.3,12.5,8,2.79,-2.63,5.43,4.7,3.6,104.0,65.0,62.5,43.0,9.0,20.9,11.0,3.0,27.3,14.0,1.0,17.0,14.0,0.0,10.0,96.0,42.0,49.0
Kataja Basket,Teemu Knihtinen,21,Teemu Knihtinen,40,15.5,619.5,142.0,3.5,55.0,139.0,39.6,24.0,72.0,33.3,8.0,14.0,57.1,50.0,67.0,117.0,48.0,11.0,1.0,18.0,70.0,108.6,9.2,4.4,1.5,3.7,93,235.0,5.9,7.3,9,1.3,7,5,48.9,10.2,7,-1.38,-3.92,2.54,3.3,4.2,24.0,14.0,58.3,34.0,12.0,35.3,72.0,24.0,33.3,10.0,0.0,13.0,2.0,0.0,3.0,32.0,35.0,9.0
Helsinki Seagulls,Rene Rougeau,4,Rene Rougeau,39,31.7,1236.0,608.0,15.6,228.0,486.0,46.9,48.0,133.0,36.1,104.0,134.0,77.6,81.0,249.0,330.0,126.0,80.0,81.0,77.0,139.0,519.3,22.0,17.7,3.7,9.6,269,877.0,22.5,25.5,50,2.6,42,9,54.4,56.0,19,5.36,-1.81,7.17,4.7,2.4,197.0,119.0,60.4,128.0,46.0,35.9,133.0,48.0,36.1,53.0,4.0,45.0,20.0,0.0,12.0,89.0,79.0,120.0
KTP-Basket,Hannes Pöllä,44,Hannes Pöllä,39,21.6,843.2,525.0,13.5,185.0,354.0,52.3,18.0,47.0,38.3,137.0,190.0,72.1,112.0,150.0,262.0,44.0,8.0,37.0,67.0,90.0,376.9,23.4,17.6,1.5,8.8,91,616.0,15.8,20.6,36,3.3,27,11,56.5,35.8,11,4.06,0.1,3.97,5.0,2.1,200.0,113.0,56.5,52.0,22.0,42.3,47.0,18.0,38.3,36.0,1.0,14.0,28.0,3.0,22.0,157.0,34.0,76.0
Kataja Basket,Henri Kantonen,55,Henri Kantonen,39,30.6,1193.2,491.0,12.6,169.0,406.0,41.6,77.0,244.0,31.6,76.0,89.0,85.4,47.0,155.0,202.0,206.0,35.0,11.0,82.0,88.0,461.0,20.4,15.3,6.4,6.3,437,928.0,23.8,29.0,53,2.8,39,14,58.7,52.2,19,2.95,-0.41,3.36,2.3,1.8,104.0,68.0,65.4,54.0,21.0,38.9,244.0,77.0,31.6,51.0,46.0,56.0,21.0,0.0,5.0,87.0,97.0,70.0
KTP-Basket,Jesper Granlund,35,Jesper Granlund,39,26.2,1022.6,294.0,7.5,111.0,268.0,41.4,28.0,107.0,26.2,44.0,65.0,67.7,61.0,72.0,133.0,41.0,51.0,11.0,40.0,93.0,264.6,13.6,9.9,1.4,4.5,88,382.0,9.8,12.8,23,2.1,14,13,58.3,20.7,11,0.01,-4.74,4.75,2.6,4.4,94.0,57.0,60.6,54.0,18.0,33.3,107.0,28.0,26.2,44.0,4.0,12.0,18.0,0.0,10.0,58.0,75.0,57.0
KTP-Basket,Aaron Carver,24,Aaron Carver,39,22.4,875.2,198.0,5.1,72.0,175.0,41.1,6.0,25.0,24,48.0,74.0,64.9,125.0,196.0,321.0,54.0,22.0,21.0,42.0,88.0,119.6,7.2,6.6,1.8,10.8,111,309.0,7.9,10.4,17,2.4,15,0,56.7,15.0,7,0.5,-3.67,4.17,5.0,4.3,84.0,40.0,47.6,28.0,7.0,25,25.0,6.0,24,7.0,0.0,23.0,10.0,0.0,9.0,62.0,9.0,20.0
Kataja Basket,Eetu Lähdetniemi,10,Eetu Lähdetniemi,39,2.6,100.8,13.0,0.3,4.0,11.0,36.4,0.0,1.0,0,5.0,10.0,50,2.0,10.0,12.0,5.0,1.0,0.0,5.0,21.0,17.7,9.2,0.4,0.2,0.4,8,21.0,0.5,0.7,0,0.0,1,0,0.0,1.0,1,-8.54,-11.11,2.57,3.1,4.7,7.0,3.0,42.9,3.0,1.0,33.3,1.0,0.0,0,1.0,0.0,1.0,3.0,0.0,1.0,5.0,0.0,1.0
KTP-Basket,Koen Sapwell,2,Koen Sapwell,38,25.8,979.9,535.0,14.1,184.0,443.0,41.5,60.0,185.0,32.4,107.0,135.0,79.3,25.0,96.0,121.0,85.0,50.0,9.0,83.0,112.0,538.0,28.8,17.9,2.8,4.1,147,682.0,17.9,22.9,24,3.0,15,6,68.0,18.6,8,1.42,-3.04,4.47,2.2,2.5,162.0,83.0,51.2,78.0,32.0,41,185.0,60.0,32.4,66.0,13.0,40.0,37.0,0.0,6.0,60.0,182.0,128.0
Kataja Basket,Jermaine Marshall,4,Jermaine Marshall,37,23.8,880.1,589.0,15.9,198.0,428.0,46.3,45.0,158.0,28.5,148.0,195.0,75.9,84.0,220.0,304.0,47.0,51.0,8.0,80.0,124.0,489.4,29.3,18.4,1.5,9.5,101,690.0,18.6,21.5,40,2.9,39,16,43.4,52.0,14,3.03,-0.79,3.82,4.5,2.5,174.0,114.0,65.5,91.0,34.0,37.4,158.0,45.0,28.5,50.0,5.0,23.0,33.0,1.0,23.0,115.0,87.0,101.0
Tapiolan Honka,Taye Donald,3,Taye Donald,37,27.5,1017.6,534.0,14.4,182.0,447.0,40.7,59.0,204.0,28.9,111.0,145.0,76.6,18.0,124.0,142.0,194.0,56.0,18.0,110.0,95.0,578.7,27.4,17.4,6.3,4.6,378,912.0,24.6,29.7,38,2.7,27,16,55.8,42.0,14,0.98,-3.25,4.24,2.1,1.8,173.0,88.0,50.9,44.0,18.0,40.9,204.0,59.0,28.9,69.0,23.0,72.0,30.0,0.0,8.0,56.0,173.0,108.0
Korihait,Ville Tahvanainen,10/13,Ville Tahvanainen,37,26.4,976.3,441.0,11.9,172.0,390.0,44.1,42.0,140.0,30,55.0,66.0,83.3,26.0,91.0,117.0,62.0,37.0,2.0,51.0,100.0,426.3,22.2,12.9,1.8,3.4,223,664.0,17.9,19.5,23,1.6,27,9,37.1,34.0,14,-2.25,-5.04,2.79,2.7,3.8,147.0,86.0,58.5,89.0,38.0,42.7,140.0,42.0,30,45.0,12.0,32.0,18.0,0.0,1.0,64.0,95.0,104.0
Tapiolan Honka,Isaiah Kelly,35,Isaiah Kelly,37,25.0,923.3,439.0,11.9,177.0,362.0,48.9,34.0,107.0,31.8,51.0,112.0,45.5,80.0,149.0,229.0,119.0,38.0,36.0,96.0,103.0,410.2,21.4,14.3,3.9,7.5,247,686.0,18.5,22.3,13,1.2,14,5,40.1,23.2,11,0.72,-4.24,4.95,4.1,2.6,196.0,109.0,55.6,32.0,13.0,40.6,107.0,34.0,31.8,41.0,3.0,53.0,25.0,0.0,18.0,77.0,161.0,93.0
Tampereen Pyrintö,Valtteri Mervola,5,Valtteri Mervola,37,26.2,969.3,312.0,8.4,118.0,287.0,41.1,37.0,116.0,31.9,39.0,45.0,86.7,21.0,63.0,84.0,127.0,37.0,4.0,55.0,89.0,327.2,17.6,11.0,4.5,3.0,245,557.0,15.1,19.7,19,1.5,20,5,42.8,24.2,13,-2.45,-5.24,2.79,1.8,3.0,84.0,51.0,60.7,81.0,26.0,32.1,116.0,37.0,31.9,32.0,8.0,39.0,10.0,0.0,6.0,46.0,56.0,47.0
Tapiolan Honka,Emil Uotila,14,Emil Uotila,37,13.5,498.8,151.0,4.1,63.0,179.0,35.2,7.0,50.0,14,18.0,41.0,43.9,47.0,68.0,115.0,31.0,17.0,9.0,23.0,65.0,166.1,16.0,4.9,1.0,3.7,67,218.0,5.9,7.1,6,1.5,7,0,42.9,7.0,4,-6.15,-8.52,2.37,4.0,5.0,115.0,50.0,43.5,5.0,1.0,20,50.0,7.0,14,20.0,1.0,12.0,9.0,0.0,2.0,30.0,54.0,28.0
Salon Vilpas,Tino Yli-Junnila,2,Tino Yli-Junnila,37,2.8,101.9,34.0,0.9,13.0,35.0,37.1,7.0,26.0,26.9,1.0,2.0,50,3.0,5.0,8.0,3.0,1.0,0.0,1.0,5.0,32.5,16.4,1.0,0.1,0.2,5,39.0,1.1,1.2,0,0,0,0,0,0.0,0,-1.94,-3.62,1.69,2.7,4.6,4.0,3.0,75,5.0,3.0,60,26.0,7.0,26.9,0.0,1.0,1.0,0.0,0.0,0.0,5.0,15.0,9.0
Tapiolan Honka,Alvar Peltoniemi,2,Alvar Peltoniemi,36,33.1,1192.6,536.0,14.9,176.0,450.0,39.1,98.0,270.0,36.3,86.0,109.0,78.9,53.0,158.0,211.0,48.0,45.0,19.0,53.0,115.0,478.0,19.3,17.4,1.6,6.9,94,630.0,17.5,20.5,36,3.0,19,18,66.9,32.9,12,-1.02,-4.12,3.1,3.6,3.8,117.0,57.0,48.7,46.0,11.0,23.9,270.0,98.0,36.3,18.0,17.0,23.0,17.0,0.0,13.0,83.0,160.0,113.0
Tapiolan Honka,Riku Korhonen,10,Riku Korhonen,36,30.1,1085.2,502.0,13.9,183.0,392.0,46.7,68.0,191.0,35.6,68.0,101.0,67.3,32.0,110.0,142.0,114.0,46.0,10.0,74.0,118.0,459.3,20.4,16.3,3.7,4.6,250,752.0,20.9,24.5,56,3.5,42,11,59.8,49.8,16,-0.19,-3.98,3.79,2.6,2.7,155.0,97.0,62.6,33.0,9.0,27.3,191.0,68.0,35.6,73.0,20.0,39.0,20.0,0.0,15.0,61.0,133.0,108.0
Kataja Basket,Jared Kimbrough,3,Jared Kimbrough,36,24.3,875.0,328.0,9.1,135.0,209.0,64.6,1.0,3.0,33.3,57.0,79.0,72.2,99.0,161.0,260.0,40.0,23.0,36.0,44.0,120.0,181.2,10.9,10.2,1.2,8.1,86,414.0,11.5,12.9,17,1.3,12,8,54.8,18.5,13,1.85,-2.34,4.19,5.0,3.3,144.0,99.0,68.8,46.0,23.0,50,3.0,1.0,33.3,22.0,0.0,15.0,11.0,0.0,18.0,88.0,31.0,51.0
Kauhajoki,Eemi Luukkonen,7,Eemi Luukkonen,36,26.1,938.9,312.0,8.7,126.0,267.0,47.2,27.0,89.0,30.3,33.0,63.0,52.4,64.0,128.0,192.0,69.0,24.0,14.0,74.0,111.0,292.5,16.4,11.4,2.5,7.0,163,475.0,13.2,17.3,24,2.2,15,5,69.8,23.2,11,-2.9,-6.05,3.14,4.0,3.5,136.0,75.0,55.1,29.0,12.0,41.4,89.0,27.0,30.3,33.0,1.0,27.0,33.0,0.0,14.0,79.0,70.0,58.0
Kauhajoki,Oliver Kandén,14,Oliver Kandén,36,28.2,1016.2,288.0,8.0,92.0,239.0,38.5,65.0,178.0,36.5,39.0,46.0,84.8,36.0,92.0,128.0,26.0,18.0,3.0,19.0,54.0,232.6,12.1,10.5,0.9,4.7,59,347.0,9.6,12.7,31,2.8,17,4,82.6,20.8,11,-1.46,-3.6,2.14,3.1,4.3,40.0,20.0,50,19.0,6.0,31.6,178.0,65.0,36.5,9.0,16.0,12.0,7.0,0.0,0.0,55.0,76.0,53.0
Kataja Basket,Henri Permanto,45,Henri Permanto,36,23.5,846.1,256.0,7.1,86.0,237.0,36.3,41.0,146.0,28.1,43.0,58.0,74.1,23.0,102.0,125.0,44.0,22.0,9.0,42.0,63.0,270.3,16.8,8.0,1.4,3.9,92,348.0,9.7,10.9,19,1.7,17,17,38.8,30.5,11,-2.53,-5.08,2.56,3.1,4.4,50.0,26.0,52,39.0,18.0,46.2,146.0,41.0,28.1,12.0,10.0,21.0,18.0,2.0,1.0,27.0,49.0,52.0
Kauhajoki,Antti Ahonen,8,Antti Ahonen,36,19.1,686.8,230.0,6.4,79.0,250.0,31.6,51.0,172.0,29.7,21.0,26.0,80.8,29.0,87.0,116.0,40.0,14.0,3.0,40.0,81.0,261.5,20.1,8.4,1.5,4.2,95,325.0,9.0,11.9,18,2.0,13,3,62.8,16.3,9,-5.33,-6.88,1.55,3.4,4.3,60.0,24.0,40,14.0,2.0,14.3,172.0,51.0,29.7,15.0,4.0,20.0,12.0,0.0,8.0,55.0,27.0,32.0
Tapiolan Honka,David Gonzalvez,33,David Gonzalvez,36,14.3,514.5,195.0,5.4,69.0,155.0,44.5,38.0,89.0,42.7,19.0,28.0,67.9,18.0,51.0,69.0,41.0,16.0,1.0,17.0,67.0,159.7,14.9,6.3,1.3,2.2,88,283.0,7.9,9.2,27,2.1,15,10,69.6,20.4,13,-0.95,-4.4,3.45,2.8,3.3,31.0,22.0,71,31.0,7.0,22.6,89.0,38.0,42.7,12.0,7.0,8.0,4.0,0.0,5.0,30.0,38.0,25.0
Tampereen Pyrintö,Kion Williams,51,Kion Williams,36,8.8,318.1,113.0,3.1,42.0,91.0,46.2,11.0,32.0,34.4,18.0,22.0,81.8,17.0,26.0,43.0,35.0,16.0,1.0,20.0,38.0,99.5,16.3,4.0,1.2,1.5,80,193.0,5.4,6.8,0,0.0,3,0,0.0,4.0,2,-0.69,-4.67,3.98,2.3,2.9,28.0,16.0,57.1,30.0,14.0,46.7,32.0,11.0,34.4,9.0,5.0,12.0,7.0,0.0,1.0,18.0,20.0,8.0
Salon Vilpas,Daniel Rantapaju,28,Daniel Rantapaju,35,7.1,247.7,67.0,1.9,25.0,71.0,35.2,12.0,43.0,27.9,5.0,8.0,62.5,7.0,10.0,17.0,32.0,4.0,1.0,24.0,37.0,87.9,18.2,2.0,1.0,0.5,51,118.0,3.4,3.5,0,0.0,2,0,0.0,4.0,2,-5.48,-7.5,2.02,2.1,3.8,13.0,7.0,53.8,15.0,6.0,40,43.0,12.0,27.9,4.0,2.0,16.0,5.0,0.0,3.0,16.0,7.0,9.0
Tapiolan Honka,Matias Rissanen,8,Matias Rissanen,35,5.9,205.1,36.0,1.0,14.0,45.0,31.1,5.0,31.0,16.1,3.0,4.0,75,16.0,13.0,29.0,9.0,3.0,2.0,3.0,16.0,32.4,7.6,1.2,0.3,0.9,16,52.0,1.5,1.7,0,0,0,0,0,0.0,0,-4.96,-6.78,1.82,3.3,5.0,10.0,6.0,60,1.0,0.0,0,31.0,5.0,16.1,1.0,0.0,1.0,1.0,0.0,1.0,8.0,7.0,6.0
Tampereen Pyrintö,Otto Räisänen,12,Otto Räisänen,35,3.1,108.0,33.0,0.9,11.0,28.0,39.3,4.0,13.0,30.8,7.0,8.0,87.5,6.0,8.0,14.0,8.0,2.0,0.0,6.0,19.0,30.3,14.6,1.2,0.3,0.5,12,45.0,1.3,1.6,2,1.0,2,0,50.0,2.0,2,-5.6,-7.78,2.18,3.0,3.8,8.0,6.0,75,6.0,1.0,16.7,13.0,4.0,30.8,3.0,1.0,0.0,5.0,0.0,1.0,7.0,2.0,4.0
Kauhajoki,Ty Berry,23,Ty Berry,34,27.2,924.9,574.0,16.9,191.0,469.0,40.7,96.0,272.0,35.3,96.0,128.0,75,33.0,134.0,167.0,105.0,45.0,5.0,75.0,89.0,544.6,31.0,20.9,3.8,6.1,201,775.0,22.8,28.3,46,3.5,38,17,50.6,48.5,13,4.02,0.17,3.85,2.7,1.6,115.0,64.0,55.7,80.0,31.0,38.8,272.0,96.0,35.3,52.0,43.0,40.0,25.0,0.0,10.0,64.0,157.0,107.0
Tampereen Pyrintö,Riku Laine,21,Riku Laine,34,27.7,940.5,387.0,11.4,141.0,322.0,43.8,44.0,146.0,30.1,61.0,78.0,78.2,60.0,126.0,186.0,104.0,27.0,5.0,42.0,116.0,324.8,18.0,13.7,3.7,6.6,200,587.0,17.3,20.7,19,1.7,16,7,49.8,21.1,11,0.21,-3.33,3.54,3.2,2.7,114.0,69.0,60.5,41.0,15.0,36.6,146.0,44.0,30.1,35.0,2.0,28.0,11.0,0.0,3.0,65.0,56.0,51.0
Korihait,Mikael Laihonen,16,Mikael Laihonen,34,12.8,434.2,140.0,4.1,49.0,125.0,39.2,10.0,36.0,27.8,32.0,45.0,71.1,24.0,52.0,76.0,5.0,8.0,4.0,23.0,64.0,138.0,16.2,4.1,0.1,2.2,10,150.0,4.4,4.4,9,1.8,4,4,78.1,5.8,5,-6.64,-8.39,1.74,3.9,5.0,68.0,29.0,42.6,15.0,7.0,46.7,36.0,10.0,27.8,4.0,0.0,4.0,7.0,1.0,11.0,26.0,20.0,33.0
Kauhajoki,Aamos Laavainen,35,Aamos Laavainen,34,12.4,421.3,119.0,3.5,39.0,85.0,45.9,8.0,22.0,36.4,33.0,59.0,55.9,33.0,46.0,79.0,23.0,12.0,3.0,27.0,58.0,100.8,12.6,4.3,0.8,2.9,60,179.0,5.3,6.5,6,1.2,5,3,47.5,6.3,5,-3.82,-6.71,2.89,3.6,4.0,48.0,23.0,47.9,7.0,2.0,28.6,22.0,8.0,36.4,7.0,0.0,8.0,11.0,1.0,7.0,30.0,14.0,7.0
Tampereen Pyrintö,Kaleb Warner,13,Kaleb Warner,33,16.4,542.7,238.0,7.2,81.0,211.0,38.4,45.0,126.0,35.7,31.0,49.0,63.3,21.0,78.0,99.0,33.0,20.0,4.0,22.0,42.0,224.2,21.6,8.4,1.2,3.5,68,306.0,9.3,10.8,0,0.0,10,0,0.0,10.0,6,-0.38,-3.27,2.89,3.3,3.5,53.0,24.0,45.3,28.0,10.0,35.7,126.0,45.0,35.7,11.0,13.0,10.0,8.0,0.0,4.0,30.0,76.0,37.0
Kataja Basket,Antti Kanervo,18,Antti Kanervo,33,16.2,534.9,178.0,5.4,59.0,136.0,43.4,38.0,97.0,39.2,22.0,22.0,100,6.0,27.0,33.0,21.0,9.0,0.0,8.0,36.0,141.8,14.0,5.6,0.7,1.0,40,218.0,6.6,6.8,22,2.8,13,4,74.5,14.8,8,-0.25,-2.33,2.08,2.3,3.8,8.0,6.0,75,31.0,15.0,48.4,97.0,38.0,39.2,2.0,3.0,4.0,2.0,0.0,2.0,27.0,38.0,44.0
Salon Vilpas,Thomas Rönnholm,11,Thomas Rönnholm,33,2.5,83.5,21.0,0.6,7.0,11.0,63.6,1.0,4.0,25,6.0,8.0,75,2.0,5.0,7.0,6.0,2.0,0.0,1.0,12.0,13.0,8.0,0.6,0.2,0.2,13,34.0,1.0,1.0,0,0,0,0,0,0.0,0,0.97,-4.23,5.21,2.5,3.7,7.0,6.0,85.7,0.0,0.0,0,4.0,1.0,25,3.0,0.0,1.0,0.0,0.0,0.0,3.0,8.0,6.0
Korihait,Frank Champion,20,Frank Champion,32,35.5,1135.7,675.0,21.1,260.0,487.0,53.4,9.0,35.0,25.7,146.0,196.0,74.5,77.0,193.0,270.0,117.0,36.0,29.0,100.0,81.0,572.4,25.7,19.8,3.4,7.9,252,927.0,29.0,27.2,76,4.0,48,24,64.9,65.6,19,2.96,-1.47,4.43,4.0,2.2,342.0,193.0,56.4,58.0,21.0,36.2,35.0,9.0,25.7,115.0,2.0,41.0,51.0,0.0,8.0,115.0,142.0,135.0
Lahti Basketball,Luerensley Williams III,4,Luerensley Williams III,32,30.7,983.6,627.0,19.6,225.0,477.0,47.2,86.0,204.0,42.2,91.0,126.0,72.2,52.0,78.0,130.0,94.0,51.0,13.0,73.0,77.0,531.3,26.4,23.9,3.6,5.0,150,777.0,24.3,29.7,39,2.8,30,14,53.9,43.2,14,3.17,0.68,2.49,2.4,1.9,175.0,99.0,56.6,77.0,26.0,33.8,204.0,86.0,42.2,70.0,27.0,41.0,23.0,0.0,9.0,106.0,157.0,122.0
Korihait,Jamir Harris,13,Jamir Harris,32,20.4,652.8,326.0,10.2,115.0,259.0,44.4,57.0,153.0,37.3,39.0,49.0,79.6,7.0,38.0,45.0,55.0,21.0,0.0,44.0,38.0,304.9,23.8,9.5,1.6,1.3,109,435.0,13.6,12.7,33,2.4,29,8,50.7,40.5,14,-0.03,-2.03,2.0,2.0,2.9,53.0,33.0,62.3,48.0,21.0,43.8,153.0,57.0,37.3,30.0,26.0,20.0,21.0,0.0,3.0,19.0,68.0,65.0
KTP-Basket,Joona Tuomala,31,Joona Tuomala,32,22.9,731.5,312.0,9.8,99.0,256.0,38.7,63.0,191.0,33,51.0,63.0,81,43.0,61.0,104.0,30.0,26.0,6.0,18.0,80.0,248.4,17.8,10.5,1.0,3.5,60,372.0,11.6,12.5,22,2.2,20,4,50.6,25.8,10,2.47,-1.52,3.99,2.9,3.5,38.0,23.0,60.5,21.0,10.0,47.6,191.0,63.0,33,12.0,9.0,6.0,9.0,0.0,3.0,52.0,65.0,58.0
Tapiolan Honka,Iiro Tuomi,25,Iiro Tuomi,32,14.9,477.8,292.0,9.1,106.0,176.0,60.2,5.0,19.0,26.3,75.0,110.0,68.2,58.0,48.0,106.0,26.0,11.0,6.0,31.0,76.0,189.5,19.1,9.5,0.8,3.5,61,353.0,11.0,11.5,16,2.7,10,3,70.7,11.3,6,0.52,-2.45,2.98,4.1,2.2,128.0,85.0,66.4,12.0,4.0,33.3,19.0,5.0,26.3,34.0,0.0,13.0,7.0,0.0,11.0,55.0,45.0,56.0
Lahti Basketball,Vili Nyman,10,Vili Nyman,32,27.0,863.1,291.0,9.1,123.0,287.0,42.9,16.0,72.0,22.2,29.0,44.0,65.9,41.0,155.0,196.0,49.0,24.0,9.0,41.0,42.0,294.1,16.6,11.1,1.9,7.5,82,373.0,11.7,14.2,23,1.6,22,5,47.5,24.2,14,-3.75,-5.48,1.73,3.7,4.3,129.0,76.0,58.9,69.0,22.0,31.9,72.0,16.0,22.2,38.0,4.0,24.0,15.0,0.0,2.0,48.0,111.0,61.0
Tampereen Pyrintö,Erik Muhonen,15,Erik Muhonen,32,25.2,805.6,269.0,8.4,101.0,220.0,45.9,26.0,68.0,38.2,41.0,55.0,74.5,50.0,79.0,129.0,52.0,19.0,12.0,42.0,42.0,226.8,14.7,9.5,1.8,4.6,108,377.0,11.8,13.3,21,2.3,15,8,56.7,20.5,9,-1.4,-4.06,2.66,3.4,3.6,101.0,56.0,55.4,27.0,5.0,18.5,68.0,26.0,38.2,23.0,0.0,20.0,20.0,0.0,2.0,52.0,64.0,78.0
Kouvot,Tuukka Härsilä,11,Tuukka Härsilä,32,21.2,678.9,253.0,7.9,75.0,207.0,36.2,52.0,144.0,36.1,51.0,69.0,73.9,22.0,64.0,86.0,35.0,29.0,3.0,46.0,94.0,250.9,17.6,9.4,1.3,3.2,70,323.0,10.1,12.0,12,2.0,9,7,49.7,14.1,6,-4.89,-7.06,2.17,2.9,3.8,45.0,18.0,40,17.0,5.0,29.4,144.0,52.0,36.1,6.0,8.0,25.0,16.0,0.0,5.0,28.0,58.0,41.0
Kataja Basket,Thomas Tumba,23,Thomas Tumba,32,23.2,743.5,219.0,6.8,77.0,173.0,44.5,40.0,113.0,35.4,25.0,36.0,69.4,40.0,62.0,102.0,22.0,18.0,26.0,24.0,62.0,165.9,11.8,6.8,0.7,3.2,47,266.0,8.3,8.3,10,1.4,8,4,51.2,11.8,7,0.6,-2.72,3.32,3.8,4.3,33.0,22.0,66.7,23.0,12.0,52.2,113.0,40.0,35.4,11.0,2.0,17.0,5.0,0.0,2.0,46.0,51.0,34.0
Kouvot,Teemu Kristeri,3,Teemu Kristeri,32,16.4,524.7,131.0,4.1,41.0,131.0,31.3,13.0,67.0,19.4,36.0,47.0,76.6,21.0,32.0,53.0,30.0,12.0,1.0,28.0,51.0,152.3,13.9,4.9,1.1,2.0,74,205.0,6.4,7.6,6,0.9,9,0,33.3,9.0,7,-7.86,-8.79,0.93,2.7,4.6,38.0,17.0,44.7,19.0,7.0,36.8,67.0,13.0,19.4,6.0,3.0,13.0,15.0,0.0,0.0,13.0,40.0,37.0
Lahti Basketball,Kalle Peltonen,95,Kalle Peltonen,32,10.3,328.8,102.0,3.2,34.0,104.0,32.7,18.0,68.0,26.5,16.0,22.0,72.7,20.0,35.0,55.0,33.0,13.0,0.0,24.0,55.0,113.0,16.8,3.9,1.3,2.1,55,157.0,4.9,6.0,0,0.0,5,0,0.0,5.0,2,-5.92,-7.6,1.68,2.8,4.0,23.0,13.0,56.5,10.0,2.0,20,68.0,18.0,26.5,4.0,4.0,17.0,6.0,0.0,1.0,21.0,11.0,11.0
Helsinki Seagulls,Lenni Hervola,25,Lenni Hervola,32,1.2,38.5,14.0,0.4,5.0,20.0,25,2.0,10.0,20,2.0,2.0,100,1.0,1.0,2.0,7.0,1.0,0.0,1.0,5.0,20.0,27.3,0.4,0.2,0.1,17,31.0,1.0,0.9,0,0,0,0,0,0.0,0,-7.76,-7.89,0.13,2.2,3.6,6.0,1.0,16.7,3.0,1.0,33.3,10.0,2.0,20,1.0,1.0,1.0,0.0,0.0,0.0,3.0,5.0,0.0
Kataja Basket,De'Vion Harmon,2,De'Vion Harmon,31,30.9,959.4,868.0,28.0,289.0,638.0,45.3,72.0,235.0,30.6,218.0,253.0,86.2,14.0,108.0,122.0,130.0,49.0,1.0,71.0,41.0,774.1,42.5,27.1,4.1,3.8,354,1222.0,39.4,38.1,73,5.2,43,24,68.1,62.6,14,9.53,5.71,3.83,1.6,1.0,229.0,140.0,61.1,167.0,72.0,43.1,235.0,72.0,30.6,111.0,39.0,15.0,52.0,0.0,4.0,104.0,285.0,208.0
Bisons Loimaa,Tevaun Kokko,11,Tevaun Kokko,31,32.1,995.1,610.0,19.7,217.0,511.0,42.5,88.0,231.0,38.1,88.0,104.0,84.6,34.0,90.0,124.0,138.0,51.0,8.0,100.0,58.0,597.8,31.0,25.4,5.7,5.2,224,834.0,26.9,34.7,53,3.5,40,23,52.9,61.1,15,2.73,0.53,2.2,1.8,1.7,176.0,91.0,51.7,93.0,33.0,35.5,231.0,88.0,38.1,69.0,47.0,42.0,50.0,0.0,8.0,91.0,165.0,124.0
Bisons Loimaa,Dean Keeler,31,Dean Keeler,31,29.6,917.0,552.0,17.8,220.0,366.0,60.1,0.0,2.0,0,112.0,153.0,73.2,117.0,214.0,331.0,69.0,23.0,29.0,60.0,84.0,361.3,20.3,23.0,2.9,13.8,136,688.0,22.2,28.6,48,2.8,38,10,56.6,48.4,17,4.83,1.28,3.55,5.0,1.9,282.0,173.0,61.3,62.0,32.0,51.6,2.0,0.0,0,63.0,0.0,24.0,26.0,1.0,9.0,125.0,61.0,98.0
Tampereen Pyrintö,Jared Billups,1,Jared Billups,31,30.8,953.5,458.0,14.8,160.0,397.0,40.3,14.0,69.0,20.3,124.0,180.0,68.9,46.0,192.0,238.0,110.0,39.0,39.0,63.0,79.0,473.5,25.9,16.2,3.9,8.4,229,687.0,22.2,24.2,54,4.5,35,19,62.3,49.4,12,1.13,-4.02,5.15,4.3,2.9,153.0,79.0,51.6,162.0,57.0,35.2,69.0,14.0,20.3,53.0,3.0,30.0,24.0,0.0,9.0,73.0,127.0,99.0
Bisons Loimaa,Jalin Anderson,0,Jalin Anderson,31,28.4,880.5,444.0,14.3,160.0,366.0,43.7,51.0,148.0,34.5,73.0,93.0,78.5,28.0,84.0,112.0,102.0,44.0,7.0,65.0,77.0,426.2,25.0,18.5,4.2,4.7,0,444.0,14.3,18.5,0,0,0,0,0,0.0,0,0.89,-2.02,2.91,2.1,2.4,0.0,0.0,0,0.0,0.0,0,0.0,0.0,0,0.0,0.0,0.0,0.0,0.0,0.0,0.0,0.0,0.0
Lahti Basketball,Jehloni James,0,Jehloni James,31,27.6,856.4,437.0,14.1,168.0,324.0,51.9,48.0,124.0,38.7,53.0,99.0,53.5,43.0,142.0,185.0,41.0,20.0,56.0,59.0,67.0,368.2,21.0,16.7,1.6,7.1,0,437.0,14.1,16.7,0,0,0,0,0,0.0,0,0.81,-2.46,3.26,4.6,3.0,0.0,0.0,0,0.0,0.0,0,0.0,0.0,0,0.0,0.0,0.0,0.0,0.0,0.0,0.0,0.0,0.0
Bisons Loimaa,Robert Hall III,33,Robert Hall III,31,25.7,796.5,283.0,9.1,103.0,256.0,40.2,47.0,154.0,30.5,30.0,40.0,75,20.0,63.0,83.0,83.0,29.0,11.0,42.0,67.0,283.8,18.4,11.8,3.5,3.5,149,432.0,13.9,18.0,27,2.2,23,3,55.5,28.3,12,-0.81,-3.4,2.59,2.3,3.3,52.0,37.0,71.2,45.0,15.0,33.3,154.0,47.0,30.5,30.0,18.0,24.0,15.0,0.0,3.0,40.0,69.0,49.0
Bisons Loimaa,Onni Mäkynen,10,Onni Mäkynen,31,14.3,442.4,126.0,4.1,45.0,84.0,53.6,19.0,40.0,47.5,17.0,25.0,68,29.0,46.0,75.0,5.0,9.0,13.0,10.0,53.0,73.0,8.5,5.2,0.2,3.1,9,135.0,4.4,5.6,7,1.8,3,2,90.2,3.9,4,-0.55,-3.32,2.77,4.2,4.3,34.0,20.0,58.8,5.0,2.0,40,40.0,19.0,47.5,2.0,0.0,2.0,6.0,0.0,2.0,30.0,35.0,33.0
Bisons Loimaa,Vesa Heinonen,14,Vesa Heinonen,31,18.5,573.5,117.0,3.8,36.0,79.0,45.6,9.0,33.0,27.3,36.0,56.0,64.3,25.0,61.0,86.0,26.0,12.0,3.0,31.0,69.0,105.3,9.5,4.9,1.1,3.6,52,169.0,5.5,7.0,9,1.8,4,4,78.1,5.8,5,-4.37,-6.88,2.51,3.3,4.4,39.0,22.0,56.4,3.0,1.0,33.3,33.0,9.0,27.3,5.0,0.0,20.0,5.0,0.0,6.0,14.0,24.0,14.0
Bisons Loimaa,Ville Karhu,21,Ville Karhu,31,4.5,140.2,34.0,1.1,12.0,31.0,38.7,7.0,20.0,35,3.0,3.0,100,1.0,2.0,3.0,4.0,1.0,0.0,5.0,12.0,34.9,12.8,1.4,0.2,0.1,11,45.0,1.5,1.9,0,0,0,0,0,0.0,0,-5.98,-6.31,0.33,2.4,4.6,9.0,5.0,55.6,2.0,0.0,0,20.0,7.0,35,1.0,0.0,3.0,2.0,0.0,0.0,3.0,7.0,6.0
Kauhajoki,Ike Nweke,4,Ike Nweke,30,27.5,826.2,579.0,19.3,216.0,369.0,58.5,11.0,34.0,32.4,136.0,185.0,73.5,90.0,144.0,234.0,73.0,15.0,12.0,82.0,78.0,424.7,27.1,21.1,2.7,8.5,167,746.0,24.9,27.2,45,3.8,26,10,74.0,37.4,12,5.23,1.36,3.87,4.6,1.0,220.0,146.0,66.4,99.0,46.0,46.5,34.0,11.0,32.4,65.0,2.0,33.0,29.0,0.0,20.0,121.0,110.0,91.0
Salon Vilpas,Mikko Koivisto,4,Mikko Koivisto,30,21.4,642.1,264.0,8.8,91.0,202.0,45,54.0,128.0,42.2,28.0,39.0,71.8,16.0,42.0,58.0,85.0,20.0,5.0,28.0,58.0,221.9,17.8,7.9,2.5,1.7,125,389.0,13.0,11.6,12,1.7,12,1,48.2,12.4,7,4.14,-0.1,4.24,1.8,2.4,25.0,17.0,68,44.0,17.0,38.6,128.0,54.0,42.2,8.0,12.0,20.0,7.0,0.0,1.0,49.0,34.0,30.0
Bisons Loimaa,Tomas Pihlajamäki,5,Tomas Pihlajamäki,30,20.6,616.7,211.0,7.0,70.0,204.0,34.3,46.0,144.0,31.9,25.0,36.0,69.4,17.0,61.0,78.0,35.0,26.0,5.0,34.0,77.0,227.4,19.0,8.8,1.5,3.2,72,283.0,9.4,11.8,3,0.4,12,0,12.5,12.0,7,-3.55,-5.9,2.35,2.8,4.3,40.0,19.0,47.5,18.0,5.0,27.8,144.0,46.0,31.9,10.0,18.0,21.0,8.0,1.0,4.0,35.0,46.0,55.0
Kauhajoki,Kalle Koivunen,25,Kalle Koivunen,30,19.5,585.4,172.0,5.7,61.0,183.0,33.3,35.0,132.0,26.5,15.0,17.0,88.2,15.0,40.0,55.0,43.0,11.0,1.0,22.0,64.0,189.6,17.1,6.3,1.6,2.0,84,256.0,8.5,9.3,16,2.0,16,1,48.7,18.4,8,-4.74,-6.37,1.62,2.5,4.1,29.0,17.0,58.6,21.0,9.0,42.9,132.0,35.0,26.5,9.0,5.0,11.0,8.0,0.0,3.0,10.0,37.0,19.0
Kobrat,Juho Lehtoranta,3,Juho Lehtoranta,30,16.6,497.3,107.0,3.6,34.0,93.0,36.6,27.0,78.0,34.6,12.0,12.0,100,17.0,35.0,52.0,21.0,10.0,3.0,14.0,46.0,91.5,9.5,4.4,0.9,2.2,44,151.0,5.0,6.3,10,2.5,7,0,71.4,7.0,4,-5.49,-5.17,-0.32,2.8,4.4,7.0,4.0,57.1,8.0,3.0,37.5,78.0,27.0,34.6,1.0,2.0,8.0,2.0,0.0,4.0,9.0,26.0,12.0
Kobrat,Veeti Helakorpi,8,Veeti Helakorpi,30,11.9,355.6,93.0,3.1,38.0,73.0,52.1,0.0,0.0,0,17.0,41.0,41.5,30.0,62.0,92.0,8.0,7.0,9.0,19.0,76.0,76.8,11.1,3.9,0.3,3.8,18,111.0,3.7,4.6,4,1.3,3,0,66.7,3.0,3,-9.02,-9.01,-0.02,5.0,4.7,59.0,32.0,54.2,6.0,0.0,0,0.0,0.0,0,4.0,0.0,5.0,6.0,0.0,8.0,22.0,7.0,8.0
Lahti Basketball,Pyry Kaunola,13,Pyry Kaunola,30,7.6,227.6,43.0,1.4,15.0,41.0,36.6,9.0,26.0,34.6,4.0,5.0,80,14.0,10.0,24.0,8.0,5.0,2.0,9.0,33.0,36.7,7.9,1.6,0.3,0.9,19,62.0,2.1,2.4,0,0,0,0,0,0.0,0,-5.95,-7.28,1.33,3.0,4.8,9.0,4.0,44.4,4.0,1.0,25,26.0,9.0,34.6,2.0,1.0,5.0,3.0,0.0,1.0,18.0,10.0,10.0
Kouvot,Tobias Rotegård,8,Tobias Rotegård,29,26.5,768.3,364.0,12.6,114.0,268.0,42.5,77.0,191.0,40.3,59.0,67.0,88.1,26.0,104.0,130.0,74.0,29.0,9.0,60.0,78.0,318.2,19.8,13.5,2.7,4.8,155,519.0,17.9,19.3,27,3.0,21,13,50.5,31.7,9,0.03,-2.98,3.01,3.1,2.3,48.0,26.0,54.2,25.0,10.0,40,191.0,77.0,40.3,15.0,11.0,41.0,13.0,0.0,6.0,39.0,92.0,66.0
Kouvot,Aarni Korkiatupa,22,Aarni Korkiatupa,29,27.1,785.5,258.0,8.9,89.0,204.0,43.6,36.0,98.0,36.7,44.0,52.0,84.6,37.0,97.0,134.0,53.0,23.0,7.0,30.0,41.0,211.1,12.8,9.6,2.0,5.0,123,381.0,13.1,14.2,26,3.2,19,4,62.6,21.8,8,-1.65,-4.15,2.5,3.3,3.6,70.0,38.0,54.3,22.0,7.0,31.8,98.0,36.0,36.7,21.0,1.0,16.0,13.0,0.0,1.0,43.0,77.0,56.0
KTP-Basket,Tuomas Hirvonen,4,Tuomas Hirvonen,29,26.4,764.3,217.0,7.5,80.0,194.0,41.2,41.0,114.0,36,16.0,23.0,69.6,24.0,41.0,65.0,175.0,26.0,1.0,65.0,64.0,235.3,16.1,7.3,5.9,2.2,321,538.0,18.6,18.0,8,1.0,15,2,25.2,22.9,8,0.37,-2.09,2.46,1.0,1.3,35.0,23.0,65.7,45.0,16.0,35.6,114.0,41.0,36,20.0,21.0,45.0,20.0,0.0,0.0,34.0,42.0,35.0
KTP-Basket,Jayden Taylor,8,Jayden Taylor,28,32.6,911.6,554.0,19.8,190.0,450.0,42.2,44.0,134.0,32.8,130.0,162.0,80.2,35.0,140.0,175.0,85.0,33.0,14.0,81.0,54.0,544.6,31.3,18.6,2.8,5.9,173,727.0,26.0,24.4,65,4.6,39,21,67.4,56.2,14,3.27,-1.11,4.38,2.9,2.2,181.0,97.0,53.6,110.0,34.0,30.9,134.0,44.0,32.8,76.0,16.0,25.0,44.0,0.0,12.0,79.0,179.0,96.0
Salon Vilpas,Samu Adler,12,Samu Adler,28,23.1,645.9,427.0,15.2,144.0,335.0,43,59.0,174.0,33.9,80.0,103.0,77.7,12.0,58.0,70.0,93.0,18.0,9.0,76.0,54.0,426.5,34.0,12.7,2.8,2.1,137,564.0,20.1,16.8,38,3.5,20,9,79.3,29.0,11,3.14,0.14,3.0,2.0,1.6,91.0,55.0,60.4,68.0,28.0,41.2,174.0,59.0,33.9,47.0,37.0,42.0,29.0,0.0,5.0,61.0,105.0,59.0
Tapiolan Honka,Aj Ferguson,7,Aj Ferguson,28,29.0,813.0,399.0,14.2,144.0,297.0,48.5,25.0,101.0,24.8,86.0,114.0,75.4,48.0,121.0,169.0,87.0,65.0,18.0,43.0,74.0,328.5,19.5,13.0,2.8,5.5,191,590.0,21.1,19.2,28,3.5,24,2,56.3,27.9,8,4.44,-2.04,6.48,3.1,2.5,150.0,96.0,64,28.0,11.0,39.3,101.0,25.0,24.8,55.0,3.0,15.0,24.0,0.0,4.0,48.0,169.0,134.0
Kobrat,Simeon Stefanovic,2,Simeon Stefanovic,27,23.3,629.4,218.0,8.1,68.0,214.0,31.8,31.0,127.0,24.4,51.0,68.0,75,10.0,33.0,43.0,73.0,15.0,4.0,42.0,71.0,264.9,21.7,9.1,3.0,1.8,154,372.0,13.8,15.5,17,2.1,19,4,40.9,23.8,8,-8.39,-6.62,-1.77,1.9,3.5,47.0,25.0,53.2,40.0,12.0,30,127.0,31.0,24.4,19.0,5.0,23.0,17.0,0.0,2.0,14.0,19.0,32.0
Kobrat,Miikka Marttinen,11,Miikka Marttinen,27,24.3,655.4,162.0,6.0,54.0,147.0,36.7,17.0,79.0,21.5,37.0,51.0,72.5,27.0,58.0,85.0,40.0,13.0,9.0,32.0,67.0,167.5,13.2,6.7,1.7,3.5,88,250.0,9.3,10.4,4,1.0,5,4,29.6,6.8,4,-7.02,-6.67,-0.35,3.1,4.3,54.0,33.0,61.1,10.0,2.0,20,79.0,17.0,21.5,8.0,1.0,19.0,9.0,0.0,4.0,16.0,30.0,26.0
Tapiolan Honka,Lauri Kallio,1,Lauri Kallio,27,14.5,391.6,139.0,5.1,55.0,138.0,39.9,16.0,38.0,42.1,13.0,33.0,39.4,16.0,40.0,56.0,85.0,11.0,1.0,34.0,48.0,163.7,20.1,4.5,2.8,1.8,182,321.0,11.9,10.4,0,0.0,1,3,0.0,2.3,2,-3.14,-5.71,2.57,2.1,2.6,83.0,33.0,39.8,15.0,4.0,26.7,38.0,16.0,42.1,29.0,5.0,24.0,9.0,0.0,1.0,21.0,23.0,19.0
Lahti Basketball,Arttu Saarijärvi,1,Arttu Saarijärvi,27,18.0,485.1,99.0,3.7,37.0,82.0,45.1,9.0,37.0,24.3,16.0,26.0,61.5,28.0,36.0,64.0,57.0,13.0,1.0,33.0,62.0,94.5,9.5,3.8,2.2,2.4,117,216.0,8.0,8.2,9,3.0,3,3,104.2,5.3,3,-4.82,-6.7,1.89,2.5,3.6,35.0,23.0,65.7,9.0,4.0,44.4,37.0,9.0,24.3,8.0,1.0,19.0,13.0,1.0,0.0,21.0,27.0,27.0
Kobrat,Jussi Turja,10,Jussi Turja,27,14.2,383.4,84.0,3.1,28.0,94.0,29.8,21.0,70.0,30,7.0,8.0,87.5,8.0,26.0,34.0,12.0,11.0,0.0,14.0,49.0,99.4,13.4,3.5,0.5,1.4,27,111.0,4.1,4.6,0,0.0,1,0,0.0,1.0,1,-8.95,-8.15,-0.8,2.6,5.0,7.0,3.0,42.9,15.0,4.0,26.7,70.0,21.0,30,1.0,3.0,9.0,1.0,0.0,4.0,6.0,14.0,6.0
Tapiolan Honka,Alvan Laavainen,5,Alvan Laavainen,27,3.6,98.1,30.0,1.1,13.0,25.0,52,1.0,2.0,50,3.0,4.0,75,9.0,7.0,16.0,1.0,4.0,0.0,3.0,15.0,19.9,9.8,1.0,0.0,0.5,3,33.0,1.2,1.1,4,4.0,3,0,66.7,3.0,1,-4.21,-7.05,2.84,3.3,4.4,17.0,10.0,58.8,1.0,1.0,100,2.0,1.0,50,1.0,0.0,2.0,0.0,0.0,1.0,4.0,6.0,12.0
Helsinki Seagulls,Jalen Henry,1,Jalen Henry,26,29.3,762.4,446.0,17.2,160.0,349.0,45.8,47.0,130.0,36.2,79.0,108.0,73.1,51.0,114.0,165.0,40.0,24.0,17.0,43.0,81.0,373.0,25.6,13.0,1.2,4.8,85,531.0,20.4,15.5,39,2.8,33,8,53.4,41.5,14,0.88,-2.06,2.94,4.2,2.8,138.0,77.0,55.8,63.0,26.0,41.3,130.0,47.0,36.2,31.0,1.0,13.0,19.0,0.0,11.0,71.0,44.0,84.0
KTP-Basket,Remu Raitanen,7,Remu Raitanen,26,23.1,601.2,259.0,10.0,94.0,204.0,46.1,22.0,81.0,27.2,49.0,59.0,83.1,39.0,131.0,170.0,37.0,17.0,9.0,26.0,38.0,208.3,18.2,8.7,1.2,5.7,85,344.0,13.2,11.5,12,2.0,5,7,74.3,8.1,6,3.69,-1.16,4.85,4.0,3.1,78.0,52.0,66.7,30.0,11.0,36.7,81.0,22.0,27.2,30.0,0.0,16.0,9.0,0.0,1.0,53.0,51.0,50.0
Kouvot,Patrik En,53,Patrik En,26,6.3,164.9,43.0,1.7,16.0,41.0,39,10.0,29.0,34.5,1.0,4.0,25,4.0,13.0,17.0,6.0,5.0,4.0,9.0,30.0,45.8,13.3,1.6,0.2,0.6,17,60.0,2.3,2.2,0,0,0,0,0,0.0,0,-6.65,-9.2,2.55,3.4,4.5,9.0,5.0,55.6,3.0,1.0,33.3,29.0,10.0,34.5,2.0,2.0,4.0,4.0,0.0,1.0,3.0,15.0,8.0
Bisons Loimaa,Elias Pura,13,Elias Pura,26,1.3,33.5,13.0,0.5,5.0,11.0,45.5,0.0,0.0,0,3.0,4.0,75,2.0,6.0,8.0,1.0,0.0,1.0,3.0,4.0,13.2,20.4,0.5,0.0,0.3,3,16.0,0.6,0.7,0,0,0,0,0,0.0,0,-7.08,-8.15,1.07,3.9,4.2,10.0,4.0,40,0.0,0.0,0,0.0,0.0,0,0.0,0.0,1.0,0.0,0.0,2.0,2.0,4.0,0.0
Lahti Basketball,Topias Kuukkanen,23,Topias Kuukkanen,25,22.9,572.7,192.0,7.7,64.0,148.0,43.2,47.0,114.0,41.2,17.0,24.0,70.8,21.0,53.0,74.0,30.0,18.0,2.0,17.0,66.0,148.4,12.7,7.3,1.1,2.8,53,245.0,9.8,9.4,20,2.2,11,3,81.2,12.3,9,-1.52,-3.68,2.16,2.9,3.7,20.0,12.0,60,9.0,4.0,44.4,114.0,47.0,41.2,6.0,8.0,11.0,5.0,0.0,1.0,24.0,44.0,35.0
Kouvot,Rasmus Lindberg,6,Rasmus Lindberg,25,16.1,403.4,130.0,5.2,49.0,144.0,34,25.0,98.0,25.5,7.0,8.0,87.5,25.0,38.0,63.0,23.0,13.0,7.0,11.0,34.0,128.2,15.2,4.8,0.9,2.3,56,186.0,7.4,6.9,3,1.5,3,0,50.0,3.0,2,-3.91,-5.61,1.69,3.5,4.5,27.0,15.0,55.6,16.0,6.0,37.5,98.0,25.0,25.5,7.0,0.0,6.0,3.0,0.0,2.0,23.0,31.0,20.0
Tampereen Pyrintö,Jaakko Nieminen,40,Jaakko Nieminen,25,5.4,133.8,17.0,0.7,6.0,26.0,23.1,3.0,10.0,30,2.0,2.0,100,10.0,13.0,23.0,7.0,4.0,0.0,11.0,22.0,26.8,10.4,0.6,0.2,0.8,15,32.0,1.3,1.1,0,0,0,0,0,0.0,0,-10.05,-11.84,1.79,3.3,4.9,9.0,2.0,22.2,6.0,0.0,0,10.0,3.0,30,1.0,0.0,3.0,3.0,0.0,5.0,2.0,4.0,5.0
Salon Vilpas,Teemu Suokas,1,Teemu Suokas,24,21.4,513.0,195.0,8.1,70.0,180.0,38.9,22.0,79.0,27.8,33.0,47.0,70.2,19.0,40.0,59.0,117.0,15.0,3.0,47.0,43.0,219.5,22.0,5.8,3.5,1.8,204,399.0,16.6,11.9,23,2.6,21,5,49.6,28.2,9,0.59,-2.05,2.64,1.4,2.0,68.0,36.0,52.9,28.0,9.0,32.1,79.0,22.0,27.8,32.0,10.0,37.0,8.0,0.0,2.0,36.0,64.0,25.0
Tampereen Pyrintö,Joona Hakamaa,23,Joona Hakamaa,24,20.1,482.6,129.0,5.4,45.0,122.0,36.9,23.0,80.0,28.7,16.0,22.0,72.7,11.0,32.0,43.0,30.0,21.0,7.0,18.0,51.0,133.1,14.4,4.6,1.1,1.5,58,187.0,7.8,6.6,3,0.5,8,0,18.8,8.0,6,-2.79,-6.43,3.63,2.6,4.2,37.0,20.0,54.1,3.0,1.0,33.3,80.0,23.0,28.7,16.0,0.0,10.0,4.0,0.0,4.0,22.0,28.0,18.0
Lahti Basketball,Ville Karvonen,22,Ville Karvonen,24,3.0,73.2,5.0,0.2,2.0,5.0,40,1.0,4.0,25,0.0,0.0,0,2.0,6.0,8.0,6.0,0.0,1.0,2.0,8.0,4.8,3.2,0.2,0.2,0.3,10,15.0,0.6,0.6,0,0,0,0,0,0.0,0,-5.31,-7.31,1.99,3.0,4.3,1.0,1.0,100,0.0,0.0,0,4.0,1.0,25,0.0,0.0,0.0,2.0,0.0,0.0,0.0,0.0,0.0
Kouvot,Brandon Stroud,2,Brandon Stroud,23,31.6,726.6,479.0,20.8,172.0,348.0,49.4,41.0,131.0,31.3,94.0,149.0,63.1,36.0,163.0,199.0,124.0,40.0,9.0,98.0,72.0,456.5,30.0,17.8,4.6,7.4,273,752.0,32.7,27.9,29,2.9,24,12,49.5,39.3,10,3.28,-1.65,4.93,3.4,1.0,143.0,102.0,71.3,58.0,19.0,32.8,131.0,41.0,31.3,81.0,18.0,34.0,57.0,0.0,7.0,60.0,162.0,115.0
Salon Vilpas,Jack Forrest,24,Jack Forrest,23,27.2,624.9,388.0,16.9,147.0,340.0,43.2,50.0,155.0,32.3,44.0,51.0,86.3,35.0,85.0,120.0,56.0,21.0,8.0,40.0,43.0,352.7,29.0,11.6,1.7,3.6,89,477.0,20.7,14.2,32,3.2,31,5,48.2,43.2,10,4.03,0.23,3.8,3.0,2.8,80.0,45.0,56.2,90.0,42.0,46.7,155.0,50.0,32.3,43.0,20.0,23.0,9.0,0.0,8.0,61.0,67.0,62.0
KTP-Basket,Hugo Stepanoff,11,Hugo Stepanoff,23,6.0,138.8,25.0,1.1,9.0,27.0,33.3,2.0,5.0,40,5.0,10.0,50,5.0,12.0,17.0,9.0,3.0,0.0,10.0,25.0,34.9,13.2,0.8,0.3,0.6,14,39.0,1.7,1.3,0,0.0,1,0,0.0,1.0,1,-7.36,-10.64,3.28,2.8,4.6,18.0,6.0,33.3,4.0,1.0,25,5.0,2.0,40,5.0,0.0,5.0,4.0,0.0,1.0,3.0,9.0,9.0
Bisons Loimaa,Luukas Koskelo,3,Luukas Koskelo,23,0.6,13.2,6.0,0.3,3.0,3.0,100,0.0,0.0,0,0.0,1.0,0,0.0,0.0,0.0,1.0,0.0,0.0,1.0,5.0,4.3,16.6,0.2,0.0,0.0,2,8.0,0.3,0.3,0,0,0,0,0,0.0,0,-5.87,-9.25,3.38,2.9,3.5,3.0,3.0,100,0.0,0.0,0,0.0,0.0,0,3.0,0.0,0.0,1.0,0.0,0.0,2.0,0.0,0.0
KTP-Basket,Niko Mykrä,27,Niko Mykrä,23,0.6,14.3,2.0,0.1,1.0,2.0,50,0.0,0.0,0,0.0,0.0,0,1.0,0.0,1.0,1.0,0.0,0.0,1.0,2.0,1.9,7.0,0.1,0.0,0.0,3,5.0,0.2,0.2,0,0,0,0,0,0.0,0,-6.47,-8.43,1.96,2.9,4.1,0.0,0.0,0,2.0,1.0,50,0.0,0.0,0,0.0,0.0,1.0,0.0,0.0,0.0,0.0,0.0,2.0
Kobrat,Efton Reid,15,Efton Reid,22,29.9,658.9,373.0,17.0,139.0,241.0,57.7,16.0,44.0,36.4,79.0,96.0,82.3,75.0,163.0,238.0,40.0,16.0,14.0,74.0,74.0,271.0,21.2,15.5,1.7,9.9,76,449.0,20.4,18.7,18,2.6,15,2,56.7,18.9,7,-1.2,-1.8,0.6,5.0,1.9,141.0,94.0,66.7,38.0,14.0,36.8,44.0,16.0,36.4,35.0,0.0,23.0,31.0,8.0,12.0,81.0,39.0,69.0
Tampereen Pyrintö,Topias Palmi,31,Topias Palmi,22,25.5,561.4,313.0,14.2,100.0,257.0,38.9,61.0,168.0,36.3,52.0,67.0,77.6,14.0,62.0,76.0,29.0,23.0,6.0,29.0,36.0,289.4,26.9,11.0,1.0,2.7,57,370.0,16.8,13.1,41,4.6,28,13,60.8,34.7,9,1.42,-1.35,2.77,2.9,2.9,72.0,33.0,45.8,15.0,5.0,33.3,168.0,61.0,36.3,18.0,14.0,13.0,13.0,0.0,3.0,34.0,69.0,74.0
Kauhajoki,Juuso Salmi,5,Juuso Salmi,22,21.4,469.7,122.0,5.5,44.0,134.0,32.8,20.0,59.0,33.9,14.0,20.0,70,11.0,44.0,55.0,93.0,24.0,1.0,21.0,63.0,146.7,16.5,4.5,3.4,2.0,193,315.0,14.3,11.5,9,2.2,7,1,60.5,8.4,4,-1.43,-5.2,3.77,1.4,2.5,51.0,18.0,35.3,23.0,6.0,26.1,59.0,20.0,33.9,15.0,8.0,16.0,2.0,0.0,3.0,19.0,21.0,23.0
Lahti Basketball,Max Brooks,34,Max Brooks,21,26.1,547.2,384.0,18.3,161.0,271.0,59.4,7.0,28.0,25,55.0,87.0,63.2,59.0,106.0,165.0,48.0,34.0,35.0,70.0,76.0,307.5,27.4,14.7,1.8,6.3,81,465.0,22.1,17.7,26,3.7,16,7,68.1,27.1,7,3.96,-1.46,5.42,4.7,1.5,172.0,114.0,66.3,33.0,11.0,33.3,28.0,7.0,25,70.0,2.0,20.0,37.0,0.0,13.0,91.0,61.0,73.0
Kouvot,Tai Bibbs,33,Tai Bibbs,21,33.7,707.7,355.0,16.9,131.0,269.0,48.7,41.0,113.0,36.3,52.0,66.0,78.8,35.0,79.0,114.0,74.0,32.0,6.0,34.0,60.0,285.2,19.2,13.2,2.7,4.2,169,524.0,25.0,19.5,15,3.8,7,2,95.2,8.9,4,1.49,-1.85,3.34,2.8,2.1,77.0,48.0,62.3,61.0,29.0,47.5,113.0,41.0,36.3,19.0,15.0,14.0,18.0,0.0,2.0,31.0,120.0,99.0
Kobrat,Bobby Planutis,21,Bobby Planutis,21,32.0,672.3,268.0,12.8,98.0,189.0,51.9,26.0,78.0,33.3,46.0,51.0,90.2,30.0,81.0,111.0,35.0,19.0,14.0,27.0,37.0,200.1,15.3,11.1,1.5,4.6,83,351.0,16.7,14.6,29,4.8,12,10,88.4,17.4,6,-1.03,-1.79,0.76,3.5,3.1,87.0,61.0,70.1,16.0,4.0,25,78.0,26.0,33.3,19.0,3.0,15.0,8.0,0.0,4.0,36.0,55.0,56.0
Kobrat,Antto Nikkarinen,4,Antto Nikkarinen,21,22.2,466.0,74.0,3.5,21.0,78.0,26.9,12.0,46.0,26.1,20.0,24.0,83.3,8.0,42.0,50.0,79.0,16.0,3.0,46.0,40.0,121.5,13.4,3.1,3.3,2.1,160,234.0,11.1,9.7,3,1.5,2,0,75.0,3.0,2,-7.94,-7.39,-0.56,1.6,3.2,16.0,7.0,43.8,16.0,2.0,12.5,46.0,12.0,26.1,5.0,4.0,31.0,8.0,0.0,7.0,7.0,13.0,5.0
Tampereen Pyrintö,Kalle Mattila,25,Kalle Mattila,21,6.5,135.9,42.0,2.0,15.0,26.0,57.7,6.0,11.0,54.5,6.0,6.0,100,8.0,5.0,13.0,7.0,2.0,2.0,9.0,22.0,28.5,10.9,1.5,0.2,0.5,13,55.0,2.6,1.9,0,0,0,0,0,0.0,0,-3.26,-5.96,2.7,3.1,3.4,12.0,9.0,75,3.0,0.0,0,11.0,6.0,54.5,3.0,0.0,3.0,4.0,0.0,2.0,11.0,14.0,18.0
Kataja Basket,Otso Purmonen,8,Otso Purmonen,21,5.9,123.2,22.0,1.0,8.0,18.0,44.4,3.0,5.0,60,3.0,4.0,75,8.0,9.0,17.0,4.0,0.0,0.0,3.0,20.0,14.2,6.1,0.7,0.1,0.5,10,32.0,1.5,1.0,3,1.5,1,2,79.8,1.9,2,-4.77,-6.49,1.72,3.4,4.6,11.0,4.0,36.4,2.0,1.0,50,5.0,3.0,60,2.0,0.0,1.0,2.0,0.0,0.0,4.0,1.0,7.0
Helsinki Seagulls,Michael Pietrzyk,23,Michael Pietrzyk,21,1.5,31.5,18.0,0.9,8.0,13.0,61.5,2.0,5.0,40,0.0,2.0,0,3.0,8.0,11.0,1.0,2.0,0.0,2.0,2.0,12.4,20.6,0.5,0.0,0.3,2,20.0,1.0,0.6,0,0,0,0,0,0.0,0,5.24,0.61,4.63,3.8,3.4,7.0,5.0,71.4,0.0,0.0,0,5.0,2.0,40,4.0,1.0,0.0,2.0,0.0,0.0,6.0,3.0,2.0
Kauhajoki,Fiifi Aidoo,55,Fiifi Aidoo,20,14.6,292.4,93.0,4.7,33.0,79.0,41.8,13.0,34.0,38.2,14.0,21.0,66.7,13.0,13.0,26.0,33.0,16.0,1.0,21.0,38.0,92.4,16.7,3.4,1.2,0.9,79,172.0,8.6,6.3,0,0,0,0,0,0.0,0,-1.65,-5.15,3.51,1.8,3.1,31.0,15.0,48.4,14.0,5.0,35.7,34.0,13.0,38.2,13.0,6.0,14.0,6.0,0.0,1.0,14.0,26.0,19.0
Bisons Loimaa,Pepe Rämö,30,Pepe Rämö,20,0.3,6.5,1.0,0.1,0.0,2.0,0,0.0,1.0,0,1.0,1.0,100,0.0,0.0,0.0,0.0,0.0,0.0,0.0,0.0,2.3,18.6,0.0,0.0,0.0,0,1.0,0.1,0.0,0,0,0,0,0,0.0,0,-15.86,-12.02,-3.84,2.9,4.2,1.0,0.0,0,0.0,0.0,0,1.0,0.0,0,0.0,0.0,0.0,0.0,0.0,0.0,1.0,0.0,0.0
Tampereen Pyrintö,Ahren Freeman,11,Ahren Freeman,19,24.6,466.9,298.0,15.7,117.0,213.0,54.9,10.0,39.0,25.6,54.0,73.0,74,35.0,86.0,121.0,56.0,15.0,7.0,43.0,53.0,243.0,27.2,10.5,2.0,4.3,120,418.0,22.0,14.7,29,5.8,16,16,62.9,24.0,5,4.32,-0.55,4.87,3.9,1.2,131.0,81.0,61.8,19.0,7.0,36.8,39.0,10.0,25.6,47.0,0.0,9.0,28.0,1.0,5.0,44.0,86.0,64.0
KTP-Basket,Beon Riley,0,Beon Riley,19,19.4,369.4,140.0,7.4,54.0,125.0,43.2,16.0,52.0,30.8,16.0,27.0,59.3,26.0,62.0,88.0,20.0,14.0,0.0,28.0,46.0,133.3,18.9,4.7,0.7,2.9,0,140.0,7.4,4.7,0,0,0,0,0,0.0,0,-1.44,-5.42,3.98,3.4,3.8,0.0,0.0,0,0.0,0.0,0,0.0,0.0,0,0.0,0.0,0.0,0.0,0.0,0.0,0.0,0.0,0.0
Tampereen Pyrintö,Juho-Matti Henttonen,17,Juho-Matti Henttonen,19,15.3,289.8,93.0,4.9,33.0,71.0,46.5,6.0,24.0,25,21.0,29.0,72.4,18.0,21.0,39.0,25.0,3.0,0.0,22.0,55.0,84.2,15.2,3.3,0.9,1.4,38,131.0,6.9,4.6,9,1.8,5,2,76.5,7.9,5,-6.51,-8.43,1.92,3.0,3.4,38.0,24.0,63.2,7.0,2.0,28.6,24.0,6.0,25,2.0,0.0,11.0,5.0,0.0,6.0,11.0,11.0,8.0
Lahti Basketball,Lassi Kilpinen,2,Lassi Kilpinen,19,15.7,298.6,85.0,4.5,32.0,88.0,36.4,19.0,54.0,35.2,2.0,4.0,50,6.0,13.0,19.0,36.0,10.0,2.0,23.0,34.0,102.5,16.8,3.2,1.4,0.7,64,149.0,7.8,5.7,4,1.3,6,0,33.3,7.0,3,-5.53,-6.42,0.89,1.9,3.6,17.0,5.0,29.4,15.0,6.0,40,54.0,19.0,35.2,4.0,9.0,16.0,5.0,0.0,2.0,11.0,26.0,18.0
Helsinki Seagulls,Jonas Kaivos,16,Jonas Kaivos,19,1.8,34.8,6.0,0.3,2.0,5.0,40,1.0,2.0,50,1.0,2.0,50,1.0,4.0,5.0,1.0,0.0,0.0,3.0,2.0,7.6,11.4,0.2,0.0,0.1,2,8.0,0.4,0.2,0,0,0,0,0,0.0,0,-8.67,-9.4,0.73,3.2,4.4,3.0,1.0,33.3,0.0,0.0,0,2.0,1.0,50,1.0,0.0,1.0,1.0,0.0,1.0,0.0,1.0,0.0
KTP-Basket,Antti Turtiainen,23,Antti Turtiainen,18,0.4,7.0,3.0,0.2,1.0,2.0,50,1.0,2.0,50,0.0,0.0,0,0.0,2.0,2.0,0.0,1.0,0.0,2.0,2.0,3.8,28.6,0.1,0.0,0.1,0,3.0,0.2,0.1,0,0,0,0,0,0.0,0,-3.69,-12.94,9.25,3.0,3.9,0.0,0.0,0,0.0,0.0,0,2.0,1.0,50,0.0,0.0,0.0,2.0,0.0,0.0,0.0,3.0,3.0
Kouvot,Joona Heinonen,20,Joona Heinonen,17,29.3,497.7,207.0,12.2,74.0,194.0,38.1,33.0,107.0,30.8,26.0,36.0,72.2,12.0,36.0,48.0,45.0,18.0,4.0,37.0,56.0,225.4,21.6,7.7,1.7,1.8,91,298.0,17.5,11.1,10,1.7,9,0,55.6,11.0,6,-5.19,-6.65,1.46,2.4,3.4,52.0,29.0,55.8,31.0,9.0,29,107.0,33.0,30.8,21.0,17.0,15.0,19.0,0.0,3.0,23.0,50.0,45.0
Helsinki Seagulls,Adong Makuoi,22,Adong Makuoi,17,21.7,368.4,91.0,5.4,39.0,85.0,45.9,0.0,0.0,0,13.0,23.0,56.5,42.0,42.0,84.0,11.0,16.0,30.0,15.0,53.0,65.4,9.3,2.7,0.3,2.4,28,119.0,7.0,3.5,0,0.0,3,0,0.0,3.0,2,-2.28,-6.97,4.69,5.0,4.8,61.0,27.0,44.3,11.0,4.0,36.4,0.0,0.0,0,6.0,0.0,3.0,4.0,0.0,8.0,22.0,9.0,15.0
Tapiolan Honka,Elias Eerikinharju,12,Elias Eerikinharju,17,10.0,170.7,24.0,1.4,9.0,28.0,32.1,4.0,18.0,22.2,2.0,4.0,50,7.0,20.0,27.0,8.0,0.0,2.0,6.0,22.0,27.6,7.8,0.8,0.3,0.9,22,46.0,2.7,1.5,0,0,0,0,0,0.0,0,-6.91,-9.22,2.31,3.6,5.0,5.0,4.0,80,3.0,0.0,0,18.0,4.0,22.2,0.0,0.0,3.0,2.0,0.0,1.0,3.0,3.0,0.0
Kobrat,Topias Härsilä,18,Topias Härsilä,17,4.1,69.8,18.0,1.1,6.0,26.0,23.1,6.0,21.0,28.6,0.0,0.0,0,1.0,0.0,1.0,1.0,1.0,0.0,4.0,4.0,27.8,20.5,0.7,0.0,0.0,2,20.0,1.2,0.8,0,0,0,0,0,0.0,0,-13.76,-9.19,-4.56,2.4,5.0,3.0,0.0,0,2.0,0.0,0,21.0,6.0,28.6,0.0,0.0,1.0,3.0,0.0,0.0,0.0,3.0,0.0
Kobrat,Jaquan Carlos,23,Jaquan Carlos,16,33.4,534.5,377.0,23.6,137.0,295.0,46.4,40.0,97.0,41.2,63.0,78.0,80.8,14.0,48.0,62.0,97.0,14.0,3.0,51.0,30.0,351.7,33.9,15.7,4.0,2.6,194,571.0,35.7,23.7,23,4.6,14,9,64.0,19.0,5,1.88,2.66,-0.78,1.7,1.0,101.0,53.0,52.5,92.0,41.0,44.6,97.0,40.0,41.2,48.0,19.0,29.0,20.0,0.0,2.0,54.0,85.0,63.0
Kataja Basket,Rahlir Hollis-Jefferson,32,Rahlir Hollis-Jefferson,15,27.7,415.5,153.0,10.2,58.0,141.0,41.1,10.0,34.0,29.4,27.0,32.0,84.4,29.0,45.0,74.0,33.0,13.0,9.0,17.0,32.0,137.4,17.4,4.8,1.0,2.3,71,224.0,14.9,7.0,14,2.8,8,10,56.5,13.4,5,0.15,-2.98,3.13,3.4,3.8,64.0,30.0,46.9,34.0,12.0,35.3,34.0,10.0,29.4,14.0,0.0,10.0,6.0,0.0,1.0,25.0,33.0,22.0
Kobrat,Tamenang Choh,25,Tamenang Choh,14,33.5,469.3,321.0,22.9,122.0,222.0,55,13.0,38.0,34.2,64.0,94.0,68.1,25.0,105.0,130.0,56.0,14.0,15.0,50.0,23.0,276.8,30.4,13.3,2.3,5.4,114,435.0,31.1,18.1,26,3.7,24,17,41.3,33.5,7,3.7,1.24,2.46,4.2,1.0,111.0,80.0,72.1,63.0,22.0,34.9,38.0,13.0,34.2,54.0,6.0,24.0,24.0,0.0,2.0,36.0,55.0,44.0
Kouvot,Wesley Cardet Jr.,1,Wesley Cardet Jr.,14,31.0,433.6,304.0,21.7,114.0,229.0,49.8,14.0,52.0,26.9,62.0,92.0,67.4,27.0,76.0,103.0,50.0,24.0,18.0,42.0,31.0,273.1,30.1,11.3,1.9,3.8,144,448.0,32.0,16.6,31,4.4,22,13,55.9,33.7,7,4.1,-0.78,4.88,4.1,1.5,144.0,85.0,59,24.0,8.0,33.3,52.0,14.0,26.9,69.0,11.0,17.0,20.0,0.0,5.0,35.0,86.0,44.0
Tampereen Pyrintö,Beon Riley,0,Beon Riley,14,23.2,325.2,162.0,11.6,60.0,133.0,45.1,13.0,45.0,28.9,29.0,41.0,70.7,20.0,49.0,69.0,24.0,15.0,3.0,18.0,41.0,143.1,23.0,5.7,0.8,2.4,0,162.0,11.6,5.7,0,0,0,0,0,0.0,0,0.01,-3.84,3.85,3.5,3.0,0.0,0.0,0,0.0,0.0,0,0.0,0.0,0,0.0,0.0,0.0,0.0,0.0,0.0,0.0,0.0,0.0
KTP-Basket,D'Marco Dunn,3,D'Marco Dunn,14,19.6,274.5,117.0,8.4,42.0,114.0,36.8,17.0,53.0,32.1,16.0,19.0,84.2,9.0,39.0,48.0,14.0,9.0,1.0,20.0,23.0,128.0,24.5,3.9,0.5,1.6,23,140.0,10.0,4.7,6,2.0,10,2,27.6,11.9,3,-2.26,-5.39,3.13,3.0,3.9,39.0,18.0,46.2,21.0,7.0,33.3,53.0,17.0,32.1,14.0,6.0,6.0,10.0,0.0,4.0,24.0,42.0,19.0
Kauhajoki,Christian Davis,22,Christian Davis,14,25.3,354.3,114.0,8.1,40.0,109.0,36.7,16.0,57.0,28.1,18.0,25.0,72,26.0,53.0,79.0,23.0,29.0,7.0,17.0,29.0,106.6,15.9,4.2,0.8,2.9,52,166.0,11.9,6.1,14,2.8,8,4,71.7,11.8,5,1.87,-3.64,5.5,3.5,4.0,42.0,20.0,47.6,7.0,4.0,57.1,57.0,16.0,28.1,16.0,2.0,9.0,4.0,0.0,4.0,18.0,26.0,32.0
Kobrat,Masi Makkonen,1,Masi Makkonen,14,0.5,6.7,3.0,0.2,1.0,1.0,100,1.0,1.0,100,0.0,0.0,0,0.0,1.0,1.0,0.0,0.0,0.0,0.0,1.0,1.0,7.4,0.1,0.0,0.0,0,3.0,0.2,0.1,0,0,0,0,0,0.0,0,4.97,2.82,2.15,3.1,3.7,0.0,0.0,0,0.0,0.0,0,1.0,1.0,100,0.0,1.0,0.0,0.0,0.0,0.0,0.0,3.0,0.0
Tampereen Pyrintö,Topias Jokela,22,Topias Jokela,13,23.5,305.2,131.0,10.1,51.0,103.0,49.5,4.0,7.0,57.1,25.0,35.0,71.4,39.0,29.0,68.0,20.0,5.0,6.0,21.0,45.0,96.4,16.5,4.6,0.7,2.4,43,174.0,13.4,6.1,2,1.0,2,2,34.7,2.9,2,-2.89,-5.01,2.12,4.2,3.2,53.0,30.0,56.6,24.0,10.0,41.7,7.0,4.0,57.1,12.0,0.0,6.0,5.0,0.0,10.0,38.0,17.0,20.0
Bisons Loimaa,Eemeli Hollo,24,Eemeli Hollo,13,13.0,168.6,48.0,3.7,15.0,39.0,38.5,14.0,36.0,38.9,4.0,4.0,100,4.0,12.0,16.0,8.0,3.0,2.0,4.0,18.0,39.1,12.0,2.0,0.3,0.7,13,61.0,4.7,2.5,0,0.0,3,0,0.0,3.0,1,-1.16,-3.4,2.24,2.9,4.0,1.0,1.0,100,2.0,0.0,0,36.0,14.0,38.9,1.0,2.0,2.0,1.0,0.0,1.0,6.0,12.0,0.0
Lahti Basketball,Velmeri Niementö,11,Velmeri Niementö,13,1.6,20.5,6.0,0.5,2.0,6.0,33.3,0.0,3.0,0,2.0,4.0,50,1.0,2.0,3.0,0.0,0.0,0.0,1.0,5.0,7.4,17.7,0.2,0.0,0.1,0,6.0,0.5,0.2,0,0,0,0,0,0.0,0,-15.52,-14.04,-1.48,3.3,4.6,2.0,1.0,50,1.0,1.0,100,3.0,0.0,0,0.0,0.0,0.0,1.0,0.0,0.0,0.0,1.0,0.0
Helsinki Seagulls,Leo Johnson,7,Leo Johnson,13,0.6,7.8,0.0,0.0,0.0,5.0,0,0.0,3.0,0,0.0,0.0,0,1.0,1.0,2.0,0.0,0.0,0.0,2.0,0.0,5.8,38.5,0.0,0.0,0.1,0,0.0,0.0,0.0,0,0,0,0,0,0.0,0,-44.27,-31.62,-12.65,3.3,4.3,2.0,0.0,0,0.0,0.0,0,3.0,0.0,0,0.0,0.0,0.0,2.0,0.0,0.0,0.0,0.0,0.0
Kobrat,Damian Dunn,7,Damian Dunn,12,31.8,381.1,293.0,24.4,92.0,225.0,40.9,36.0,94.0,38.3,73.0,81.0,90.1,17.0,52.0,69.0,40.0,15.0,1.0,33.0,26.0,265.6,35.9,12.2,1.7,2.9,79,372.0,31.0,15.5,29,5.8,18,8,67.4,25.5,5,2.24,2.19,0.05,2.6,1.3,66.0,36.0,54.5,61.0,19.0,31.1,94.0,36.0,38.3,32.0,21.0,14.0,15.0,0.0,4.0,34.0,70.0,42.0
Lahti Basketball,Corey Tripp,24,Corey Tripp,12,30.0,360.4,218.0,18.2,83.0,197.0,42.1,26.0,99.0,26.3,26.0,29.0,89.7,14.0,51.0,65.0,65.0,16.0,2.0,35.0,29.0,221.5,30.0,8.3,2.5,2.5,135,353.0,29.4,13.5,11,3.7,12,0,45.8,17.0,3,1.18,-1.03,2.21,2.2,1.6,51.0,29.0,56.9,39.0,22.0,56.4,99.0,26.0,26.3,24.0,15.0,17.0,16.0,0.0,2.0,36.0,33.0,34.0
Kauhajoki,Jaeden Zackery,11,Jaeden Zackery,12,25.2,302.7,156.0,13.0,54.0,108.0,50,13.0,34.0,38.2,35.0,43.0,81.4,10.0,36.0,46.0,52.0,19.0,2.0,23.0,34.0,134.3,23.4,5.7,1.9,1.7,116,272.0,22.7,9.9,13,3.2,5,4,96.2,8.8,4,5.46,-0.21,5.67,1.9,1.0,51.0,32.0,62.7,22.0,8.0,36.4,34.0,13.0,38.2,28.0,4.0,13.0,8.0,0.0,2.0,10.0,41.0,27.0
Bisons Loimaa,Craig LeCesne,1,Craig LeCesne,12,27.7,332.8,112.0,9.3,39.0,85.0,45.9,10.0,32.0,31.2,24.0,31.0,77.4,19.0,35.0,54.0,21.0,9.0,11.0,14.0,30.0,89.9,13.9,4.7,0.9,2.2,78,190.0,15.8,7.9,9,1.8,11,2,37.9,12.9,5,0.17,-3.17,3.35,3.6,3.7,25.0,12.0,48,20.0,10.0,50,32.0,10.0,31.2,6.0,3.0,6.0,4.0,0.0,4.0,24.0,19.0,22.0
Kauhajoki,Hugo Boman,3,Hugo Boman,12,7.4,88.8,26.0,2.2,6.0,31.0,19.4,3.0,21.0,14.3,11.0,14.0,78.6,5.0,16.0,21.0,1.0,5.0,4.0,6.0,14.0,36.6,21.7,0.9,0.0,0.8,0,26.0,2.2,0.9,0,0,0,0,0,0.0,0,-8.71,-11.23,2.52,4.7,5.0,6.0,2.0,33.3,4.0,1.0,25,21.0,3.0,14.3,1.0,0.0,3.0,2.0,0.0,1.0,2.0,8.0,5.0
KTP-Basket,Herman Pettersson,20,Herman Pettersson,12,0.2,1.9,0.0,0.0,0.0,0.0,0,0.0,0.0,0,0.0,0.0,0,0.0,0.0,0.0,0.0,0.0,0.0,0.0,0.0,0.0,0.0,0.0,0.0,0.0,0,0.0,0.0,0.0,0,0,0,0,0,0.0,0,-5.2,-7.14,1.94,3.0,4.1,0.0,0.0,0,0.0,0.0,0,0.0,0.0,0,0.0,0.0,0.0,0.0,0.0,0.0,0.0,0.0,0.0
Kouvot,Devontae Blanton,10,Devontae Blanton,11,24.1,264.9,144.0,13.1,60.0,123.0,48.8,7.0,27.0,25.9,17.0,19.0,89.5,14.0,46.0,60.0,17.0,14.0,5.0,20.0,21.0,131.9,23.8,5.4,0.6,2.2,42,186.0,16.9,6.9,2,0.7,4,0,25.0,4.0,3,-0.97,-4.3,3.33,3.8,3.0,35.0,21.0,60,56.0,30.0,53.6,27.0,7.0,25.9,12.0,0.0,6.0,11.0,0.0,3.0,20.0,39.0,27.0
Korihait,Bobby Planutis,0,Bobby Planutis,11,29.3,322.7,128.0,11.6,49.0,86.0,57,19.0,44.0,43.2,11.0,14.0,78.6,11.0,28.0,39.0,13.0,12.0,10.0,5.0,27.0,82.7,13.1,3.7,0.4,1.1,0,128.0,11.6,3.7,0,0,0,0,0,0.0,0,4.32,-0.6,4.92,3.3,3.3,0.0,0.0,0,0.0,0.0,0,0.0,0.0,0,0.0,0.0,0.0,0.0,0.0,0.0,0.0,0.0,0.0
KTP-Basket,Tucker Richardson,5,Tucker Richardson,11,25.7,283.0,97.0,8.8,35.0,85.0,41.2,11.0,35.0,31.4,16.0,21.0,76.2,9.0,40.0,49.0,42.0,12.0,4.0,28.0,27.0,108.7,20.1,3.3,1.4,1.6,82,179.0,16.3,6.0,5,1.2,5,1,46.0,9.4,4,0.71,-4.46,5.17,2.4,2.6,36.0,17.0,47.2,11.0,6.0,54.5,35.0,11.0,31.4,13.0,5.0,15.0,10.0,0.0,3.0,27.0,22.0,29.0
Lahti Basketball,Avery Sullivan,5,Avery Sullivan,11,20.4,224.2,93.0,8.5,35.0,85.0,41.2,10.0,36.0,27.8,13.0,20.0,65,20.0,34.0,54.0,23.0,6.0,4.0,14.0,26.0,84.3,18.4,3.5,0.9,2.1,124,217.0,19.7,8.3,4,2.0,6,0,33.3,6.0,2,-2.06,-4.06,2.01,3.7,3.4,29.0,20.0,69,18.0,4.0,22.2,36.0,10.0,27.8,11.0,0.0,8.0,5.0,1.0,0.0,19.0,14.0,14.0
Kouvot,Joel Toikka,21,Joel Toikka,11,2.7,29.9,5.0,0.5,2.0,7.0,28.6,1.0,5.0,20,0.0,0.0,0,0.0,2.0,2.0,3.0,2.0,0.0,3.0,2.0,9.6,15.3,0.2,0.1,0.1,8,13.0,1.2,0.5,0,0,0,0,0,0.0,0,-7.81,-10.35,2.54,2.4,4.2,2.0,1.0,50,0.0,0.0,0,5.0,1.0,20,0.0,0.0,2.0,1.0,0.0,0.0,0.0,2.0,2.0
Bisons Loimaa,Marco Anthony,1,Marco Anthony,10,27.5,275.4,145.0,14.5,53.0,100.0,53,5.0,10.0,50,34.0,49.0,69.4,27.0,58.0,85.0,23.0,7.0,9.0,14.0,17.0,104.2,19.5,6.0,1.0,3.5,78,223.0,22.3,9.3,15,3.0,10,7,57.3,17.1,5,4.45,0.8,3.65,4.7,2.6,41.0,27.0,65.9,47.0,20.0,42.6,10.0,5.0,50,18.0,0.0,3.0,10.0,0.0,1.0,19.0,29.0,24.0
Lahti Basketball,Samage Teel,5,Samage Teel,10,29.5,294.5,131.0,13.1,48.0,129.0,37.2,21.0,63.0,33.3,14.0,22.0,63.6,11.0,26.0,37.0,45.0,17.0,3.0,29.0,27.0,150.4,24.9,5.0,1.7,1.4,124,255.0,25.5,9.7,10,2.0,15,3,30.6,18.3,5,-2.4,-4.22,1.82,1.9,2.9,53.0,21.0,39.6,8.0,4.0,50,63.0,21.0,33.3,17.0,15.0,14.0,13.0,0.0,2.0,12.0,20.0,14.0
KTP-Basket,Mikko Purola,42,Mikko Purola,10,0.4,3.7,4.0,0.4,0.0,2.0,0,0.0,2.0,0,4.0,4.0,100,1.0,0.0,1.0,0.0,0.0,1.0,2.0,1.0,4.6,65.4,0.1,0.0,0.0,0,4.0,0.4,0.1,0,0,0,0,0,0.0,0,-12.54,-14.73,2.19,3.6,3.8,0.0,0.0,0,0.0,0.0,0,2.0,0.0,0,0.0,0.0,1.0,1.0,0.0,0.0,2.0,0.0,2.0
Kouvot,Timi Puittinen,4,Timi Puittinen,9,21.3,191.9,52.0,5.8,18.0,55.0,32.7,9.0,24.0,37.5,7.0,10.0,70,9.0,17.0,26.0,7.0,3.0,2.0,4.0,25.0,52.2,13.0,1.9,0.3,1.0,16,68.0,7.6,2.5,0,0.0,3,0,0.0,3.0,2,-6.79,-7.9,1.11,3.5,4.7,15.0,5.0,33.3,15.0,3.0,20,24.0,9.0,37.5,1.0,1.0,1.0,2.0,0.0,1.0,10.0,13.0,13.0
Lahti Basketball,Paavo Makkonen,71,Paavo Makkonen,9,0.4,3.9,5.0,0.6,2.0,2.0,100,1.0,1.0,100,0.0,0.0,0,0.0,1.0,1.0,1.0,0.0,0.0,0.0,1.0,1.9,23.9,0.2,0.0,0.0,3,8.0,0.9,0.3,0,0,0,0,0,0.0,0,37.89,24.35,13.55,3.0,3.0,1.0,1.0,100,0.0,0.0,0,1.0,1.0,100,0.0,0.0,0.0,0.0,0.0,0.0,3.0,2.0,0.0
Tapiolan Honka,Veeti Ulander,11,Veeti Ulander,9,0.7,6.5,3.0,0.3,1.0,5.0,20,1.0,1.0,100,0.0,0.0,0,3.0,0.0,3.0,0.0,0.0,0.0,0.0,1.0,1.9,14.3,0.1,0.0,0.1,0,3.0,0.3,0.1,0,0,0,0,0,0.0,0,-10.04,-1.8,-8.23,3.5,4.2,2.0,0.0,0,0.0,0.0,0,1.0,1.0,100,0.0,0.0,0.0,0.0,0.0,0.0,0.0,0.0,0.0
Lahti Basketball,Toivo Makkonen,51,Toivo Makkonen,9,0.6,5.1,0.0,0.0,0.0,4.0,0,0.0,3.0,0,0.0,0.0,0,1.0,0.0,1.0,0.0,0.0,0.0,0.0,0.0,2.9,27.5,0.0,0.0,0.0,0,0.0,0.0,0.0,0,0,0,0,0,0.0,0,-35.63,-22.1,-13.53,3.1,4.2,0.0,0.0,0,1.0,0.0,0,3.0,0.0,0,0.0,0.0,0.0,0.0,0.0,0.0,0.0,0.0,0.0
Kobrat,Eetu Hautala,14,Eetu Hautala,9,1.3,11.7,0.0,0.0,0.0,4.0,0,0.0,2.0,0,0.0,0.0,0,2.0,0.0,2.0,0.0,0.0,0.0,1.0,3.0,2.9,12.7,0.0,0.0,0.1,0,0.0,0.0,0.0,0,0,0,0,0,0.0,0,-29.37,-20.73,-8.64,3.3,4.4,1.0,0.0,0,1.0,0.0,0,2.0,0.0,0,0.0,0.0,0.0,1.0,0.0,0.0,0.0,0.0,0.0
Kobrat,Deon Ejim,22,Deon Ejim,8,26.2,209.9,68.0,8.5,24.0,66.0,36.4,14.0,36.0,38.9,6.0,13.0,46.2,9.0,40.0,49.0,5.0,7.0,6.0,4.0,17.0,64.1,15.7,2.8,0.2,2.0,8,76.0,9.5,3.2,7,1.8,4,2,71.7,5.9,4,-3.7,-3.92,0.22,4.3,4.6,21.0,9.0,42.9,8.0,1.0,12.5,36.0,14.0,38.9,7.0,1.0,3.0,0.0,0.0,1.0,15.0,8.0,16.0
Kobrat,Greg Elliott,0,Greg Elliott,7,26.6,186.0,70.0,10.0,24.0,58.0,41.4,9.0,35.0,25.7,13.0,14.0,92.9,4.0,12.0,16.0,5.0,5.0,1.0,11.0,10.0,68.3,18.9,2.9,0.2,0.7,0,70.0,10.0,2.9,0,0,0,0,0,0.0,0,-6.33,-5.11,-1.22,2.6,4.0,0.0,0.0,0,0.0,0.0,0,0.0,0.0,0,0.0,0.0,0.0,0.0,0.0,0.0,0.0,0.0,0.0
Kataja Basket,Jayden Taylor,13,Jayden Taylor,6,31.5,189.3,130.0,21.7,47.0,117.0,40.2,5.0,38.0,13.2,31.0,34.0,91.2,6.0,26.0,32.0,20.0,8.0,7.0,17.0,15.0,137.2,38.2,4.1,0.6,1.0,50,180.0,30.0,5.6,33,6.6,31,7,48.4,39.1,5,0.78,-2.67,3.45,3.2,2.8,41.0,27.0,65.9,37.0,14.0,37.8,38.0,5.0,13.2,21.0,4.0,6.0,6.0,0.0,5.0,12.0,40.0,30.0
Salon Vilpas,Claudell Harris Jr.,3,Claudell Harris Jr.,6,26.0,155.8,120.0,20.0,43.0,93.0,46.2,18.0,39.0,46.2,16.0,20.0,80,2.0,26.0,28.0,33.0,2.0,2.0,18.0,13.0,113.1,37.3,3.6,1.0,0.8,52,172.0,28.7,5.1,3,3.0,1,0,150.0,1.0,1,8.81,4.16,4.64,2.4,1.0,27.0,19.0,70.4,25.0,6.0,24,39.0,18.0,46.2,16.0,15.0,8.0,8.0,0.0,2.0,7.0,26.0,11.0
Kouvot,Roger McFarlane,1,Roger McFarlane,6,30.3,181.5,65.0,10.8,27.0,74.0,36.5,2.0,20.0,10,9.0,13.0,69.2,17.0,25.0,42.0,11.0,10.0,3.0,14.0,14.0,73.7,19.4,2.4,0.4,1.6,144,209.0,34.8,7.8,0,0.0,8,0,0.0,9.0,2,-6.28,-8.08,1.8,3.7,4.6,30.0,16.0,53.3,21.0,7.0,33.3,20.0,2.0,10,14.0,0.0,3.0,7.0,0.0,4.0,13.0,18.0,13.0
Lahti Basketball,Sahmi Willoughby,14,Sahmi Willoughby,6,16.7,100.5,52.0,8.7,21.0,41.0,51.2,2.0,9.0,22.2,8.0,10.0,80,23.0,16.0,39.0,8.0,5.0,5.0,5.0,14.0,26.3,12.8,2.0,0.3,1.5,16,68.0,11.3,2.6,2,2.0,1,0,100.0,2.0,1,3.41,0.62,2.79,4.8,3.1,12.0,8.0,66.7,14.0,7.0,50,9.0,2.0,22.2,4.0,0.0,3.0,0.0,0.0,2.0,27.0,7.0,12.0
Kouvot,Renne Ikäläinen,30,Renne Ikäläinen,6,5.7,34.2,6.0,1.0,2.0,10.0,20,2.0,6.0,33.3,0.0,0.0,0,1.0,1.0,2.0,2.0,2.0,0.0,2.0,4.0,10.6,14.7,0.2,0.1,0.1,6,12.0,2.0,0.4,3,3.0,3,0,50.0,4.0,1,-9.58,-10.75,1.17,2.5,4.4,1.0,0.0,0,3.0,0.0,0,6.0,2.0,33.3,0.0,0.0,0.0,1.0,0.0,1.0,0.0,0.0,3.0
Lahti Basketball,Sebastian Thomas,12,Sebastian Thomas,5,30.4,152.0,93.0,18.6,37.0,70.0,52.9,9.0,24.0,37.5,10.0,16.0,62.5,9.0,9.0,18.0,28.0,3.0,1.0,18.0,6.0,82.6,26.5,3.5,1.1,0.7,53,146.0,29.2,5.6,4,2.0,2,0,100.0,6.0,2,1.93,1.3,0.63,2.1,1.3,26.0,16.0,61.5,18.0,10.0,55.6,24.0,9.0,37.5,13.0,2.0,9.0,8.0,0.0,1.0,13.0,32.0,9.0
Kauhajoki,Skyler Flatten,1,Skyler Flatten,5,26.2,130.8,69.0,13.8,19.0,50.0,38,10.0,27.0,37,21.0,22.0,95.5,3.0,12.0,15.0,11.0,1.0,0.0,6.0,8.0,60.2,24.2,2.5,0.4,0.5,28,97.0,19.4,3.5,7,7.0,3,0,116.7,4.0,1,0.87,-0.83,1.7,2.7,2.6,19.0,9.0,47.4,4.0,0.0,0,27.0,10.0,37,5.0,1.0,5.0,1.0,0.0,0.0,3.0,23.0,10.0
Kataja Basket,Jaquan Carlos,2,Jaquan Carlos,5,26.4,132.0,39.0,7.8,15.0,44.0,34.1,5.0,15.0,33.3,4.0,4.0,100,8.0,15.0,23.0,24.0,3.0,1.0,10.0,11.0,45.8,18.3,1.2,0.7,0.7,354,393.0,78.6,12.3,7,2.3,10,0,35.0,11.0,3,-1.41,-3.8,2.4,2.5,3.1,13.0,6.0,46.2,16.0,4.0,25,15.0,5.0,33.3,5.0,3.0,8.0,2.0,0.0,0.0,5.0,7.0,2.0
Korihait,Sheriff Drammeh,5,Sheriff Drammeh,5,12.0,59.8,18.0,3.6,5.0,19.0,26.3,1.0,7.0,14.3,7.0,9.0,77.8,2.0,4.0,6.0,5.0,1.0,3.0,7.0,10.0,26.8,22.9,0.5,0.1,0.2,8,26.0,5.2,0.8,0,0.0,1,0,0.0,1.0,1,-9.49,-11.71,2.22,3.3,4.4,5.0,1.0,20,6.0,2.0,33.3,7.0,1.0,14.3,1.0,0.0,4.0,2.0,0.0,1.0,5.0,4.0,7.0
Tapiolan Honka,Samuli Vartiainen,6,Samuli Vartiainen,5,0.5,2.4,3.0,0.6,1.0,2.0,50,1.0,2.0,50,0.0,0.0,0,0.0,0.0,0.0,0.0,0.0,0.0,0.0,0.0,1.9,39.1,0.1,0.0,0.0,0,3.0,0.6,0.1,0,0,0,0,0,0.0,0,20.78,18.63,2.15,3.0,3.7,0.0,0.0,0,0.0,0.0,0,2.0,1.0,50,0.0,0.0,0.0,0.0,0.0,0.0,3.0,0.0,0.0
Kouvot,Lauri Liesmala,15,Lauri Liesmala,5,5.8,29.1,2.0,0.4,1.0,2.0,50,0.0,0.0,0,0.0,0.0,0,0.0,0.0,0.0,0.0,0.0,0.0,1.0,5.0,2.9,4.7,0.1,0.0,0.0,0,2.0,0.4,0.1,0,0,0,0,0,0.0,0,-12.19,-12.69,0.5,2.8,4.7,1.0,0.0,0,0.0,0.0,0,0.0,0.0,0,0.0,0.0,0.0,0.0,0.0,1.0,0.0,0.0,0.0
Kobrat,Lukas Kortesoja,5,Lukas Kortesoja,5,1.4,6.8,0.0,0.0,0.0,0.0,0,0.0,0.0,0,0.0,0.0,0,1.0,0.0,1.0,0.0,1.0,0.0,0.0,0.0,0.0,0.0,0.0,0.0,0.0,0,0.0,0.0,0.0,0,0,0,0,0,0.0,0,2.97,-1.64,4.61,2.7,4.2,0.0,0.0,0,0.0,0.0,0,0.0,0.0,0,0.0,0.0,0.0,0.0,0.0,0.0,0.0,0.0,0.0
Korihait,Aamos Nikula,3,Aamos Nikula,5,2.5,12.7,0.0,0.0,0.0,0.0,0,0.0,0.0,0,0.0,0.0,0,1.0,1.0,2.0,2.0,0.0,0.0,0.0,1.0,0.0,0.0,0.0,0.1,0.1,6,6.0,1.2,0.2,0,0,0,0,0,0.0,0,1.21,-2.88,4.08,2.9,3.9,0.0,0.0,0,0.0,0.0,0,0.0,0.0,0,0.0,0.0,0.0,0.0,0.0,0.0,0.0,0.0,0.0
Kataja Basket,Valtteri Pokela,17,Valtteri Pokela,5,0.3,1.3,0.0,0.0,0.0,0.0,0,0.0,0.0,0,0.0,0.0,0,0.0,1.0,1.0,0.0,0.0,0.0,1.0,0.0,1.0,38.4,0.0,0.0,0.0,0,0.0,0.0,0.0,0,0,0,0,0,0.0,0,-38.24,-36.08,-2.16,3.2,4.1,0.0,0.0,0,0.0,0.0,0,0.0,0.0,0,0.0,0.0,1.0,0.0,0.0,0.0,0.0,0.0,0.0
Salon Vilpas,Ty Johnson,1,Ty Johnson,4,25.1,100.2,59.0,14.8,17.0,61.0,27.9,1.0,11.0,9.1,24.0,35.0,68.6,6.0,7.0,13.0,22.0,4.0,0.0,15.0,12.0,82.0,42.1,1.8,0.7,0.4,204,263.0,65.8,7.8,9,4.5,7,6,46.7,10.6,2,-8.02,-8.04,0.02,1.8,3.2,21.0,7.0,33.3,29.0,9.0,31,11.0,1.0,9.1,7.0,1.0,10.0,3.0,0.0,2.0,2.0,11.0,15.0
Tampereen Pyrintö,Ioannis Chatzinikolas,77,Ioannis Chatzinikolas,4,14.7,58.7,27.0,6.8,9.0,15.0,60,4.0,9.0,44.4,5.0,10.0,50,0.0,10.0,10.0,11.0,4.0,0.0,4.0,3.0,22.5,20.0,1.0,0.4,0.4,23,50.0,12.5,1.8,0,0,0,0,0,0.0,0,7.9,0.73,7.18,2.2,2.0,4.0,3.0,75,1.0,1.0,100,9.0,4.0,44.4,2.0,0.0,2.0,1.0,0.0,1.0,6.0,10.0,5.0
Kobrat,Juho Pihlajamäki,32,Juho Pihlajamäki,4,0.9,3.8,0.0,0.0,0.0,2.0,0,0.0,2.0,0,0.0,0.0,0,0.0,0.0,0.0,0.0,0.0,0.0,0.0,1.0,1.9,26.3,0.0,0.0,0.0,0,0.0,0.0,0.0,0,0,0,0,0,0.0,0,-36.57,-26.9,-9.67,3.0,4.1,0.0,0.0,0,0.0,0.0,0,2.0,0.0,0,0.0,0.0,0.0,0.0,0.0,0.0,0.0,0.0,0.0
Kauhajoki,Andre Gustavson,1,Andre Gustavson,3,25.5,76.4,44.0,14.7,19.0,34.0,55.9,3.0,7.0,42.9,3.0,4.0,75,10.0,6.0,16.0,2.0,3.0,1.0,3.0,6.0,27.6,19.0,1.6,0.1,0.6,28,72.0,24.0,2.6,0,0,0,0,0,0.0,0,4.01,1.33,2.68,3.7,3.1,22.0,15.0,68.2,3.0,1.0,33.3,7.0,3.0,42.9,9.0,0.0,0.0,2.0,0.0,1.0,10.0,12.0,7.0
Kauhajoki,Joey Holifield,0,Joey Holifield,3,26.1,78.2,27.0,9.0,9.0,25.0,36,0.0,1.0,0,9.0,11.0,81.8,6.0,10.0,16.0,10.0,3.0,0.0,8.0,9.0,30.6,20.6,1.0,0.4,0.6,0,27.0,9.0,1.0,0,0,0,0,0,0.0,0,-4.47,-7.29,2.82,2.8,3.5,0.0,0.0,0,0.0,0.0,0,0.0,0.0,0,0.0,0.0,0.0,0.0,0.0,0.0,0.0,0.0,0.0
Kauhajoki,Aleksi Riihimäki,32,Aleksi Riihimäki,3,9.6,28.8,19.0,6.3,7.0,14.0,50,3.0,9.0,33.3,2.0,4.0,50,2.0,5.0,7.0,0.0,3.0,2.0,0.0,2.0,13.2,24.2,0.7,0.0,0.3,0,19.0,6.3,0.7,0,0,0,0,0,0.0,0,12.77,5.18,7.59,4.1,3.5,5.0,4.0,80,0.0,0.0,0,9.0,3.0,33.3,3.0,0.0,0.0,0.0,0.0,0.0,5.0,7.0,5.0
Kataja Basket,Max Besselink,33,Max Besselink,2,21.5,43.0,17.0,8.5,5.0,9.0,55.6,4.0,6.0,66.7,3.0,4.0,75,2.0,5.0,7.0,1.0,1.0,0.0,4.0,5.0,12.2,15.0,0.5,0.0,0.2,2,19.0,9.5,0.6,0,0,0,0,0,0.0,0,0.04,-2.68,2.73,3.2,3.5,3.0,1.0,33.3,0.0,0.0,0,6.0,4.0,66.7,1.0,0.0,1.0,2.0,0.0,1.0,6.0,0.0,3.0
Bisons Loimaa,Aapeli Alanen,28,Aapeli Alanen,1,5.8,5.8,3.0,3.0,1.0,5.0,20,1.0,2.0,50,0.0,0.0,0,1.0,1.0,2.0,1.0,0.0,0.0,0.0,0.0,3.8,34.3,0.1,0.0,0.1,3,6.0,6.0,0.2,0,0,0,0,0,0.0,0,-5.04,-0.37,-4.67,3.1,3.9,2.0,0.0,0,1.0,0.0,0,2.0,1.0,50,0.0,1.0,0.0,0.0,0.0,0.0,0.0,3.0,0.0
