game_id,game_date,team,points,fgm,fga,fg2m,fg2a,fg3m,fg3a,ftm,fta,oreb,dreb,treb,ast,stl,blk,tov,pf,pf_drawn,blk_against,poss,pace
2742274,2025-09-27,Liverpool Senior Men,108,38,93,28,56,10,37,22,41,28,35,63,16,15,4,24,24,26,3,112.8,89.3
2742274,2025-09-27,St Helens Saints Senior Men,105,35,96,24,50,11,46,24,30,31,46,77,17,14,3,32,26,24,4,110.5,89.3
2742395,2025-09-27,Greenwich Titans Senior Men,61,25,73,23,49,2,24,9,12,14,34,48,12,10,5,27,22,15,1,91.2,90.1
2742395,2025-09-27,Solent Kestrels Senior Men,91,35,87,28,53,7,34,14,22,25,37,62,26,16,1,16,15,22,5,89.1,90.1
2742276,2025-09-27,Cardiff Met Archers Senior Men I,71,26,63,20,47,6,16,13,18,11,29,40,18,11,2,17,17,16,2,77.6,78.5
2742276,2025-09-27,Myerscough Basketball Academy Senior Men I,75,29,74,18,39,11,35,6,9,18,31,49,20,8,2,20,16,16,2,79.5,78.5
2742267,2025-09-27,Birmingham City University Senior Men,89,36,84,22,44,14,40,3,5,12,47,59,19,14,2,21,25,9,2,94.9,95.3
2742267,2025-09-27,Sheffield Arrows Senior Men,74,26,81,22,51,4,30,18,29,19,38,57,14,14,2,19,9,24,2,95.8,95.3
2742394,2025-09-27,London Stars Senior Men,95,35,83,26,53,9,30,16,23,27,41,68,28,7,6,26,15,20,5,92.5,90.3
2742394,2025-09-27,London Elite Senior Men I,70,27,74,19,44,8,30,8,12,8,25,33,13,18,5,17,22,15,6,88.1,90.3
2742273,2025-09-27,Manchester Magic Senior Men I,79,34,83,27,55,7,28,4,13,24,20,44,17,14,6,11,13,14,6,77.6,75.9
2742273,2025-09-27,Oxford Hoops Senior Men,53,20,55,16,40,4,15,9,12,17,33,50,12,6,6,31,14,13,6,74.1,75.9
2742272,2025-09-27,Teesside Lions Senior Men,53,19,77,13,51,6,26,9,14,24,30,54,9,8,1,15,15,12,3,74.1,77.6
2742272,2025-09-27,Leicester Warriors Senior Men,81,33,75,26,53,7,22,8,12,14,38,52,23,10,3,15,12,15,1,81.0,77.6
2742271,2025-09-27,Worcester Wolves Senior Men,70,25,81,19,55,6,26,14,23,27,27,54,12,19,4,16,25,20,5,81.8,80.5
2742271,2025-09-27,Sheffield Sharks Senior Men,60,18,54,13,31,5,23,19,34,23,37,60,16,7,5,28,20,25,4,79.2,80.5
2742393,2025-09-28,Cobham Cobras Senior Men,61,20,55,15,36,5,19,16,24,15,30,45,15,4,1,23,19,21,0,75.5,78.2
2742393,2025-09-28,Barking Abbey Senior Men I,66,26,78,25,55,1,23,13,21,29,28,57,11,15,0,21,21,17,1,80.9,78.2
2742392,2025-10-04,Barnet Bulldogs Senior Men,95,35,82,27,52,8,30,17,29,20,25,45,27,17,2,23,18,23,3,98.8,96.9
2742392,2025-10-04,Greenwich Titans Senior Men,86,34,72,28,47,6,25,12,26,17,33,50,22,15,3,28,24,18,2,95.0,96.9
2742391,2025-10-04,Barking Abbey Senior Men I,72,24,68,22,49,2,19,22,26,21,32,53,21,14,3,23,19,24,4,80.9,81.8
2742391,2025-10-04,CoLA Southwark Pride Senior Men,61,19,61,10,37,9,24,14,25,20,25,45,11,13,4,28,24,19,3,82.7,81.8
2742265,2025-10-04,Cardiff Met Archers Senior Men I,47,18,42,18,30,0,12,11,12,2,19,21,13,8,0,23,14,17,0,68.1,86.9
2742265,2025-10-04,Birmingham City University Senior Men,69,29,58,20,33,9,25,2,8,16,22,38,18,12,0,20,17,13,0,67.3,86.9
2742390,2025-10-04,London Lions Senior Men II,79,25,66,16,39,9,27,20,30,22,35,57,14,11,2,19,14,21,1,78.9,81.2
2742390,2025-10-04,Richmond Knights Senior Men,60,26,72,23,54,3,18,5,8,14,28,42,10,11,1,22,21,14,2,83.5,81.2
2742264,2025-10-04,Leicester Warriors Senior Men,113,39,84,26,52,13,32,22,30,17,44,61,21,9,0,13,12,23,0,94.2,92.4
2742264,2025-10-04,Liverpool Senior Men,82,31,79,18,38,13,41,7,14,10,34,44,18,6,0,15,25,12,0,90.6,92.4
2742263,2025-10-04,Sheffield Arrows Senior Men,76,28,64,19,36,9,28,11,21,14,38,52,24,8,2,17,13,20,1,78.3,80.5
2742263,2025-10-04,Worcester Wolves Senior Men,73,29,78,20,48,9,30,6,12,16,31,47,14,11,1,15,20,13,2,82.7,80.5
2742266,2025-10-04,Sheffield Sharks Senior Men,78,32,77,22,45,10,32,4,7,16,30,46,19,9,2,16,14,14,6,80.0,78.6
2742266,2025-10-04,Teesside Lions Senior Men,69,25,65,18,40,7,25,12,19,15,32,47,17,11,6,18,14,13,2,77.1,78.6
2742262,2025-10-10,Worcester Wolves Senior Men,94,32,65,21,34,11,31,19,30,18,41,59,21,17,0,18,18,18,2,81.8,81.9
2742262,2025-10-10,Cardiff Met Archers Senior Men I,40,16,65,15,51,1,14,7,14,15,26,41,12,10,2,25,21,18,0,82.1,81.9
2742376,2025-10-11,CoLA Southwark Pride Senior Men,74,29,70,25,52,4,18,12,22,24,31,55,17,6,1,18,13,17,3,76.2,74.8
2742376,2025-10-11,London Elite Senior Men I,64,24,65,17,42,7,23,9,16,17,25,42,8,12,3,17,18,13,1,73.5,74.8
2742261,2025-10-11,Oxford Hoops Senior Men,60,25,67,20,52,5,15,5,9,12,34,46,15,4,1,23,17,13,2,81.1,80.4
2742261,2025-10-11,St Helens Saints Senior Men,86,32,79,22,49,10,30,12,19,17,30,47,20,14,2,9,13,17,1,79.6,80.4
2742250,2025-10-11,Liverpool Senior Men,80,31,70,22,39,9,31,9,14,9,35,44,13,15,4,15,14,15,2,82.6,80.7
2742250,2025-10-11,Sheffield Sharks Senior Men,69,25,65,15,34,10,31,9,18,14,35,49,14,7,2,18,16,14,4,78.7,80.7
2742260,2025-10-11,Birmingham City University Senior Men,80,26,62,22,40,4,22,24,32,5,23,28,18,12,0,11,27,21,4,82.6,82.7
2742260,2025-10-11,Myerscough Basketball Academy Senior Men I,78,29,71,21,44,8,27,12,31,34,38,72,24,5,4,25,25,27,0,82.8,82.7
2742259,2025-10-11,Teesside Lions Senior Men,76,29,76,18,42,11,34,7,11,7,34,41,22,7,0,6,12,11,1,79.8,81.8
2742259,2025-10-11,Sheffield Arrows Senior Men,90,36,79,24,41,12,38,6,12,14,43,57,25,4,1,13,11,12,0,83.9,81.8
2742387,2025-10-11,Solent Kestrels Senior Men,71,25,68,18,37,7,31,14,27,22,23,45,11,13,1,15,11,21,1,76.8,77.5
2742387,2025-10-11,Barking Abbey Senior Men I,90,36,73,22,50,14,23,4,8,18,34,52,23,8,1,19,21,10,1,78.1,77.5
2742388,2025-10-11,Richmond Knights Senior Men,76,32,74,26,54,6,20,6,13,19,31,50,14,10,7,23,23,15,2,85.3,86.4
2742388,2025-10-11,Barnet Bulldogs Senior Men,92,31,74,23,49,8,25,22,33,22,30,52,13,15,2,18,15,23,7,87.4,86.4
2742373,2025-10-11,London Lions Senior Men II,51,22,74,17,48,5,26,2,9,20,40,60,12,6,4,18,11,10,5,76.8,75.8
2742373,2025-10-11,London Stars Senior Men,62,22,73,12,39,10,34,8,10,12,38,50,17,12,5,10,10,11,4,74.8,75.8
2742258,2025-10-11,Manchester Magic Senior Men I,82,36,68,32,53,4,15,6,16,13,33,46,19,6,2,18,13,14,2,82.2,82.8
2742258,2025-10-11,Leicester Warriors Senior Men,78,28,68,19,43,9,25,13,15,9,28,37,23,11,2,18,14,13,2,83.4,82.8
2742248,2025-10-12,Myerscough Basketball Academy Senior Men I,83,31,84,21,52,10,32,11,12,23,36,59,21,13,9,14,15,7,5,78.7,79.3
2742248,2025-10-12,Oxford Hoops Senior Men,60,23,70,18,50,5,20,9,19,21,30,51,9,8,5,20,7,15,9,79.8,79.3
2742230,2025-10-18,Cardiff Met Archers Senior Men I,82,29,63,24,48,5,15,19,26,12,33,45,16,9,1,20,20,23,3,83.5,82.8
2742230,2025-10-18,Teesside Lions Senior Men,67,22,65,15,39,7,26,16,20,14,28,42,10,10,3,22,23,20,1,82.1,82.8
2742244,2025-10-18,Sheffield Sharks Senior Men,58,22,69,17,39,5,30,9,14,19,28,47,15,10,4,21,17,15,2,77.4,77.9
2742244,2025-10-18,Manchester Magic Senior Men I,77,29,62,23,40,6,22,13,23,14,32,46,19,16,2,18,15,16,4,78.3,77.9
2742246,2025-10-18,Birmingham City University Senior Men,76,25,75,17,35,8,40,18,25,27,31,58,16,17,1,25,18,16,3,85.7,86.4
2742246,2025-10-18,Worcester Wolves Senior Men,73,28,76,21,46,7,30,10,16,18,30,48,18,10,3,23,16,17,1,87.2,86.4
2742239,2025-10-18,Myerscough Basketball Academy Senior Men I,63,18,69,12,40,6,29,21,31,19,31,50,14,8,1,17,21,24,4,82.1,81.4
2742239,2025-10-18,St Helens Saints Senior Men,71,23,70,19,48,4,22,21,31,24,40,64,17,9,4,19,25,21,1,80.7,81.4
2742370,2025-10-18,London Lions Senior Men II,71,25,61,12,25,13,36,8,14,15,26,41,13,12,0,29,30,18,2,81.3,81.6
2742370,2025-10-18,Cobham Cobras Senior Men,85,27,66,19,40,8,26,23,42,31,24,55,18,13,2,20,19,28,0,81.8,81.6
2742233,2025-10-18,Sheffield Arrows Senior Men,82,29,83,25,52,4,31,20,27,21,30,51,15,13,4,15,15,24,1,87.8,87.5
2742233,2025-10-18,Liverpool Senior Men,84,33,67,22,35,11,32,7,16,7,34,41,26,7,1,20,25,14,4,87.2,87.5
2742368,2025-10-18,Richmond Knights Senior Men,80,29,72,23,53,6,19,16,31,27,32,59,15,10,3,19,18,23,6,82.8,82.1
2742368,2025-10-18,London Stars Senior Men,73,27,71,17,36,10,35,9,16,16,30,46,12,9,6,19,23,17,3,81.3,82.1
2742227,2025-10-24,Worcester Wolves Senior Men,74,31,80,24,52,7,28,5,13,25,26,51,21,19,3,15,14,10,3,77.7,77.3
2742227,2025-10-24,Myerscough Basketball Academy Senior Men I,72,28,61,16,33,12,28,4,13,15,32,47,19,9,3,23,10,14,3,76.8,77.3
2742224,2025-10-25,Oxford Hoops Senior Men,61,23,79,18,51,5,28,10,19,31,33,64,11,11,3,15,14,15,4,73.3,75.7
2742224,2025-10-25,Sheffield Sharks Senior Men,62,25,69,20,42,5,27,7,14,17,33,50,18,6,4,19,15,12,3,78.2,75.7
2742249,2025-10-25,Liverpool Senior Men,63,24,68,19,40,5,28,10,14,13,37,50,9,10,4,23,17,11,0,84.4,83.8
2742249,2025-10-25,Cardiff Met Archers Senior Men I,69,26,67,18,48,8,19,9,20,15,35,50,13,17,0,20,11,17,4,83.1,83.8
2742362,2025-10-25,Greenwich Titans Senior Men,108,41,83,24,40,17,43,9,12,17,38,55,29,7,4,31,15,12,0,101.5,102.2
2742362,2025-10-25,London Elite Senior Men I,98,36,88,27,54,9,34,17,20,14,26,40,23,20,0,21,12,15,4,102.8,102.2
2742366,2025-10-25,London Stars Senior Men,71,25,60,18,33,7,27,14,19,13,27,40,12,8,2,22,22,15,1,78.2,78.9
2742366,2025-10-25,Barnet Bulldogs Senior Men,83,28,61,19,38,9,23,18,29,16,27,43,17,13,1,19,15,21,2,79.6,78.9
2742364,2025-10-25,CoLA Southwark Pride Senior Men,72,28,75,21,45,7,30,9,20,23,26,49,17,8,2,14,20,15,4,76.8,75.0
2742364,2025-10-25,London Lions Senior Men II,75,24,55,17,39,7,16,20,29,14,32,46,14,7,4,17,17,20,2,73.2,75.0
2742247,2025-10-25,Teesside Lions Senior Men,53,19,61,15,39,4,22,11,19,19,25,44,13,11,6,23,13,17,1,74.6,76.8
2742247,2025-10-25,Birmingham City University Senior Men,71,27,71,17,43,10,28,7,12,24,29,53,17,14,1,24,17,13,6,77.2,75.9
2742360,2025-10-26,Cobham Cobras Senior Men,60,22,57,18,39,4,18,12,21,24,24,48,17,9,2,27,17,18,1,72.3,74.4
2742360,2025-10-26,Richmond Knights Senior Men,58,22,60,19,41,3,19,11,23,25,19,44,10,10,1,27,18,16,2,76.4,74.4
2742245,2025-10-26,St Helens Saints Senior Men,94,33,67,24,48,9,19,19,29,16,27,43,17,13,3,19,19,18,2,85.2,83.5
2742245,2025-10-26,Leicester Warriors Senior Men,83,33,66,29,47,4,19,13,21,13,27,40,16,9,2,18,18,19,3,81.8,83.5
2742375,2025-11-01,Barnet Bulldogs Senior Men,72,26,55,16,30,10,25,10,16,7,26,33,20,10,0,17,17,14,0,72.8,74.2
2742375,2025-11-01,Barking Abbey Senior Men I,70,26,57,19,36,7,21,11,17,11,28,39,17,13,0,21,14,17,0,75.6,74.2
2742228,2025-11-01,Birmingham City University Senior Men,85,35,93,25,51,10,42,5,9,21,36,57,26,20,4,13,24,14,1,88.9,88.8
2742228,2025-11-01,Liverpool Senior Men,63,24,64,17,37,7,27,8,18,13,41,54,13,4,1,28,14,24,4,88.6,88.8
2742231,2025-11-01,Cardiff Met Archers Senior Men I,63,21,59,15,38,6,21,15,19,10,25,35,14,10,2,22,13,17,3,79.4,78.7
2742231,2025-11-01,Manchester Magic Senior Men I,76,28,60,16,35,12,25,8,15,13,31,44,23,15,3,23,18,13,2,77.9,78.7
2742358,2025-11-01,London Stars Senior Men,80,30,79,21,49,9,30,11,14,15,32,47,10,11,4,12,14,16,1,81.4,81.7
2742358,2025-11-01,Cobham Cobras Senior Men,70,29,70,22,47,7,23,5,9,12,35,47,8,7,1,20,16,14,4,82.0,81.7
2742234,2025-11-01,Myerscough Basketball Academy Senior Men I,70,27,73,21,46,6,27,10,15,25,34,59,17,11,4,21,13,12,1,75.5,76.1
2742234,2025-11-01,Leicester Warriors Senior Men,69,27,68,19,42,8,26,7,9,9,24,33,21,11,1,14,12,13,4,76.8,76.1
2742237,2025-11-01,Sheffield Arrows Senior Men,96,36,74,28,44,8,30,16,23,14,28,42,18,13,6,11,13,13,5,82.2,84.3
2742237,2025-11-01,Oxford Hoops Senior Men,75,27,62,21,41,6,21,15,19,10,30,40,9,6,5,26,14,13,6,86.5,84.3
2742374,2025-11-01,Solent Kestrels Senior Men,102,40,76,28,48,12,28,10,14,16,35,51,22,12,2,13,8,17,3,79.4,79.1
2742374,2025-11-01,London Lions Senior Men II,46,20,62,14,42,6,20,0,6,11,23,34,7,5,3,25,17,7,2,78.9,79.1
2742377,2025-11-01,Richmond Knights Senior Men,61,23,78,22,59,1,19,14,22,27,29,56,9,15,3,19,21,17,3,81.5,82.0
2742377,2025-11-01,CoLA Southwark Pride Senior Men,69,28,63,24,48,4,15,9,20,16,36,52,19,11,3,24,17,21,3,82.5,82.0
2742240,2025-11-01,Worcester Wolves Senior Men,88,37,76,31,53,6,23,8,22,19,35,54,26,12,0,14,13,16,6,83.8,82.7
2742240,2025-11-01,Teesside Lions Senior Men,67,24,71,16,44,8,27,11,15,15,31,46,12,9,6,19,16,13,0,81.5,82.7
2742232,2025-11-08,Oxford Hoops Senior Men,57,22,69,16,39,6,30,7,13,22,40,62,17,5,4,26,12,14,2,79.4,78.3
2742232,2025-11-08,Cardiff Met Archers Senior Men I,65,28,83,24,56,4,27,5,11,20,30,50,17,14,2,9,14,12,4,77.2,78.3
2742222,2025-11-08,Leicester Warriors Senior Men,71,28,71,23,47,5,24,10,26,19,35,54,20,10,1,18,19,20,4,85.6,86.4
2742222,2025-11-08,Sheffield Sharks Senior Men,72,26,73,21,53,5,20,15,24,20,40,60,20,9,4,22,21,19,1,87.3,86.4
2742365,2025-11-08,Barking Abbey Senior Men I,81,28,62,20,38,8,24,17,27,19,30,49,10,13,1,25,23,18,2,82.4,82.2
2742365,2025-11-08,London Elite Senior Men I,57,20,65,16,49,4,16,13,28,28,23,51,11,16,2,28,20,23,1,82.1,82.2
2742367,2025-11-08,London Lions Senior Men II,69,26,70,22,48,4,22,13,23,26,42,68,13,5,3,25,14,20,3,81.6,83.8
2742367,2025-11-08,Greenwich Titans Senior Men,63,25,87,18,47,7,40,6,7,21,26,47,13,14,3,18,21,13,3,86.0,83.8
2742363,2025-11-08,CoLA Southwark Pride Senior Men,80,30,61,27,48,3,13,17,30,16,32,48,14,10,4,18,11,22,0,79.9,80.0
2742363,2025-11-08,London Stars Senior Men,69,27,66,17,39,10,27,5,12,13,27,40,12,7,0,21,22,11,4,80.2,80.0
2742371,2025-11-08,Solent Kestrels Senior Men,96,37,85,29,56,8,29,14,22,26,31,57,25,15,7,12,17,17,0,82.4,81.5
2742371,2025-11-08,Richmond Knights Senior Men,55,20,62,14,45,6,17,9,20,21,29,50,11,7,0,28,19,17,7,80.7,81.5
2742243,2025-11-08,Worcester Wolves Senior Men,81,33,74,26,51,7,23,8,14,15,30,45,18,15,2,23,13,18,5,88.9,78.1
2742243,2025-11-08,Liverpool Senior Men,74,31,69,24,42,7,27,5,11,14,31,45,22,14,5,26,18,13,2,86.9,78.1
2742238,2025-11-08,Manchester Magic Senior Men I,89,34,71,28,51,6,20,15,21,14,33,47,23,16,1,19,23,23,4,86.0,86.8
2742238,2025-11-08,Birmingham City University Senior Men,60,20,66,15,36,5,30,15,29,27,28,55,10,9,4,31,23,23,1,87.6,86.8
2742361,2025-11-09,Cobham Cobras Senior Men,69,25,55,20,40,5,15,14,19,12,31,43,20,8,5,24,18,13,3,76.4,79.3
2742361,2025-11-09,Barnet Bulldogs Senior Men,86,34,81,28,52,6,29,12,22,25,23,48,11,17,3,14,14,15,5,82.2,79.3
2742229,2025-11-09,St Helens Saints Senior Men,87,34,85,21,55,13,30,6,10,25,30,55,24,12,3,19,19,12,4,83.1,84.4
2742229,2025-11-09,Sheffield Arrows Senior Men,88,35,76,24,45,11,31,7,12,15,29,44,16,6,4,19,12,19,3,85.7,84.4
2742226,2025-11-14,Worcester Wolves Senior Men,73,30,72,25,50,5,22,8,18,26,20,46,14,15,3,18,16,17,4,75.5,75.8
2742226,2025-11-14,Manchester Magic Senior Men I,71,26,62,16,37,10,25,9,10,13,26,39,14,6,4,25,17,16,3,76.2,75.8
2742219,2025-11-15,Cardiff Met Archers Senior Men I,61,24,55,18,38,6,17,7,10,6,21,27,9,5,1,19,22,15,1,72.4,74.3
2742219,2025-11-15,St Helens Saints Senior Men,101,39,65,29,41,10,24,13,15,5,27,32,16,11,1,10,15,20,1,76.2,74.3
2742357,2025-11-15,Barnet Bulldogs Senior Men,101,37,77,28,49,9,28,18,24,22,25,47,19,19,4,14,16,16,5,81.1,80.2
2742357,2025-11-15,London Elite Senior Men I,63,21,53,14,41,7,12,14,19,12,24,36,15,8,5,29,18,16,4,79.3,80.2
2742220,2025-11-15,Birmingham City University Senior Men,97,37,86,25,56,12,30,11,17,19,32,51,18,11,3,13,22,12,3,88.0,85.7
2742220,2025-11-15,Oxford Hoops Senior Men,68,18,54,11,34,7,20,25,35,13,35,48,17,8,3,25,14,22,3,83.3,85.7
2742359,2025-11-15,London Lions Senior Men II,53,16,55,10,29,6,26,15,21,14,32,46,6,7,5,15,20,16,4,65.7,65.0
2742359,2025-11-15,Barking Abbey Senior Men I,55,19,68,9,36,10,32,7,19,27,29,56,13,6,4,12,16,20,5,64.4,65.0
2742218,2025-11-15,Teesside Lions Senior Men,62,24,66,15,34,9,32,5,9,7,35,42,18,6,3,18,17,14,5,81.1,80.2
2742218,2025-11-15,Liverpool Senior Men,71,26,73,17,40,9,33,10,22,22,39,61,23,8,5,16,14,17,3,79.3,80.2
2742223,2025-11-15,Sheffield Arrows Senior Men,93,37,79,24,44,13,35,6,12,18,53,71,25,4,4,17,19,8,3,84.4,83.1
2742223,2025-11-15,Leicester Warriors Senior Men,59,23,80,20,53,3,27,10,26,20,30,50,7,9,3,7,9,19,4,81.7,83.1
2742350,2025-11-15,Richmond Knights Senior Men,73,29,85,24,65,5,20,10,17,22,37,59,14,12,1,24,24,13,10,94.9,94.5
2742350,2025-11-15,Greenwich Titans Senior Men,65,26,76,24,59,2,17,11,24,18,39,57,9,12,10,25,13,24,1,94.1,94.5
2742146,2025-11-15,Sheffield Sharks Senior Men,71,25,72,17,44,8,28,13,21,13,29,42,13,8,1,14,16,16,5,83.1,82.8
2742146,2025-11-15,Myerscough Basketball Academy Senior Men I,78,29,74,18,46,11,28,9,16,20,41,61,16,4,5,21,17,15,1,82.4,82.8
2742344,2025-11-16,Cobham Cobras Senior Men,67,25,58,20,39,5,19,12,19,17,34,51,20,7,3,24,20,15,1,75.4,72.6
2742344,2025-11-16,CoLA Southwark Pride Senior Men,61,22,62,17,39,5,23,12,29,22,23,45,14,8,1,12,15,20,3,69.9,72.6
2742214,2025-11-16,Cardiff Met Archers Senior Men I,71,23,60,18,40,5,20,20,27,16,21,37,13,13,4,17,11,20,2,74.5,75.2
2742214,2025-11-16,Worcester Wolves Senior Men,83,31,62,19,31,12,31,9,12,11,28,39,16,9,2,20,20,10,4,75.9,75.2
2742216,2025-11-16,Sheffield Sharks Senior Men,75,27,63,19,36,8,27,13,21,16,36,52,17,5,5,23,18,21,4,80.9,81.4
2742216,2025-11-16,Birmingham City University Senior Men,79,29,78,22,51,7,27,14,22,20,27,47,9,14,4,13,21,17,5,82.0,81.4
2742335,2025-11-22,CoLA Southwark Pride Senior Men,71,25,56,21,36,4,20,17,31,20,24,44,12,12,3,28,23,24,2,82.6,83.8
2742335,2025-11-22,Barnet Bulldogs Senior Men,90,29,63,18,39,11,24,21,31,20,24,44,13,15,2,25,24,21,3,85.1,83.8
2742209,2025-11-22,Oxford Hoops Senior Men,63,26,66,22,47,4,19,7,16,15,22,37,15,9,2,19,13,15,5,78.7,77.9
2742209,2025-11-22,Worcester Wolves Senior Men,89,36,69,32,43,4,26,13,17,15,33,48,26,13,5,15,15,13,2,77.2,77.9
2742203,2025-11-22,Leicester Warriors Senior Men,75,29,79,23,51,6,28,11,17,31,24,55,24,16,3,21,15,19,1,77.9,78.1
2742203,2025-11-22,Cardiff Met Archers Senior Men I,64,29,65,26,51,3,14,3,7,15,25,40,15,10,1,25,20,15,3,78.3,78.1
2742206,2025-11-22,Liverpool Senior Men,80,28,74,15,38,13,36,11,12,16,27,43,13,11,2,20,21,11,2,82.2,84.0
2742206,2025-11-22,Myerscough Basketball Academy Senior Men I,94,36,72,30,49,6,23,16,29,21,30,51,7,13,2,18,11,19,2,85.9,84.0
2742342,2025-11-22,Greenwich Titans Senior Men,95,36,84,29,59,7,25,16,23,17,33,50,15,12,2,15,26,23,2,92.6,92.7
2742342,2025-11-22,London Stars Senior Men,109,37,78,26,48,11,30,24,32,16,36,52,25,8,2,15,23,26,2,92.8,92.7
2742212,2025-11-22,Sheffield Sharks Senior Men,59,20,76,13,43,7,33,12,21,25,33,58,10,12,6,15,12,16,3,76.8,77.0
2742212,2025-11-22,Sheffield Arrows Senior Men,70,27,70,14,32,13,38,3,7,13,39,52,18,7,3,17,16,12,6,77.1,77.0
2742338,2025-11-22,Solent Kestrels Senior Men,67,27,72,21,44,6,28,7,18,21,29,50,13,8,2,12,12,19,4,73.5,74.9
2742338,2025-11-22,Cobham Cobras Senior Men,64,27,64,20,41,7,23,3,7,11,34,45,15,7,4,20,19,11,2,76.2,74.9
2742200,2025-11-22,Manchester Magic Senior Men I,77,28,71,17,41,11,30,10,14,23,27,50,19,13,4,19,14,12,6,72.6,73.4
2742200,2025-11-22,Teesside Lions Senior Men,61,21,55,12,27,9,28,10,18,13,22,35,14,5,6,23,12,14,4,74.1,73.4
2742197,2025-11-23,St Helens Saints Senior Men,92,33,76,23,46,10,30,16,27,26,24,50,15,13,4,15,23,25,3,80.7,81.4
2742197,2025-11-23,Birmingham City University Senior Men,76,25,53,18,32,7,21,19,31,15,28,43,12,7,3,27,26,22,4,82.1,81.4
2742217,2025-11-29,Oxford Hoops Senior Men,68,26,75,21,54,5,21,11,18,19,34,53,14,7,4,16,12,15,2,80.5,81.1
2742217,2025-11-29,Liverpool Senior Men,86,33,83,21,39,12,44,8,12,18,35,53,26,9,2,12,16,11,4,81.8,81.1
2742326,2025-11-29,Greenwich Titans Senior Men,84,29,70,22,42,7,28,19,27,11,26,37,13,18,0,19,27,18,2,90.8,89.1
2742326,2025-11-29,CoLA Southwark Pride Senior Men,82,31,65,29,50,2,15,18,35,23,37,60,15,12,2,24,18,27,0,87.3,89.1
2742354,2025-11-29,Barking Abbey Senior Men I,61,25,72,21,39,4,33,7,15,16,33,49,11,4,3,21,23,18,2,84.4,83.7
2742354,2025-11-29,London Stars Senior Men,75,23,69,12,37,11,32,18,23,16,37,53,17,9,2,20,18,22,3,83.0,83.7
2742215,2025-11-29,Manchester Magic Senior Men I,62,24,68,19,42,5,26,9,20,18,26,44,18,13,2,16,17,14,5,77.1,76.6
2742215,2025-11-29,Myerscough Basketball Academy Senior Men I,65,23,62,20,44,3,18,16,21,18,36,54,16,13,5,22,14,17,2,76.2,76.6
2742352,2025-11-29,London Elite Senior Men I,81,30,75,27,61,3,14,18,22,16,20,36,12,12,4,23,24,14,6,90.6,90.5
2742352,2025-11-29,Richmond Knights Senior Men,98,39,71,31,54,8,17,12,23,17,29,46,26,12,6,25,16,23,4,90.4,90.5
2742329,2025-11-29,Solent Kestrels Senior Men,82,29,69,18,42,11,27,13,17,18,36,54,19,10,6,23,17,17,1,81.6,82.3
2742329,2025-11-29,Barnet Bulldogs Senior Men,66,24,67,16,41,8,26,10,20,17,25,42,10,14,1,22,18,17,6,83.0,82.3
2742210,2025-11-30,Leicester Warriors Senior Men,87,35,62,31,50,4,12,13,19,14,19,33,23,15,1,19,12,22,2,77.1,77.0
2742210,2025-11-30,Worcester Wolves Senior Men,79,31,66,26,48,5,18,12,14,18,19,37,12,14,2,23,22,12,1,76.9,77.0
2742213,2025-11-30,St Helens Saints Senior Men,70,27,78,19,44,8,34,8,14,19,40,59,19,12,2,13,11,16,3,78.6,79.0
2742213,2025-11-30,Teesside Lions Senior Men,57,21,69,11,40,10,29,5,12,15,37,52,15,7,3,19,16,11,2,79.3,79.0
2742191,2025-12-06,Liverpool Senior Men,76,31,71,25,50,6,21,8,15,15,30,45,10,15,5,15,15,15,2,78.6,78.3
2742191,2025-12-06,Manchester Magic Senior Men I,68,21,65,13,33,8,32,18,22,18,31,49,15,10,2,21,15,14,5,78.0,78.3
2742201,2025-12-06,Cardiff Met Archers Senior Men I,63,25,65,19,42,6,23,7,11,11,32,43,9,8,0,18,15,11,2,76.9,74.3
2742201,2025-12-06,Sheffield Sharks Senior Men,73,26,68,14,34,12,34,9,15,16,32,48,10,10,2,12,11,14,0,71.6,74.3
2742198,2025-12-06,Birmingham City University Senior Men,115,43,81,33,48,10,33,19,23,15,27,42,27,26,1,22,30,14,3,98.2,99.2
2742198,2025-12-06,Leicester Warriors Senior Men,81,31,62,27,46,4,16,15,34,22,26,48,16,14,3,38,15,30,1,100.1,99.2
2742343,2025-12-06,CoLA Southwark Pride Senior Men,78,27,56,21,39,6,17,18,27,10,24,34,19,12,3,18,23,18,2,77.5,79.0
2742343,2025-12-06,Solent Kestrels Senior Men,71,27,74,21,56,6,18,11,19,30,27,57,12,9,2,26,18,21,3,80.4,79.0
2742207,2025-12-06,Myerscough Basketball Academy Senior Men I,71,25,75,15,48,10,27,11,13,14,36,50,16,7,1,16,12,12,3,82.0,81.0
2742207,2025-12-06,Sheffield Arrows Senior Men,78,29,79,19,50,10,29,10,17,19,37,56,18,11,3,12,12,10,1,80.0,81.0
2742204,2025-12-06,Teesside Lions Senior Men,82,28,79,14,35,14,44,12,21,17,24,41,28,8,5,9,23,18,5,81.0,81.6
2742204,2025-12-06,Oxford Hoops Senior Men,79,28,58,21,39,7,19,16,24,13,40,53,14,3,5,25,19,22,5,82.3,81.6
2742341,2025-12-06,Richmond Knights Senior Men,70,27,62,25,44,2,18,14,23,8,32,40,17,8,2,21,16,15,1,85.2,84.0
2742341,2025-12-06,Barking Abbey Senior Men I,82,29,66,20,43,9,23,15,22,8,30,38,19,13,1,15,15,16,2,82.8,84.0
2742349,2025-12-06,London Elite Senior Men I,60,20,69,13,52,7,17,13,28,22,22,44,13,18,5,21,20,24,9,80.6,81.8
2742349,2025-12-06,London Lions Senior Men II,71,24,60,18,39,6,21,17,26,18,31,49,13,11,9,29,27,20,5,83.1,81.8
2742195,2025-12-06,Worcester Wolves Senior Men,76,33,78,30,55,3,23,7,16,26,29,55,12,13,5,19,22,24,3,80.0,81.9
2742195,2025-12-06,St Helens Saints Senior Men,75,26,68,16,37,10,31,13,21,20,26,46,18,8,3,25,25,21,5,83.9,81.9
2742337,2025-12-07,Cobham Cobras Senior Men,72,26,67,17,41,9,26,11,15,15,31,46,23,10,1,18,20,16,1,77.0,78.7
2742337,2025-12-07,Greenwich Titans Senior Men,78,29,70,17,41,12,29,8,16,17,30,47,19,7,1,19,17,19,1,80.5,78.7
2742202,2025-12-13,Oxford Hoops Senior Men,68,26,74,22,58,4,16,12,16,21,33,54,15,5,2,9,10,14,0,68.9,68.2
2742202,2025-12-13,Manchester Magic Senior Men I,64,25,74,17,34,8,40,6,9,18,30,48,17,4,0,8,14,9,2,67.5,68.2
2742208,2025-12-13,Myerscough Basketball Academy Senior Men I,76,28,76,19,38,9,38,11,18,32,30,62,16,9,3,19,9,14,0,72.5,72.4
2742208,2025-12-13,Cardiff Met Archers Senior Men I,54,23,60,19,40,4,20,4,9,11,22,33,15,11,0,19,15,9,3,72.3,72.4
2742205,2025-12-13,Sheffield Arrows Senior Men,79,26,67,17,39,9,28,18,21,16,35,51,16,3,1,19,17,20,2,79.3,83.1
2742205,2025-12-13,Birmingham City University Senior Men,111,42,81,30,48,12,33,15,26,15,28,43,13,14,2,7,20,17,1,86.9,83.1
2742211,2025-12-13,Leicester Warriors Senior Men,74,27,71,24,51,3,20,17,26,14,30,44,6,7,0,13,13,23,1,83.0,81.7
2742211,2025-12-13,Teesside Lions Senior Men,76,30,80,25,55,5,25,11,15,23,39,62,17,8,1,17,23,13,0,80.4,81.7
2742334,2025-12-13,Solent Kestrels Senior Men,85,34,77,26,44,8,33,9,11,17,36,53,18,7,8,21,14,15,3,85.5,84.5
2742334,2025-12-13,Greenwich Titans Senior Men,75,31,71,27,51,4,20,9,22,16,28,44,16,14,3,16,15,14,8,83.5,84.5
2742199,2025-12-13,Sheffield Sharks Senior Men,75,28,59,18,36,10,23,9,12,16,33,49,19,11,2,34,15,11,1,82.7,81.6
2742199,2025-12-13,Worcester Wolves Senior Men,72,26,63,19,45,7,18,13,20,10,18,28,21,25,1,18,11,15,2,80.6,81.6
2742330,2025-12-13,London Elite Senior Men I,88,32,71,27,53,5,18,19,27,15,31,46,15,9,5,24,21,18,1,92.7,92.0
2742330,2025-12-13,London Stars Senior Men,95,34,74,27,48,7,26,20,28,12,29,41,17,14,1,17,19,18,5,91.4,92.0
2742196,2025-12-14,St Helens Saints Senior Men,78,28,71,20,45,8,26,14,22,13,25,38,13,14,2,18,22,18,1,86.0,87.1
2742196,2025-12-14,Liverpool Senior Men,82,30,64,24,47,6,17,16,33,16,34,50,17,6,1,24,19,22,2,88.3,87.1
2742325,2025-12-20,Greenwich Titans Senior Men,56,20,69,14,38,6,31,10,19,20,24,44,12,7,3,25,17,16,1,84.0,85.4
2742325,2025-12-20,Barnet Bulldogs Senior Men,110,44,86,35,63,9,23,13,19,22,37,59,24,13,1,14,17,17,3,86.9,85.4
2742356,2025-12-20,Cobham Cobras Senior Men,80,31,76,22,45,9,31,9,15,14,34,48,21,14,1,19,15,13,2,88.4,87.6
2742356,2025-12-20,London Elite Senior Men I,67,27,64,24,45,3,19,10,16,9,37,46,14,5,2,24,14,13,1,86.8,87.6
2742192,2025-12-20,Worcester Wolves Senior Men,78,30,78,25,52,5,26,13,21,22,39,61,17,12,1,24,26,16,4,89.1,86.5
2742192,2025-12-20,Sheffield Arrows Senior Men,72,24,64,15,38,9,26,15,29,15,29,44,8,7,4,19,17,26,1,83.9,86.5
2742355,2025-12-21,CoLA Southwark Pride Senior Men,68,23,91,21,58,2,33,20,31,33,32,65,10,17,1,24,19,24,10,97.5,86.0
2742355,2025-12-21,Barking Abbey Senior Men I,70,25,71,19,39,6,32,14,23,22,44,66,15,7,10,35,24,19,1,96.1,86.0
2742178,2026-01-03,Leicester Warriors Senior Men,65,25,71,22,51,3,20,12,19,18,21,39,10,4,7,14,14,16,3,76.6,77.2
2742178,2026-01-03,Manchester Magic Senior Men I,106,39,80,30,50,9,30,19,23,24,35,59,27,10,3,11,16,14,7,77.7,77.2
2742181,2026-01-03,Sheffield Sharks Senior Men,51,16,81,8,48,8,33,11,20,33,39,72,11,9,6,23,21,16,11,80.5,80.5
2742181,2026-01-03,Liverpool Senior Men,60,22,77,18,52,4,25,12,16,18,38,56,18,10,11,15,17,20,6,80.5,80.5
2742340,2026-01-03,London Stars Senior Men,96,34,74,22,41,12,33,16,22,13,35,48,25,14,3,15,19,15,4,85.7,86.7
2742340,2026-01-03,London Lions Senior Men II,75,28,72,21,47,7,25,12,17,13,30,43,16,7,4,21,15,18,3,87.7,86.7
2742351,2026-01-03,Barking Abbey Senior Men I,59,23,57,19,41,4,16,9,12,10,39,49,7,5,5,28,18,13,3,80.2,79.3
2742351,2026-01-03,Solent Kestrels Senior Men,71,26,81,20,53,6,28,13,25,28,26,54,17,18,3,11,14,18,5,78.4,79.3
2742190,2026-01-03,Sheffield Arrows Senior Men,98,37,90,25,57,12,33,12,18,23,27,50,16,5,1,9,17,18,3,84.0,80.2
2742190,2026-01-03,Teesside Lions Senior Men,83,28,61,19,44,9,17,18,26,14,34,48,6,4,3,16,20,17,1,76.4,80.2
2742177,2026-01-09,Worcester Wolves Senior Men,74,29,71,25,50,4,21,12,26,20,32,52,11,16,2,25,28,24,2,90.5,87.9
2742177,2026-01-09,Birmingham City University Senior Men,69,22,67,16,37,6,30,19,36,28,33,61,13,17,2,25,24,27,2,85.4,87.9
2742167,2026-01-10,Oxford Hoops Senior Men,86,31,92,23,63,8,29,16,16,23,43,66,17,5,7,21,19,16,5,95.0,76.3
2742167,2026-01-10,Leicester Warriors Senior Men,79,31,91,24,59,7,32,10,16,20,37,57,22,11,5,18,16,19,7,95.7,76.3
2742170,2026-01-10,Liverpool Senior Men,102,36,73,24,41,12,32,18,29,18,37,55,17,6,1,20,23,23,5,90.9,92.7
2742170,2026-01-10,Sheffield Arrows Senior Men,111,35,73,22,42,13,31,28,34,7,30,37,20,13,5,13,24,22,1,94.5,92.7
2742333,2026-01-10,Barking Abbey Senior Men I,78,31,70,24,38,7,32,9,11,19,46,65,16,4,3,23,15,9,0,78.0,78.0
2742333,2026-01-10,Greenwich Titans Senior Men,57,22,77,18,44,4,33,9,20,20,21,41,10,11,0,10,9,15,3,78.0,78.0
2742339,2026-01-10,London Stars Senior Men,84,27,73,12,35,15,38,15,18,12,23,35,20,19,8,16,16,13,3,84.4,84.7
2742339,2026-01-10,Richmond Knights Senior Men,76,32,74,26,61,6,13,6,9,22,35,57,23,12,3,29,13,16,8,85.0,84.7
2742173,2026-01-10,Teesside Lions Senior Men,87,33,82,23,50,10,32,11,13,18,28,46,18,9,5,12,14,16,4,80.8,79.5
2742173,2026-01-10,Cardiff Met Archers Senior Men I,75,31,62,28,51,3,11,10,15,8,32,40,21,8,4,17,16,14,5,78.2,79.5
2742336,2026-01-10,Solent Kestrels Senior Men,79,31,76,24,45,7,31,10,16,18,38,56,24,14,5,21,16,15,3,86.7,86.6
2742336,2026-01-10,London Elite Senior Men I,61,23,75,20,57,3,18,12,16,16,32,48,10,10,3,21,16,16,5,86.6,86.6
2742164,2026-01-10,Manchester Magic Senior Men I,101,37,75,27,44,10,31,17,20,8,36,44,26,18,0,11,17,13,6,86.5,84.3
2742164,2026-01-10,Sheffield Sharks Senior Men,49,18,61,15,39,3,22,10,19,16,31,47,15,7,6,27,14,17,0,82.2,84.3
2742327,2026-01-11,Cobham Cobras Senior Men,72,26,82,19,56,7,26,13,32,38,26,64,19,7,3,12,20,21,5,77.7,78.1
2742327,2026-01-11,London Lions Senior Men II,98,35,71,25,47,10,24,18,29,21,37,58,23,9,5,12,21,20,3,78.5,78.1
2742161,2026-01-11,St Helens Saints Senior Men,107,39,80,17,36,22,44,7,12,16,31,47,33,11,5,13,25,10,2,82.7,82.8
2742161,2026-01-11,Oxford Hoops Senior Men,81,30,73,22,56,8,17,13,26,25,29,54,12,5,2,19,11,22,5,82.9,82.8
2742189,2026-01-11,Teesside Lions Senior Men,84,30,69,17,35,13,34,11,20,15,23,38,14,13,2,11,20,17,2,75.5,75.8
2742189,2026-01-11,Sheffield Sharks Senior Men,75,28,64,25,44,3,20,16,26,23,32,55,17,7,2,20,17,20,2,76.2,75.8
2742158,2026-01-16,Birmingham City University Senior Men,104,35,93,18,46,17,47,17,29,30,41,71,31,14,2,15,24,22,3,92.6,91.4
2742158,2026-01-16,Cardiff Met Archers Senior Men I,68,25,72,22,51,3,21,15,23,14,36,50,18,8,3,21,22,24,2,90.3,91.4
2742168,2026-01-17,Cardiff Met Archers Senior Men I,68,25,77,16,50,9,27,9,17,24,31,55,14,9,2,19,20,17,6,80.5,78.6
2742168,2026-01-17,Liverpool Senior Men,78,26,62,14,27,12,35,14,27,18,34,52,12,11,6,17,18,20,2,76.7,78.6
2742171,2026-01-17,Leicester Warriors Senior Men,78,30,72,28,59,2,13,16,23,19,29,48,22,6,0,18,16,19,2,82.7,81.6
2742171,2026-01-17,St Helens Saints Senior Men,84,33,67,24,42,9,25,9,19,14,30,44,23,11,2,17,21,16,0,80.5,81.6
2742322,2026-01-17,Barnet Bulldogs Senior Men,79,22,64,12,29,10,35,25,32,16,32,48,10,13,2,18,25,23,1,81.1,82.0
2742322,2026-01-17,London Stars Senior Men,69,20,58,13,26,7,32,22,31,13,32,45,14,2,1,23,23,24,2,82.9,82.0
2742331,2026-01-17,Greenwich Titans Senior Men,83,26,68,11,25,15,43,16,24,14,23,37,21,15,3,19,12,15,1,84.5,84.9
2742331,2026-01-17,Barking Abbey Senior Men I,99,40,82,28,53,12,29,7,13,25,34,59,28,9,1,21,15,12,3,85.3,84.9
2742175,2026-01-17,Birmingham City University Senior Men,86,31,78,17,41,14,37,10,12,16,30,46,19,15,1,20,13,14,0,86.2,85.4
2742175,2026-01-17,Teesside Lions Senior Men,78,29,72,19,40,10,32,10,12,14,31,45,18,10,0,22,14,13,1,84.6,85.4
2742182,2026-01-17,Sheffield Sharks Senior Men,78,29,65,26,48,3,17,17,19,12,34,46,11,7,4,12,14,14,2,73.2,74.0
2742182,2026-01-17,Oxford Hoops Senior Men,68,27,75,22,52,5,23,9,14,19,26,45,11,6,2,12,14,14,4,74.7,74.0
2742323,2026-01-17,London Lions Senior Men II,58,24,65,17,40,7,25,3,8,20,33,53,11,7,4,21,22,6,1,70.0,71.8
2742323,2026-01-17,CoLA Southwark Pride Senior Men,66,20,62,12,41,8,21,18,35,24,25,49,14,9,1,15,6,22,4,73.5,71.8
2742174,2026-01-17,Sheffield Arrows Senior Men,75,28,72,15,35,13,37,6,11,12,35,47,12,5,3,12,17,17,0,77.3,77.1
2742174,2026-01-17,Manchester Magic Senior Men I,71,27,67,19,42,8,25,9,16,11,37,48,5,5,0,13,17,17,3,76.8,77.1
2742324,2026-01-17,Richmond Knights Senior Men,88,31,67,25,48,6,19,20,29,18,30,48,22,19,3,28,15,21,4,91.3,90.7
2742324,2026-01-17,Cobham Cobras Senior Men,74,28,76,17,47,11,29,7,15,20,24,44,19,11,4,28,22,14,3,90.1,90.7
2742179,2026-01-17,Myerscough Basketball Academy Senior Men I,63,25,66,17,38,8,28,5,14,21,27,48,16,8,7,19,18,16,0,72.4,74.7
2742179,2026-01-17,Worcester Wolves Senior Men,85,30,69,19,44,11,25,14,20,18,28,46,23,10,0,16,16,17,7,77.1,74.7
2742319,2026-01-18,Barking Abbey Senior Men I,57,21,68,16,33,5,35,10,22,28,32,60,17,9,4,22,21,17,0,75.8,75.8
2742319,2026-01-18,Cobham Cobras Senior Men,55,20,68,15,42,5,26,10,21,27,31,58,11,10,0,22,18,21,4,75.7,75.8
2742165,2026-01-18,St Helens Saints Senior Men,86,32,80,20,40,12,40,10,13,14,23,37,20,10,1,11,20,12,3,82.3,80.4
2742165,2026-01-18,Myerscough Basketball Academy Senior Men I,89,31,68,24,40,7,28,20,29,22,36,58,17,8,3,17,12,20,1,78.4,80.4
2742162,2026-01-23,Sheffield Arrows Senior Men,70,25,63,17,30,8,33,12,20,10,29,39,10,6,2,17,23,20,0,79.8,79.2
2742162,2026-01-23,Myerscough Basketball Academy Senior Men I,84,28,75,20,47,8,28,20,28,26,35,61,9,7,0,15,20,19,2,78.5,79.2
2742180,2026-01-24,Liverpool Senior Men,97,39,71,30,42,9,29,10,20,15,36,51,24,12,5,24,21,18,1,91.0,82.4
2742180,2026-01-24,Leicester Warriors Senior Men,87,33,82,27,63,6,19,15,28,22,25,47,12,18,1,20,19,19,5,94.4,82.4
2742159,2026-01-24,Birmingham City University Senior Men,99,37,88,27,52,10,36,15,19,15,39,54,22,18,1,10,20,14,6,90.9,90.9
2742159,2026-01-24,Sheffield Sharks Senior Men,73,25,74,19,49,6,25,17,23,16,38,54,16,4,6,22,14,20,1,90.9,90.9
2742316,2026-01-24,London Lions Senior Men II,60,23,70,19,46,4,24,10,18,23,31,54,9,5,5,18,16,16,2,74.5,75.1
2742316,2026-01-24,Barnet Bulldogs Senior Men,83,30,72,21,39,9,33,14,22,17,31,48,20,11,2,10,16,16,5,75.8,75.1
2742169,2026-01-31,Oxford Hoops Senior Men,83,34,85,29,58,5,27,10,11,18,30,48,19,4,7,16,16,14,4,86.2,85.0
2742169,2026-01-31,Sheffield Arrows Senior Men,106,40,85,31,58,9,27,17,18,15,32,47,24,10,4,7,14,16,7,83.9,85.0
2742156,2026-01-31,Leicester Warriors Senior Men,51,17,70,13,43,4,27,13,23,15,27,42,9,4,3,9,13,19,2,75.4,74.8
2742156,2026-01-31,Myerscough Basketball Academy Senior Men I,70,31,78,26,56,5,22,3,10,27,47,74,19,7,2,17,19,13,3,74.3,74.8
2742172,2026-01-31,Liverpool Senior Men,94,31,74,25,50,6,24,26,40,28,44,72,11,5,3,21,19,34,5,89.6,91.9
2742172,2026-01-31,Birmingham City University Senior Men,82,28,83,16,47,12,36,14,24,20,28,48,7,12,5,19,35,18,3,94.2,91.9
2742314,2026-01-31,Barking Abbey Senior Men I,91,31,73,25,45,6,28,23,30,21,32,53,19,6,8,14,22,22,0,80.9,79.2
2742314,2026-01-31,Barnet Bulldogs Senior Men,76,24,69,16,43,8,26,20,31,23,28,51,12,7,0,15,22,22,8,77.5,79.2
2742311,2026-01-31,London Lions Senior Men II,71,30,77,23,46,7,31,4,9,12,23,35,7,8,1,15,16,13,1,84.4,82.5
2742311,2026-01-31,Solent Kestrels Senior Men,89,37,65,33,48,4,17,11,16,9,40,49,25,4,1,17,13,16,1,80.6,82.5
2742313,2026-01-31,CoLA Southwark Pride Senior Men,64,25,68,18,42,7,26,7,13,26,24,50,16,13,1,24,17,11,2,72.8,73.7
2742313,2026-01-31,Richmond Knights Senior Men,67,26,54,22,43,4,11,11,17,10,22,32,12,12,2,22,11,16,1,74.7,73.7
2742166,2026-01-31,Manchester Magic Senior Men I,82,34,78,26,49,8,29,6,14,25,37,62,19,10,3,15,14,14,3,76.5,75.7
2742166,2026-01-31,Cardiff Met Archers Senior Men I,55,23,65,19,48,4,17,5,10,10,27,37,15,11,3,15,14,14,3,74.8,75.7
2742235,2026-02-01,Leicester Warriors Senior Men,72,30,73,22,47,8,26,4,8,16,23,39,24,10,3,20,14,10,4,80.5,79.8
2742235,2026-02-01,Oxford Hoops Senior Men,75,29,63,25,54,4,9,13,19,15,30,45,21,11,4,22,10,14,3,79.0,79.8
2742163,2026-02-01,St Helens Saints Senior Men,95,35,74,18,32,17,42,8,12,11,34,45,11,10,0,16,20,13,0,84.1,85.5
2742163,2026-02-01,Sheffield Sharks Senior Men,72,26,66,17,38,9,28,11,23,12,30,42,9,2,0,22,14,19,0,87.0,85.5
