game_id,game_date,team,points,fgm,fga,fg2m,fg2a,fg3m,fg3a,ftm,fta,oreb,dreb,treb,ast,stl,blk,tov,pf,pf_drawn,blk_against,poss,pace
2702542,2025-09-19,Bristol Flyers,78,28,69,13,32,15,37,7,14,13,38,51,26,6,2,15,20,13,7,77.2,77.0
2702542,2025-09-19,B. Braun Sheffield Sharks,60,20,61,14,31,6,30,14,25,5,31,36,15,7,7,10,13,20,2,76.9,77.0
2702543,2025-09-19,Leicester Riders,72,24,49,17,37,7,12,17,27,8,21,29,15,5,2,16,18,24,7,70.0,70.5
2702543,2025-09-19,London Lions,79,34,70,28,46,6,24,5,12,17,23,40,16,8,7,13,24,18,2,71.0,70.5
2702544,2025-09-19,Manchester Basketball,92,33,67,23,42,10,25,16,18,8,29,37,15,6,1,13,17,15,3,79.6,80.0
2702544,2025-09-19,Cheshire Phoenix,89,34,75,21,35,13,40,8,12,12,27,39,15,6,3,13,15,17,1,80.4,80.0
2702545,2025-09-21,Caledonia Gladiators,104,40,77,27,51,13,26,11,16,15,29,44,21,6,3,20,25,16,6,87.5,79.8
2702545,2025-09-21,Newcastle Eagles,109,41,79,33,55,8,24,19,31,13,21,34,25,11,6,12,16,25,3,92.1,79.8
2702546,2025-09-23,London Lions,89,29,59,23,41,6,18,25,31,11,27,38,21,9,2,16,21,25,1,76.9,78.7
2702546,2025-09-23,Cheshire Phoenix,83,30,63,21,36,9,27,14,18,6,19,25,20,9,1,16,25,21,2,80.5,78.7
2702547,2025-09-26,Leicester Riders,65,21,54,15,30,6,24,17,28,7,22,29,16,4,2,14,14,22,2,73.6,74.7
2702547,2025-09-26,B. Braun Sheffield Sharks,93,35,67,23,42,12,25,11,18,12,30,42,20,6,2,13,22,14,2,75.8,74.7
2702548,2025-09-26,London Lions,72,28,60,19,38,9,22,7,11,13,24,37,19,8,0,14,19,14,4,66.1,67.0
2702548,2025-09-26,Bristol Flyers,60,20,54,14,27,6,27,14,18,12,22,34,7,6,4,18,14,19,0,67.8,67.0
2702549,2025-09-26,Newcastle Eagles,88,33,74,26,52,7,22,15,20,11,38,49,19,6,6,15,19,26,4,86.6,86.3
2702549,2025-09-26,Cheshire Phoenix,70,24,74,15,43,9,31,13,22,13,32,45,13,12,4,16,27,18,6,86.0,86.3
2702550,2025-09-27,Surrey 89ers,94,33,67,22,43,11,24,17,27,17,28,45,25,5,2,14,16,23,6,77.4,76.0
2702550,2025-09-27,Manchester Basketball,80,29,64,19,38,10,26,12,17,10,23,33,16,9,6,13,23,16,2,74.6,76.0
2702551,2025-09-28,B. Braun Sheffield Sharks,78,23,64,16,40,7,24,25,30,12,32,44,11,8,5,17,22,21,4,81.0,80.6
2702551,2025-09-28,Newcastle Eagles,73,24,66,20,46,4,20,21,30,13,28,41,11,12,4,14,21,21,5,80.2,80.6
2702554,2025-09-28,Bristol Flyers,74,28,69,20,40,8,29,10,18,10,32,42,15,9,1,9,13,14,3,75.9,76.3
2702554,2025-09-28,Leicester Riders,70,24,64,13,33,11,31,11,12,8,34,42,15,5,3,16,14,13,1,76.7,76.3
2702557,2025-09-28,Cheshire Phoenix,108,38,81,20,38,18,43,14,15,18,24,42,25,12,2,12,14,18,3,79.9,79.7
2702557,2025-09-28,Caledonia Gladiators,96,33,64,16,30,17,34,13,18,7,24,31,22,7,3,15,19,13,2,79.4,79.7
2702560,2025-10-04,Surrey 89ers,66,24,70,15,36,9,34,9,17,15,29,44,14,8,3,20,22,19,1,81.8,83.1
2702560,2025-10-04,Bristol Flyers,96,38,81,32,59,6,22,14,23,20,32,52,26,16,1,12,19,22,3,84.3,83.1
2702563,2025-10-05,Manchester Basketball,87,33,78,20,44,13,34,8,16,18,26,44,18,11,4,13,22,15,2,80.7,80.4
2702563,2025-10-05,Leicester Riders,72,23,55,16,29,7,26,19,27,9,32,41,12,12,2,22,16,21,4,80.1,80.4
2702566,2025-10-05,B. Braun Sheffield Sharks,77,28,66,23,43,5,23,16,21,8,30,38,14,7,3,10,11,18,3,76.7,74.9
2702566,2025-10-05,Caledonia Gladiators,71,27,74,20,44,7,30,10,15,19,30,49,13,7,3,12,19,11,3,73.1,74.9
2719734,2025-10-10,Newcastle Eagles,77,23,56,19,43,4,13,27,32,8,15,23,10,10,2,12,19,26,2,73.3,72.3
2719734,2025-10-10,London Lions,82,31,53,25,40,6,13,14,21,9,24,33,18,7,2,18,28,18,2,71.4,72.3
2702572,2025-10-11,Surrey 89ers,85,32,79,26,50,6,29,15,24,20,14,34,14,12,1,10,16,17,1,79.0,78.5
2702572,2025-10-11,Caledonia Gladiators,100,35,55,21,34,14,21,16,19,6,29,35,23,5,1,21,17,16,1,77.9,78.5
2702576,2025-10-12,Cheshire Phoenix,90,33,74,19,35,14,39,10,14,16,21,37,18,10,1,12,18,14,1,76.2,75.3
2702576,2025-10-12,B. Braun Sheffield Sharks,87,32,60,23,37,9,23,14,18,7,28,35,15,3,1,14,14,16,1,74.4,75.3
2702552,2025-10-17,Leicester Riders,91,34,68,23,40,11,28,12,14,9,32,41,28,10,5,17,15,14,2,81.8,81.0
2702552,2025-10-17,Newcastle Eagles,77,30,74,24,54,6,20,11,15,14,26,40,15,11,2,14,14,15,5,80.3,81.0
2702579,2025-10-17,Caledonia Gladiators,91,38,72,29,41,9,31,6,9,9,25,34,19,10,4,15,24,13,3,80.7,79.1
2702579,2025-10-17,Bristol Flyers,93,29,58,17,34,12,24,23,35,10,23,33,21,6,3,13,14,23,4,77.5,79.1
2702558,2025-10-19,Cheshire Phoenix,91,33,64,22,37,11,27,14,19,7,35,42,10,2,4,13,21,19,2,78.1,78.4
2702558,2025-10-19,Newcastle Eagles,85,29,67,22,48,7,19,20,28,8,25,33,15,4,2,7,19,20,4,78.8,78.4
2702616,2025-10-19,London Lions,81,32,68,27,47,5,21,12,17,14,23,37,21,7,4,10,19,13,1,71.7,72.1
2702616,2025-10-19,Caledonia Gladiators,73,26,58,21,39,5,19,16,17,7,25,32,12,5,1,15,13,19,4,72.5,72.1
2702561,2025-10-24,Bristol Flyers,86,31,71,24,45,7,26,17,21,10,29,39,17,8,4,12,22,21,2,81.8,81.9
2702561,2025-10-24,Cheshire Phoenix,95,33,71,20,35,13,36,16,24,13,31,44,20,7,2,13,21,22,4,82.0,81.9
2702564,2025-10-24,Surrey 89ers,78,29,67,20,38,9,29,11,17,11,27,38,21,5,1,9,16,16,2,71.7,71.5
2702564,2025-10-24,Leicester Riders,80,27,58,15,28,12,30,14,15,4,27,31,19,5,2,11,16,16,1,71.3,71.5
2702567,2025-10-26,Manchester Basketball,90,32,71,19,41,13,30,13,17,16,19,35,22,7,1,10,20,14,3,72.6,72.2
2702567,2025-10-26,Surrey 89ers,95,32,62,23,39,9,23,22,27,13,26,39,23,6,3,11,14,20,1,71.8,72.2
2702570,2025-10-26,Caledonia Gladiators,51,18,56,15,40,3,16,12,20,14,17,31,10,4,1,17,13,22,2,67.9,67.2
2702570,2025-10-26,London Lions,96,36,57,22,29,14,28,10,11,4,27,31,30,9,2,9,22,13,1,66.6,67.2
2702573,2025-10-26,Cheshire Phoenix,114,31,64,19,32,12,32,40,49,10,33,43,23,4,1,8,22,31,2,84.3,83.2
2702573,2025-10-26,B. Braun Sheffield Sharks,95,32,65,16,34,16,31,15,21,2,28,30,21,4,2,10,37,21,1,82.2,83.2
2702553,2025-10-31,Newcastle Eagles,83,32,67,27,47,5,20,14,22,8,18,26,19,13,2,11,24,20,3,80.2,77.3
2702553,2025-10-31,Bristol Flyers,87,30,56,23,39,7,17,20,27,11,32,43,16,8,3,17,20,24,2,74.3,77.3
2702575,2025-10-31,Leicester Riders,95,33,68,20,40,13,28,16,23,14,33,47,30,6,2,21,18,22,4,86.0,85.7
2702575,2025-10-31,Cheshire Phoenix,93,30,75,18,36,12,39,21,25,13,26,39,15,15,4,13,22,18,2,85.4,85.7
2702578,2025-10-31,Manchester Basketball,87,33,62,24,39,9,23,12,17,10,22,32,15,7,2,14,19,17,2,73.5,73.5
2702578,2025-10-31,B. Braun Sheffield Sharks,75,26,59,21,41,5,18,18,25,12,21,33,10,9,2,16,17,19,2,73.5,73.5
2702556,2025-11-02,B. Braun Sheffield Sharks,76,28,50,18,27,10,23,10,14,5,24,29,10,6,6,18,17,13,0,69.5,69.5
2702556,2025-11-02,Bristol Flyers,69,25,71,18,47,7,24,12,17,21,20,41,15,8,0,14,13,14,6,69.5,69.5
2702559,2025-11-02,Caledonia Gladiators,74,26,65,19,40,7,25,15,19,16,33,49,19,5,0,19,16,19,5,76.1,75.4
2702559,2025-11-02,Manchester Basketball,62,25,70,21,45,4,25,8,16,14,25,39,13,8,5,12,20,16,0,74.7,75.4
2702562,2025-11-02,London Lions,82,31,63,23,39,8,24,12,16,7,29,36,17,11,4,12,22,17,1,74.6,76.4
2702562,2025-11-02,Leicester Riders,70,28,62,20,35,8,27,6,15,10,25,35,11,5,1,19,17,22,4,78.3,76.4
2702588,2025-11-07,Caledonia Gladiators,65,23,66,16,36,7,30,12,15,9,25,34,16,5,1,9,17,13,2,71.5,70.6
2702588,2025-11-07,B. Braun Sheffield Sharks,73,26,61,22,41,4,20,17,24,13,32,45,16,6,2,11,15,17,1,69.7,70.6
2702565,2025-11-14,Bristol Flyers,103,41,76,25,43,16,33,5,7,11,20,31,29,10,1,9,12,12,4,76.3,76.4
2702565,2025-11-14,Caledonia Gladiators,94,35,62,22,37,13,25,11,13,8,24,32,22,8,4,17,12,12,1,76.5,76.4
2702568,2025-11-14,Newcastle Eagles,95,33,77,18,44,15,33,14,19,12,23,35,21,3,5,7,23,16,7,80.1,79.5
2702568,2025-11-14,B. Braun Sheffield Sharks,99,35,68,26,47,9,21,20,25,12,34,46,24,3,7,12,18,21,5,78.9,79.5
2702571,2025-11-16,B. Braun Sheffield Sharks,98,38,63,23,40,15,23,7,15,8,28,36,24,6,3,12,16,14,3,73.7,74.9
2702571,2025-11-16,Manchester Basketball,79,28,62,17,29,11,33,12,18,9,19,28,19,8,3,15,14,16,3,76.1,74.9
2702574,2025-11-16,Caledonia Gladiators,76,26,63,22,41,4,22,20,23,12,16,28,18,10,0,12,19,19,2,72.3,72.5
2702574,2025-11-16,Surrey 89ers,93,35,68,26,42,9,26,14,20,19,25,44,30,8,2,15,19,19,0,72.6,72.4
2702577,2025-11-16,Cheshire Phoenix,74,26,67,16,35,10,32,12,18,17,21,38,16,5,6,19,28,22,8,75.7,75.1
2702577,2025-11-16,London Lions,89,27,65,18,39,9,26,26,35,20,24,44,18,11,8,14,23,26,6,74.6,75.1
2702580,2025-11-21,Bristol Flyers,68,21,54,13,31,8,23,18,25,10,30,40,14,8,6,15,9,23,3,69.9,70.1
2702580,2025-11-21,London Lions,54,22,67,19,38,3,29,7,8,14,25,39,10,7,3,15,23,9,6,70.2,70.1
2702581,2025-11-21,Leicester Riders,85,30,67,20,38,10,29,15,18,13,29,42,20,3,0,13,7,16,2,74.0,74.2
2702581,2025-11-21,Caledonia Gladiators,79,33,65,26,40,7,25,6,8,5,24,29,21,7,2,11,16,7,0,74.5,74.3
2702582,2025-11-21,Manchester Basketball,97,33,72,26,49,7,23,24,35,15,32,47,17,4,7,9,18,25,3,82.2,82.2
2702582,2025-11-21,Cheshire Phoenix,91,31,78,18,42,13,36,16,21,15,29,44,18,7,3,11,25,18,7,82.2,82.2
2719735,2025-11-21,Newcastle Eagles,92,31,70,19,37,12,33,18,23,9,35,44,26,3,2,9,21,18,2,80.4,82.6
2719735,2025-11-21,Surrey 89ers,89,32,73,23,50,9,23,16,28,11,34,45,26,6,2,10,19,21,2,84.8,82.6
2702583,2025-11-23,London Lions,95,33,64,21,42,12,22,17,22,12,31,43,24,10,1,17,24,19,3,78.6,78.7
2702583,2025-11-23,Newcastle Eagles,82,25,60,14,33,11,27,21,25,4,21,25,19,9,3,12,19,24,1,78.7,78.7
2702584,2025-11-23,Cheshire Phoenix,111,39,72,19,29,20,43,13,21,10,29,39,29,10,3,12,17,18,3,83.2,81.7
2702584,2025-11-23,Bristol Flyers,84,29,70,20,42,9,28,17,20,13,25,38,20,6,3,15,18,16,3,80.2,81.7
2702586,2025-12-04,Surrey 89ers,79,31,70,26,44,5,26,12,15,16,28,44,12,7,6,22,21,19,3,81.9,80.7
2702586,2025-12-04,Cheshire Phoenix,86,31,72,21,35,10,37,14,20,15,24,39,18,14,3,14,19,21,6,79.5,80.7
2702585,2025-12-05,B. Braun Sheffield Sharks,68,26,57,24,44,2,13,14,24,9,34,43,15,4,7,16,18,19,4,75.3,74.6
2702585,2025-12-05,Newcastle Eagles,80,29,77,21,47,8,30,14,17,16,27,43,12,8,4,6,19,18,7,74.0,74.7
2702587,2025-12-05,Bristol Flyers,78,32,69,23,42,9,27,5,14,8,31,39,21,6,2,12,20,12,3,79.0,79.3
2702587,2025-12-05,Manchester Basketball,84,27,67,13,41,14,26,16,26,12,31,43,19,7,3,13,12,20,2,79.5,79.3
2702589,2025-12-07,Cheshire Phoenix,88,37,75,26,42,11,33,3,6,10,24,34,16,8,3,15,18,12,6,82.5,80.9
2702589,2025-12-07,Leicester Riders,89,32,68,24,44,8,24,17,21,12,30,42,25,9,6,15,13,17,3,79.4,80.9
2702590,2025-12-19,Bristol Flyers,87,33,69,26,45,7,24,14,19,14,34,48,21,6,5,12,16,17,3,75.5,76.1
2702590,2025-12-19,Caledonia Gladiators,67,24,71,18,44,6,27,13,15,13,25,38,15,9,3,13,17,16,5,76.7,76.1
2702591,2025-12-19,London Lions,74,25,65,14,42,11,23,13,22,12,24,36,18,6,3,11,19,15,1,74.0,73.8
2702591,2025-12-19,Manchester Basketball,91,33,64,21,39,12,25,13,18,8,32,40,20,11,1,10,15,19,3,73.6,73.8
2702594,2025-12-19,Newcastle Eagles,98,36,74,21,38,15,36,11,14,7,29,36,24,7,5,10,26,15,3,82.7,80.5
2702594,2025-12-19,Leicester Riders,85,26,65,19,41,7,24,26,31,12,31,43,15,6,3,12,15,25,5,78.4,80.6
2702597,2025-12-19,Surrey 89ers,79,32,75,27,52,5,23,10,18,17,26,43,28,3,6,11,17,15,6,76.1,76.2
2702597,2025-12-19,Cheshire Phoenix,101,39,79,28,46,11,33,12,15,16,27,43,26,6,6,7,15,17,6,76.3,76.2
2702600,2025-12-21,Manchester Basketball,94,37,70,33,56,4,14,16,25,11,32,43,25,8,6,11,19,17,4,82.0,82.3
2702600,2025-12-21,Surrey 89ers,80,31,85,27,67,4,18,14,19,21,28,49,16,8,4,12,17,17,6,82.5,82.3
2702603,2025-12-21,Caledonia Gladiators,74,32,72,23,42,9,30,1,5,12,29,41,20,6,4,12,18,16,1,74.0,73.9
2702603,2025-12-21,London Lions,82,29,69,18,37,11,32,13,16,13,30,43,22,8,1,11,16,18,4,73.8,73.9
2702606,2025-12-27,Leicester Riders,75,23,57,13,29,10,28,19,28,9,19,28,7,10,3,11,16,22,2,71.5,71.0
2702606,2025-12-27,London Lions,83,31,56,23,32,8,24,13,14,5,28,33,22,5,2,14,22,16,3,70.6,71.0
2702609,2025-12-28,Bristol Flyers,86,32,81,23,49,9,32,13,26,22,26,48,19,10,4,12,21,19,7,82.3,73.1
2702609,2025-12-28,Surrey 89ers,87,33,65,27,48,6,17,15,26,11,30,41,15,6,7,16,19,20,4,82.3,73.1
2702611,2025-12-28,Newcastle Eagles,79,28,72,18,37,10,35,13,18,9,24,33,14,12,2,15,18,16,1,85.1,84.8
2702611,2025-12-28,Caledonia Gladiators,87,31,68,24,48,7,20,18,26,16,34,50,25,9,1,21,16,18,2,84.6,84.8
2702615,2025-12-28,Cheshire Phoenix,116,44,84,27,46,17,38,11,16,18,32,50,21,5,2,12,16,13,2,84.2,82.3
2702615,2025-12-28,Manchester Basketball,90,34,78,23,46,11,32,11,12,12,23,35,27,6,2,10,15,15,2,80.4,82.3
2702618,2025-12-30,Caledonia Gladiators,75,30,89,22,69,8,20,7,10,24,25,49,17,5,1,8,15,12,6,75.7,76.3
2702618,2025-12-30,Manchester Basketball,88,35,71,26,46,9,25,9,11,10,35,45,23,1,6,12,12,15,1,76.8,76.3
2702592,2025-12-30,B. Braun Sheffield Sharks,101,38,74,28,54,10,20,15,25,13,40,53,25,2,10,15,21,26,5,87.8,89.2
2702592,2025-12-30,Cheshire Phoenix,97,32,85,15,39,17,46,16,24,13,28,41,19,9,5,9,26,19,10,90.7,89.2
2702595,2025-12-30,Leicester Riders,85,31,68,20,44,11,24,12,15,15,32,47,17,8,4,16,12,11,2,75.8,76.5
2702595,2025-12-30,Bristol Flyers,73,27,70,17,39,10,31,9,15,13,25,38,17,12,2,14,11,12,4,77.3,76.5
2702598,2025-12-30,Surrey 89ers,82,35,81,31,65,4,16,8,15,14,32,46,24,8,0,7,27,19,3,80.8,81.4
2702598,2025-12-30,Newcastle Eagles,88,29,64,19,38,10,26,20,29,7,36,43,20,4,3,12,19,27,0,82.0,81.4
2792599,2026-01-04,B. Braun Sheffield Sharks,88,28,76,22,54,6,22,26,34,26,21,47,18,6,1,11,15,26,5,74.7,75.6
2792599,2026-01-04,Surrey 89ers,94,32,58,21,32,11,26,19,23,8,23,31,26,7,5,16,27,15,1,76.4,75.6
2702601,2026-01-09,Manchester Basketball,84,29,74,18,41,11,33,15,18,11,26,37,18,2,4,12,19,14,2,81.9,82.0
2702601,2026-01-09,B. Braun Sheffield Sharks,106,42,71,29,45,13,26,9,16,9,33,42,28,9,2,12,17,19,4,82.1,82.0
2702604,2026-01-09,Newcastle Eagles,50,17,58,14,35,3,23,13,18,8,18,26,9,4,2,11,19,19,2,69.1,68.9
2702604,2026-01-09,London Lions,76,28,58,21,37,7,21,13,17,12,37,49,19,5,2,16,19,19,2,68.6,68.9
2714364,2026-01-09,Surrey 89ers,93,33,66,19,40,14,26,13,18,9,34,43,23,5,2,13,15,18,4,78.1,78.0
2714364,2026-01-09,Bristol Flyers,80,28,69,20,44,8,25,16,24,11,27,38,20,9,4,9,18,15,2,77.8,78.0
2702608,2026-01-11,Leicester Riders,102,35,69,22,40,13,29,19,19,12,29,41,24,4,5,12,17,20,0,76.5,78.5
2702608,2026-01-11,Manchester Basketball,95,34,71,23,40,11,31,16,22,10,22,32,20,4,0,10,20,17,5,80.5,78.5
2702610,2026-01-11,Caledonia Gladiators,73,27,73,23,50,4,23,15,19,14,24,38,8,11,3,9,15,14,2,76.3,76.6
2702610,2026-01-11,Surrey 89ers,86,35,68,28,47,7,21,9,12,10,35,45,19,7,2,14,14,15,3,76.9,76.6
2702614,2026-01-11,Cheshire Phoenix,101,35,67,26,45,9,22,22,29,8,35,43,19,6,3,15,26,24,2,87.4,87.1
2702614,2026-01-11,Newcastle Eagles,98,32,75,22,44,10,31,24,28,9,29,38,12,7,2,9,25,26,3,86.9,87.1
2702593,2026-01-16,Surrey 89ers,88,28,56,18,30,10,26,22,29,8,33,41,24,10,4,19,17,20,3,79.8,80.8
2702593,2026-01-16,B. Braun Sheffield Sharks,77,30,71,24,49,6,22,11,21,13,22,35,18,11,3,14,21,17,4,81.8,80.8
2702619,2026-01-16,Newcastle Eagles,83,31,75,13,35,18,40,3,6,6,27,33,24,6,6,13,15,10,3,84.1,73.9
2702619,2026-01-16,Bristol Flyers,85,36,74,31,57,5,17,8,13,12,37,49,20,6,3,15,10,14,6,82.2,73.9
2702596,2026-01-18,Bristol Flyers,79,26,58,16,34,10,24,17,23,11,23,34,15,5,6,12,22,15,2,69.0,69.6
2702596,2026-01-18,Leicester Riders,84,26,64,14,33,12,31,20,26,17,23,40,18,7,2,12,15,22,6,70.2,69.6
2702599,2026-01-18,Manchester Basketball,102,33,63,26,38,7,25,29,34,9,30,39,18,4,5,7,20,26,1,76.5,77.0
2702599,2026-01-18,Newcastle Eagles,98,31,63,15,30,16,33,20,24,3,25,28,17,2,1,7,27,19,5,77.4,77.0
2702602,2026-01-18,B. Braun Sheffield Sharks,83,26,61,11,31,15,30,16,20,8,26,34,20,4,2,12,20,19,1,73.5,73.0
2702602,2026-01-18,London Lions,92,34,68,26,45,8,23,16,20,9,28,37,14,5,1,5,19,20,2,72.4,73.0
2702605,2026-01-18,Cheshire Phoenix,100,36,71,25,35,11,36,17,21,9,26,35,19,12,3,13,16,19,2,83.6,84.2
2702605,2026-01-18,Surrey 89ers,90,36,73,28,49,8,24,10,15,11,26,37,20,2,2,17,20,14,3,84.8,84.2
2778589,2026-01-23,Leicester Riders,94,33,65,20,38,13,27,15,20,8,22,30,24,6,0,11,21,18,2,76.5,77.5
2778589,2026-01-23,Surrey 89ers,102,36,62,30,43,6,19,24,30,7,25,32,28,5,2,10,18,20,0,78.5,77.5
2787330,2026-01-23,Newcastle Eagles,68,20,52,13,32,7,20,21,30,7,18,25,12,11,2,15,21,20,0,73.4,74.8
2787330,2026-01-23,London Lions,94,33,60,25,44,8,16,20,20,9,28,37,18,10,0,17,21,20,2,76.2,74.8
2704989,2025-12-12,Newcastle Eagles,94,30,63,18,33,12,30,22,26,5,29,34,22,1,8,12,15,23,3,81.7,80.9
2704989,2025-12-12,B. Braun Sheffield Sharks,89,34,75,28,55,6,20,15,19,14,32,46,17,8,3,11,25,15,8,80.1,80.9
2714367,2025-12-14,B. Braun Sheffield Sharks,90,36,69,32,49,4,20,14,19,11,26,37,25,8,4,9,16,12,2,75.6,74.8
2714367,2025-12-14,Caledonia Gladiators,79,28,62,17,27,11,35,12,17,8,25,33,20,3,2,13,13,16,4,73.9,74.7
2704988,2025-12-14,Leicester Riders,111,38,77,25,45,13,32,22,27,10,35,45,28,6,3,13,9,22,5,90.9,80.8
2704988,2025-12-14,Manchester Basketball,108,45,87,30,53,15,34,3,7,9,28,37,28,10,5,10,22,9,3,90.9,80.8
2714366,2025-12-12,Bristol Flyers,62,21,52,13,31,8,21,12,23,9,21,30,18,8,0,17,21,22,3,70.3,69.1
2714366,2025-12-12,London Lions,71,23,49,17,31,6,18,19,23,6,25,31,19,9,3,15,22,21,0,67.9,69.1
2767732,2025-12-14,London Lions,87,32,61,22,39,10,22,13,22,11,19,30,20,5,1,15,24,21,1,75.9,74.8
2767732,2025-12-14,Surrey 89ers,83,28,57,19,31,9,26,18,26,10,24,34,22,11,1,16,21,24,1,73.7,74.8
2791769,2026-01-02,Newcastle Eagles,100,36,65,23,37,13,28,15,23,5,31,36,27,7,4,16,25,22,5,86.3,86.8
2791769,2026-01-02,Cheshire Phoenix,89,31,68,24,41,7,27,20,30,9,27,36,19,8,5,15,22,25,4,87.3,86.8
2792598,2026-01-02,London Lions,77,26,62,13,29,13,33,12,17,17,25,42,13,8,3,17,24,20,2,69.2,69.3
2792598,2026-01-02,Bristol Flyers,58,19,57,14,32,5,25,15,25,14,21,35,16,9,2,16,20,24,3,69.4,69.3
2792597,2026-01-04,Bristol Flyers,76,23,59,16,35,7,24,23,31,11,26,37,19,13,2,14,20,24,2,75.5,75.2
2792597,2026-01-04,London Lions,77,27,58,18,33,9,25,14,20,8,27,35,16,7,2,16,27,20,2,75.0,75.2
2791770,2026-01-04,Cheshire Phoenix,112,32,83,21,48,11,35,37,46,20,25,45,14,10,1,7,28,27,3,89.3,90.4
2791770,2026-01-04,Newcastle Eagles,105,36,62,28,39,8,23,25,33,3,32,35,14,4,3,18,27,28,1,91.5,90.4
